Time,Step,EN+1.电压,EN+1.电流,EN+1.功率,EN+2.电压,EN+2.电流,EN+2.功率,{陪测A}EN+1.电压,{陪测A}EN+1.电流,{陪测A}EN+1.功率,{陪测A}EN+2.电压,{陪测A}EN+2.电流,{陪测A}EN+2.功率,485-1_环境温度,485-1_PV温度,485-1_PCS温度,485-1_PV1电压,485-1_PV1-B电流,485-1_PV2电压,485-1_PV2-B电流,485-1_PV3电压,485-1_PV3-B电流,485-1_PV4电压,485-1_PV4-B电流,485-1_PV1深度电流,485-1_PV2深度电流,485-1_PV3深度电流,485-1_PV4深度电流,485-1_PV1深度电流1,485-1_PV2深度电流1,485-1_PV3深度电流1,485-1_PV4深度电流1,485-1_电网电压A,485-1_电网电压B,485-1_电网电压C,485-1_逆变电流A,485-1_逆变电流B,485-1_逆变电流C,485-1_电网主故障码1,485-1_电网主故障码2,485-1_系统主故障码1,485-1_系统主故障码2,485-1_设备主故障码1,485-1_设备主故障码2,485-1_DC/母线主故障码1,485-1_PV侧故障1,485-1_PV侧故障2,485-1_电池主故障码1,485-1_电池主故障码2,485-1_电池主故障码3,485-1_内部故障主故障码1,485-1_内部故障主故障码2,485-1_内部故障主故障码3,485-1_内部故障主故障码4,485-1_告警信息1,判断功率,BAT功率,Result
7时51分58秒,36/79 开始采集,599.8,0.03,15.81,599.79,0.05,31.63,599.88,0.03,15.82,599.77,0.04,26.94,25,24.8,25.1,598.6,0,599.3,0,600.1,0,600.1,51.4,0,0,0,0,0,0,0,0,231.6,232.2,230.9,0,0,0,1,0,0,0,0,0,0,0,0,0,0,0,0,0,0,0,0,25,0,OK
7时51分58秒,36/79 开始采集,599.8,0.03,15.81,599.79,0.05,31.63,599.88,0.03,15.82,599.77,0.04,26.94,25,24.8,25.1,598.6,0,599.3,0,600.1,0,600.1,51.4,0,0,0,0,0,0,0,0,231.6,232.2,230.9,0,0,0,1,0,0,0,0,0,0,0,0,0,0,0,0,0,0,0,0,25,0,OK
7时52分03秒,36/79 开始采集,599.8,0.03,15.81,599.79,0.05,31.63,599.88,0.03,15.82,599.77,0.04,26.94,25,24.8,25.1,598.6,0,599.4,0,600.1,0,600.2,51.4,0,0,0,0,0,0,0,0,231.6,232.1,231,0,0,0,1,0,0,0,0,0,0,0,0,0,0,0,0,0,0,0,0,25,0,OK
7时52分03秒,36/79 开始采集,599.8,0.03,15.81,599.79,0.05,31.63,599.88,0.03,15.82,599.77,0.04,26.94,25,24.8,25.1,598.6,0,599.4,0,600.1,0,600.2,51.4,0,0,0,0,0,0,0,0,231.6,232.1,231,0,0,0,1,0,0,0,0,0,0,0,0,0,0,0,0,0,0,0,0,25,0,OK
7时52分08秒,36/79 开始采集,599.8,0.03,15.81,599.79,0.05,31.63,599.88,0.03,15.82,599.77,0.04,26.94,25,24.8,25.1,598.6,0,599.4,0,600.1,0,600.2,51.4,0,0,0,0,0,0,0,0,231.6,232.1,231,0,0,0,1,0,0,0,0,0,0,0,0,0,0,0,0,0,0,0,0,25,0,OK
7时52分08秒,36/79 开始采集,599.8,0.03,15.81,599.79,0.05,31.63,599.88,0.03,15.82,599.77,0.04,26.94,25,24.8,25.1,598.6,0,599.4,0,600.1,0,600.2,51.4,0,0,0,0,0,0,0,0,231.6,232.1,231,0,0,0,1,0,0,0,0,0,0,0,0,0,0,0,0,0,0,0,0,25,0,OK
7时52分13秒,43/79 Modbus写入,599.8,0.03,15.81,599.79,0.05,31.63,599.88,0.03,15.82,599.77,0.03,15.81,26,24.8,25.1,598.6,0,599.4,0,600.2,0,600.3,51.4,0,0,0,0,0,0,0,0,231.8,232.3,231.2,0,0,0,1,0,0,0,0,0,0,0,0,0,0,0,0,0,0,0,0,26,0,OK
7时52分18秒,43/79 Modbus写入,599.8,0.03,15.81,599.79,0.05,31.63,599.88,0.03,15.82,599.77,0.03,15.81,26,24.8,25.1,598.6,0,599.4,0,600.2,0,600.3,51.4,0,0,0,0,0,0,0,0,231.8,232.3,231.2,0,0,0,1,0,0,0,0,0,0,0,0,0,0,0,0,0,0,0,0,26,0,OK
7时52分23秒,44/79 静置,599.8,0.03,15.81,599.79,0.05,31.63,599.88,0.03,15.82,599.77,0.03,15.81,26,24.8,25.1,598.7,0,599.4,0,600.2,0,600.3,51.4,0,0,0,0,0,0,0,0,231.8,232.3,231.2,0,0,0,1,0,0,0,0,0,0,0,0,0,0,0,0,0,0,0,0,26,0,OK
7时52分28秒,44/79 静置,599.8,0.03,15.81,599.79,0.05,31.63,599.88,0.03,15.82,599.77,0.03,15.81,26,24.8,25.1,598.7,0,599.4,0,600.2,0,600.3,51.4,0,0,0,0,0,0,0,0,231.8,232.3,231.2,0,0,0,1,0,0,0,0,0,0,0,0,0,0,0,0,0,0,0,0,26,0,OK
7时52分33秒,44/79 静置,599.8,0.03,15.81,599.79,0.05,31.63,600.97,0.03,17.02,599.23,0.03,17.56,26,24.8,25.1,598.8,-0.4,599.4,-0.5,600.3,0,600.4,51.4,0,0,0,0,0,0,0,0,231.6,232.3,231.1,0,0,0,0,0,0,0,0,0,0,0,0,0,0,0,0,0,0,0,0,26,0,OK
7时52分38秒,44/79 静置,599.8,0.03,15.81,599.79,0.05,31.63,600.97,0.03,17.02,599.23,0.03,17.56,26,24.8,25.1,598.8,-0.4,599.4,-0.5,600.3,0,600.4,51.4,0,0,0,0,0,0,0,0,231.6,232.3,231.1,0,0,0,0,0,0,0,0,0,0,0,0,0,0,0,0,0,0,0,0,26,0,OK
7时52分43秒,44/79 静置,599.52,0.03,17.56,599.79,0.04,26.94,599.88,0.03,17.57,599.77,0.03,15.81,26,24.8,25.1,598.9,-0.6,599.4,-0.5,600.3,0,600.4,51.4,0,0,0,0,0,0,0,0,231.7,232.3,231.2,0,0,0,0,0,0,0,0,0,0,0,0,0,0,0,0,0,0,0,0,26,0,OK
7时52分48秒,44/79 静置,599.52,0.03,17.56,599.79,0.04,26.94,599.88,0.03,17.57,599.77,0.03,15.81,26,24.8,25.1,598.9,-0.6,599.4,-0.5,600.3,0,600.4,51.4,0,0,0,0,0,0,0,0,231.7,232.3,231.2,0,0,0,0,0,0,0,0,0,0,0,0,0,0,0,0,0,0,0,0,26,0,OK
7时52分53秒,44/79 静置,604.73,0.07,43.11,604.44,0.08,50.17,598.24,0.06,36.81,602.24,0.07,39.4,26,24.9,25.1,599.2,-0.5,599.7,-0.5,600.4,0,600.5,51.4,0,0,0,0,0,0,0,0,231.9,232.4,231.4,1.1,1.1,1.1,0,0,0,0,0,0,0,0,0,0,0,0,0,0,0,0,0,26,0,OK
7时52分58秒,44/79 静置,604.73,0.07,43.11,604.44,0.08,50.17,598.24,0.06,36.81,602.24,0.07,39.4,26,24.9,25.1,599.2,-0.5,599.7,-0.5,600.4,0,600.5,51.4,0,0,0,0,0,0,0,0,231.9,232.4,231.4,1.1,1.1,1.1,0,0,0,0,0,0,0,0,0,0,0,0,0,0,0,0,0,26,0,OK
7时53分03秒,44/79 静置,597.61,0.07,43.19,603.89,0.09,52.49,603.16,0.04,25.33,601.14,0.06,33.46,27,24.9,25.2,599.5,0,599.8,0,600.4,0,600.5,51.4,0,0,0,0,0,0,0,0,231.8,232.3,231.3,0,0,0,0,0,0,0,0,0,0,0,0,0,0,0,0,0,0,0,0,27,0,OK
7时53分08秒,44/79 静置,597.61,0.07,43.19,603.89,0.09,52.49,603.16,0.04,25.33,601.14,0.06,33.46,27,24.9,25.2,599.5,0,599.8,0,600.4,0,600.5,51.4,0,0,0,0,0,0,0,0,231.8,232.3,231.3,0,0,0,0,0,0,0,0,0,0,0,0,0,0,0,0,0,0,0,0,27,0,OK
7时53分13秒,44/79 静置,598.43,0.42,251.29,600.34,0.47,282,599.88,0.16,96.66,599.77,0.19,113.04,27,25,25.4,598.6,-0.3,599.1,-0.4,600,0,600.2,51.4,0.4,0.4,0.2,0.2,0.4,0.4,0.2,0.2,231.8,232.4,231.3,1.9,1.9,2,0,0,0,0,0,0,0,0,0,0,0,0,0,0,0,0,0,27,0,OK
7时53分18秒,44/79 静置,598.43,0.42,251.29,600.34,0.47,282,599.88,0.16,96.66,599.77,0.19,113.04,27,25,25.4,598.6,-0.3,599.1,-0.4,600,0,600.2,51.4,0.4,0.4,0.2,0.2,0.4,0.4,0.2,0.2,231.8,232.4,231.3,1.9,1.9,2,0,0,0,0,0,0,0,0,0,0,0,0,0,0,0,0,0,27,0,OK
7时53分23秒,44/79 静置,599.8,0.79,476.79,599.79,0.85,509,599.61,0.42,251.79,600.05,0.42,251.97,27,25.1,25.6,598.6,-0.1,599.1,-0.2,599.9,0,600.2,51.4,0.8,0.8,0.3,0.3,0.8,0.8,0.3,0.3,231.7,232.3,231.2,2.5,2.5,2.6,0,0,0,0,0,0,0,0,0,0,0,0,0,0,0,0,0,27,0,OK
7时53分28秒,44/79 静置,599.8,0.79,476.79,599.79,0.85,509,599.61,0.42,251.79,600.05,0.42,251.97,27,25.1,25.6,598.6,-0.1,599.1,-0.2,599.9,0,600.2,51.4,0.8,0.8,0.3,0.3,0.8,0.8,0.3,0.3,231.7,232.3,231.2,2.5,2.5,2.6,0,0,0,0,0,0,0,0,0,0,0,0,0,0,0,0,0,27,0,OK
7时53分33秒,44/79 静置,599.8,1.17,703.47,600.34,1.22,734.59,599.88,0.59,353.84,599.77,0.62,369.59,27,25.1,25.8,598.6,0,598.9,0,600,0,600.2,51.4,1.1,1.1,0.5,0.5,1.1,1.1,0.5,0.5,231.6,232.2,231.2,3.3,3.2,3.3,0,0,0,0,0,0,0,0,0,0,0,0,0,0,0,0,0,27,0,OK
7时53分38秒,44/79 静置,599.8,1.17,703.47,600.34,1.22,734.59,599.88,0.59,353.84,599.77,0.62,369.59,27,25.1,25.8,598.6,0,598.9,0,600,0,600.2,51.4,1.1,1.1,0.5,0.5,1.1,1.1,0.5,0.5,231.6,232.2,231.2,3.3,3.2,3.3,0,0,0,0,0,0,0,0,0,0,0,0,0,0,0,0,0,27,0,OK
7时53分43秒,44/79 静置,596.78,1.57,938.3,596.79,1.6,954.04,599.88,0.79,476.86,599.77,0.79,476.77,27,25.2,26,595.6,0.1,595.9,0.1,600,0,600,51.4,1.5,1.5,0.7,0.7,1.5,1.5,0.7,0.7,231.7,232.2,231.3,4.2,4.1,4.2,0,0,0,0,0,0,0,0,0,0,0,0,0,0,0,0,0,27,0,OK
7时53分48秒,44/79 静置,596.78,1.57,938.3,596.79,1.6,954.04,599.88,0.79,476.86,599.77,0.79,476.77,27,25.2,26,595.6,0.1,595.9,0.1,600,0,600,51.4,1.5,1.5,0.7,0.7,1.5,1.5,0.7,0.7,231.7,232.2,231.3,4.2,4.1,4.2,0,0,0,0,0,0,0,0,0,0,0,0,0,0,0,0,0,27,0,OK
7时53分53秒,44/79 静置,595.96,1.95,1162.82,595.96,2,1191.35,599.88,0.97,584.06,599.77,0.99,594.5,27,25.4,26.2,594.8,0.2,595.1,0.3,599.9,0,600,51.4,1.9,1.9,0.9,0.9,1.9,1.9,0.9,0.9,231.4,231.9,231,5,5,5,0,0,0,0,0,0,0,0,0,0,0,0,0,0,0,0,0,27,0,OK
7时53分58秒,44/79 静置,595.96,1.95,1162.82,595.96,2,1191.35,599.88,0.97,584.06,599.77,0.99,594.5,27,25.4,26.2,594.8,0.2,595.1,0.3,599.9,0,600,51.4,1.9,1.9,0.9,0.9,1.9,1.9,0.9,0.9,231.4,231.9,231,5,5,5,0,0,0,0,0,0,0,0,0,0,0,0,0,0,0,0,0,27,0,OK
7时54分03秒,44/79 静置,595.41,2.35,1400.73,595.15,2.38,1417.54,594.96,1.16,690.83,594.84,1.19,708.7,27,25.5,26.4,594,0.5,594.3,0.4,595.8,0,595.1,51.4,2.3,2.3,1.1,1.1,2.3,2.3,1.1,1.1,232,232.5,231.4,6,5.9,6,0,0,0,0,0,0,0,0,0,0,0,0,0,0,0,0,0,27,0,OK
7时54分08秒,44/79 静置,595.41,2.35,1400.73,595.15,2.38,1417.54,594.96,1.16,690.83,594.84,1.19,708.7,27,25.5,26.4,594,0.5,594.3,0.4,595.8,0,595.1,51.4,2.3,2.3,1.1,1.1,2.3,2.3,1.1,1.1,232,232.5,231.4,6,5.9,6,0,0,0,0,0,0,0,0,0,0,0,0,0,0,0,0,0,27,0,OK
7时54分13秒,44/79 静置,594.32,2.74,1625.67,594.6,2.77,1646.18,594.14,1.37,811.72,594.02,1.37,816.2,27,25.7,26.7,593.3,0.6,593.6,0.6,594,0,594.3,51.4,2.7,2.7,1.3,1.3,2.7,2.7,1.3,1.3,232,232.7,231.5,6.9,6.8,6.9,0,0,0,0,0,0,0,0,0,0,0,0,0,0,0,0,0,27,0,OK
7时54分18秒,44/79 静置,594.32,2.74,1625.67,594.6,2.77,1646.18,594.14,1.37,811.72,594.02,1.37,816.2,27,25.7,26.7,593.3,0.6,593.6,0.6,594,0,594.3,51.4,2.7,2.7,1.3,1.3,2.7,2.7,1.3,1.3,232,232.7,231.5,6.9,6.8,6.9,0,0,0,0,0,0,0,0,0,0,0,0,0,0,0,0,0,27,0,OK
7时54分23秒,44/79 静置,593.77,3.13,1859.01,593.78,3.16,1875.27,593.32,1.56,927.64,593.2,1.57,932.67,28,25.9,26.9,592.5,0.7,592.9,0.9,593.3,0,593.4,51.4,3,3,1.5,1.5,3,3,1.5,1.5,231.4,232.1,230.9,7.9,7.7,7.8,0,0,0,0,0,0,0,0,0,0,0,0,0,0,0,0,0,28,0,OK
7时54分28秒,44/79 静置,593.77,3.13,1859.01,593.78,3.16,1875.27,593.32,1.56,927.64,593.2,1.57,932.67,28,25.9,26.9,592.5,0.7,592.9,0.9,593.3,0,593.4,51.4,3,3,1.5,1.5,3,3,1.5,1.5,231.4,232.1,230.9,7.9,7.7,7.8,0,0,0,0,0,0,0,0,0,0,0,0,0,0,0,0,0,28,0,OK
7时54分33秒,44/79 静置,592.95,3.51,2082.85,592.96,3.55,2104.31,592.5,1.77,1047.87,592.38,1.78,1052.86,28,26.1,27.2,591.8,1,592.1,0.9,592.4,0,592.6,51.4,3.4,3.4,1.7,1.7,3.4,3.4,1.7,1.7,231.6,232.3,231.1,8.8,8.6,8.8,0,0,0,0,0,0,0,0,0,0,0,0,0,0,0,0,0,28,0,OK
7时54分38秒,44/79 静置,592.95,3.51,2082.85,592.96,3.55,2104.31,592.5,1.77,1047.87,592.38,1.78,1052.86,28,26.1,27.2,591.8,1,592.1,0.9,592.4,0,592.6,51.4,3.4,3.4,1.7,1.7,3.4,3.4,1.7,1.7,231.6,232.3,231.1,8.8,8.6,8.8,0,0,0,0,0,0,0,0,0,0,0,0,0,0,0,0,0,28,0,OK
7时54分43秒,44/79 静置,592.4,3.91,2316.96,592.14,3.95,2337.91,591.68,1.96,1162.55,591.56,1.97,1167.51,28,26.3,27.4,590.9,1.2,591.3,1.1,591.6,0,591.8,51.4,3.8,3.8,1.9,1.9,3.8,3.8,1.9,1.9,231.6,232.4,231.1,9.7,9.6,9.7,0,0,0,0,0,0,0,0,0,0,0,0,0,0,0,0,0,28,0,OK
7时54分48秒,44/79 静置,592.4,3.91,2316.96,592.14,3.95,2337.91,591.68,1.96,1162.55,591.56,1.97,1167.51,28,26.3,27.4,590.9,1.2,591.3,1.1,591.6,0,591.8,51.4,3.8,3.8,1.9,1.9,3.8,3.8,1.9,1.9,231.6,232.4,231.1,9.7,9.6,9.7,0,0,0,0,0,0,0,0,0,0,0,0,0,0,0,0,0,28,0,OK
7时54分53秒,44/79 静置,591.58,4.32,2555.22,591.32,4.34,2564.5,590.86,2.16,1277.5,590.73,2.18,1287.04,28,26.6,27.7,590.1,1.3,590.7,1.3,590.8,0,591,51.4,4.2,4.2,2.1,2.1,4.2,4.2,2.1,2.1,231.6,232.3,231.1,10.7,10.5,10.7,0,0,0,0,0,0,0,0,0,0,0,0,0,0,0,0,0,28,0,OK
7时54分58秒,44/79 静置,591.58,4.32,2555.22,591.32,4.34,2564.5,590.86,2.16,1277.5,590.73,2.18,1287.04,28,26.6,27.7,590.1,1.3,590.7,1.3,590.8,0,591,51.4,4.2,4.2,2.1,2.1,4.2,4.2,2.1,2.1,231.6,232.3,231.1,10.7,10.5,10.7,0,0,0,0,0,0,0,0,0,0,0,0,0,0,0,0,0,28,0,OK
7时55分04秒,44/79 静置,590.76,4.71,2780.13,590.77,4.73,2794.05,589.76,2.34,1379.95,589.91,2.37,1398.16,28,26.8,28.1,589.4,1.4,589.9,1.6,590,0,590.2,51.4,4.6,4.6,2.3,2.3,4.6,4.6,2.3,2.3,231.6,232.3,231.1,11.7,11.5,11.6,0,0,0,0,0,0,0,0,0,0,0,0,0,0,0,0,0,28,0,OK
7时55分09秒,44/79 静置,590.76,4.71,2780.13,590.77,4.73,2794.05,589.76,2.34,1379.95,589.91,2.37,1398.16,28,26.8,28.1,589.4,1.4,589.9,1.6,590,0,590.2,51.4,4.6,4.6,2.3,2.3,4.6,4.6,2.3,2.3,231.6,232.3,231.1,11.7,11.5,11.6,0,0,0,0,0,0,0,0,0,0,0,0,0,0,0,0,0,28,0,OK
7时55分14秒,44/79 静置,589.93,5.11,3012.46,590.23,5.13,3029.52,589.49,2.55,1503.66,589.09,2.57,1513,28,27.2,28.4,588.5,1.7,589.1,1.7,589.1,0,589.3,51.4,5,5,2.5,2.5,5,5,2.5,2.5,231.6,232.3,231.1,12.6,12.4,12.6,0,0,0,0,0,0,0,0,0,0,0,0,0,0,0,0,0,28,0,OK
7时55分19秒,44/79 静置,589.93,5.11,3012.46,590.23,5.13,3029.52,589.49,2.55,1503.66,589.09,2.57,1513,28,27.2,28.4,588.5,1.7,589.1,1.7,589.1,0,589.3,51.4,5,5,2.5,2.5,5,5,2.5,2.5,231.6,232.3,231.1,12.6,12.4,12.6,0,0,0,0,0,0,0,0,0,0,0,0,0,0,0,0,0,28,0,OK
7时55分24秒,44/79 静置,589.39,5.5,3242.77,589.41,5.53,3258.42,588.12,2.74,1612.17,588,2.76,1624.45,28,27.4,28.8,587.8,2,588.3,1.8,588.3,0,588.5,51.4,5.4,5.4,2.6,2.7,5.4,5.4,2.6,2.7,231.5,232.3,231.2,13.6,13.4,13.5,0,0,0,0,0,0,0,0,0,0,0,0,0,0,0,0,0,28,0,OK
7时55分29秒,44/79 静置,589.39,5.5,3242.77,589.41,5.53,3258.42,588.12,2.74,1612.17,588,2.76,1624.45,28,27.4,28.8,587.8,2,588.3,1.8,588.3,0,588.5,51.4,5.4,5.4,2.6,2.7,5.4,5.4,2.6,2.7,231.5,232.3,231.2,13.6,13.4,13.5,0,0,0,0,0,0,0,0,0,0,0,0,0,0,0,0,0,28,0,OK
7时55分34秒,44/79 静置,588.56,5.91,3480.81,588.31,5.93,3490.23,587.58,2.95,1731.75,587.45,2.96,1736.53,28,27.7,29.2,587,2,587.6,2.1,587.5,0,587.6,51.4,5.8,5.8,2.8,2.9,5.8,5.8,2.8,2.9,231.5,232.3,231.3,14.5,14.3,14.5,0,0,0,0,0,0,0,0,0,0,0,0,0,0,0,0,0,28,0,OK
7时55分39秒,44/79 静置,588.56,5.91,3480.81,588.31,5.93,3490.23,587.58,2.95,1731.75,587.45,2.96,1736.53,28,27.7,29.2,587,2,587.6,2.1,587.5,0,587.6,51.4,5.8,5.8,2.8,2.9,5.8,5.8,2.8,2.9,231.5,232.3,231.3,14.5,14.3,14.5,0,0,0,0,0,0,0,0,0,0,0,0,0,0,0,0,0,28,0,OK
7时55分44秒,44/79 静置,587.74,6.31,3710.7,587.77,6.33,3720.03,586.76,3.14,1844.5,586.62,3.15,1849.24,28,28.1,29.6,586.2,2.2,586.8,2.3,586.6,0,586.8,51.4,6.2,6.1,3,3.1,6.2,6.1,3,3.1,231.6,232.4,231.5,15.5,15.2,15.4,0,0,0,0,0,0,0,0,0,0,0,0,0,0,0,0,0,28,0,OK
7时55分49秒,44/79 静置,587.74,6.31,3710.7,587.77,6.33,3720.03,586.76,3.14,1844.5,586.62,3.15,1849.24,28,28.1,29.6,586.2,2.2,586.8,2.3,586.6,0,586.8,51.4,6.2,6.1,3,3.1,6.2,6.1,3,3.1,231.6,232.4,231.5,15.5,15.2,15.4,0,0,0,0,0,0,0,0,0,0,0,0,0,0,0,0,0,28,0,OK
7时55分54秒,44/79 静置,586.92,6.72,3942.8,586.95,6.73,3949.84,586.21,3.35,1964.15,585.26,3.36,1964.95,28,28.5,30,585.5,2.4,586.1,2.5,585.8,0,586,51.4,6.6,6.5,3.2,3.3,6.6,6.5,3.2,3.3,231.8,232.5,231.5,16.4,16.2,16.4,0,0,0,0,0,0,0,0,0,0,0,0,0,0,0,0,0,28,0,OK
7时55分59秒,44/79 静置,586.92,6.72,3942.8,586.95,6.73,3949.84,586.21,3.35,1964.15,585.26,3.36,1964.95,28,28.5,30,585.5,2.4,586.1,2.5,585.8,0,586,51.4,6.6,6.5,3.2,3.3,6.6,6.5,3.2,3.3,231.8,232.5,231.5,16.4,16.2,16.4,0,0,0,0,0,0,0,0,0,0,0,0,0,0,0,0,0,28,0,OK
7时56分04秒,44/79 静置,586.1,7.13,4179.95,586.13,7.14,4183.02,585.12,3.54,2071.33,584.71,3.56,2083.59,28,28.9,30.3,584.6,2.6,585.3,2.6,584.9,0,585.1,51.4,7,6.9,3.4,3.5,7,6.9,3.4,3.5,232.2,232.9,231.9,17.3,17.1,17.3,0,0,0,0,0,0,0,0,0,0,0,0,0,0,0,0,0,28,0,OK
7时56分09秒,44/79 静置,586.1,7.13,4179.95,586.13,7.14,4183.02,585.12,3.54,2071.33,584.71,3.56,2083.59,28,28.9,30.3,584.6,2.6,585.3,2.6,584.9,0,585.1,51.4,7,6.9,3.4,3.5,7,6.9,3.4,3.5,232.2,232.9,231.9,17.3,17.1,17.3,0,0,0,0,0,0,0,0,0,0,0,0,0,0,0,0,0,28,0,OK
7时56分14秒,44/79 静置,585.28,7.53,4406.72,585.31,7.54,4413.8,584.84,3.74,2188.59,583.89,3.76,2195.84,29,29.3,30.6,583.9,2.7,584.6,2.8,584,0,584.2,51.4,7.4,7.3,3.6,3.7,7.4,7.3,3.6,3.7,231.8,232.5,231.7,18.3,18.1,18.3,0,0,0,0,0,0,0,0,0,0,0,0,0,0,0,0,0,29,0,OK
7时56分19秒,44/79 静置,585.28,7.53,4406.72,585.31,7.54,4413.8,584.84,3.74,2188.59,583.89,3.76,2195.84,29,29.3,30.6,583.9,2.7,584.6,2.8,584,0,584.2,51.4,7.4,7.3,3.6,3.7,7.4,7.3,3.6,3.7,231.8,232.5,231.7,18.3,18.1,18.3,0,0,0,0,0,0,0,0,0,0,0,0,0,0,0,0,0,29,0,OK
7时56分24秒,44/79 静置,584.45,7.93,4635.68,584.49,7.94,4640.49,583.2,3.94,2296.36,583.06,3.97,2313.47,29,29.7,30.9,583.1,2.9,583.8,3,583.3,0,583.4,51.4,7.7,7.7,3.8,3.9,7.8,7.7,3.8,3.9,231.9,232.7,231.9,19.3,19,19.2,0,0,0,0,0,0,0,0,0,0,0,0,0,0,0,0,0,29,0,OK
7时56分29秒,44/79 静置,584.45,7.93,4635.68,584.49,7.94,4640.49,583.2,3.94,2296.36,583.06,3.97,2313.47,29,29.7,30.9,583.1,2.9,583.8,3,583.3,0,583.4,51.4,7.7,7.7,3.8,3.9,7.8,7.7,3.8,3.9,231.9,232.7,231.9,19.3,19,19.2,0,0,0,0,0,0,0,0,0,0,0,0,0,0,0,0,0,29,0,OK
7时56分34秒,44/79 静置,583.91,8.33,4864.55,583.94,8.34,4868.25,582.38,4.15,2414.27,582.52,4.16,2423.93,29,30.1,31.2,582.3,3.2,583,3.1,582.3,0,582.6,51.4,8.2,8.1,4,4.1,8.2,8.1,4,4.1,231.6,232.4,231.6,20.2,20,20.2,0,0,0,0,0,0,0,0,0,0,0,0,0,0,0,0,0,29,0,OK
7时56分39秒,44/79 静置,583.91,8.33,4864.55,583.94,8.34,4868.25,582.38,4.15,2414.27,582.52,4.16,2423.93,29,30.1,31.2,582.3,3.2,583,3.1,582.3,0,582.6,51.4,8.2,8.1,4,4.1,8.2,8.1,4,4.1,231.6,232.4,231.6,20.2,20,20.2,0,0,0,0,0,0,0,0,0,0,0,0,0,0,0,0,0,29,0,OK
7时56分44秒,44/79 静置,583.08,8.74,5097.43,583.12,8.75,5100.58,581.56,4.35,2528.43,581.42,4.37,2538.61,29,30.4,31.5,581.5,3.3,582.2,3.3,581.5,0,581.7,51.4,8.6,8.5,4.2,4.3,8.6,8.5,4.2,4.3,231.8,232.6,231.8,21.2,20.9,21.1,0,0,0,0,0,0,0,0,0,0,0,0,0,0,0,0,0,29,0,OK
7时56分49秒,44/79 静置,583.08,8.74,5097.43,583.12,8.75,5100.58,581.56,4.35,2528.43,581.42,4.37,2538.61,29,30.4,31.5,581.5,3.3,582.2,3.3,581.5,0,581.7,51.4,8.6,8.5,4.2,4.3,8.6,8.5,4.2,4.3,231.8,232.6,231.8,21.2,20.9,21.1,0,0,0,0,0,0,0,0,0,0,0,0,0,0,0,0,0,29,0,OK
7时56分54秒,44/79 静置,582.26,9.15,5329.63,582.3,9.16,5334.52,581.02,4.55,2642.94,580.6,4.58,2656.35,29,30.7,31.9,580.7,3.4,581.4,3.6,580.6,0,580.9,51.4,9,8.9,4.4,4.5,9,8.9,4.4,4.5,231.6,232.3,231.5,22.2,21.9,22.1,0,0,0,0,0,0,0,0,0,0,0,0,0,0,0,0,0,29,0,OK
7时56分59秒,44/79 静置,582.26,9.15,5329.63,582.3,9.16,5334.52,581.02,4.55,2642.94,580.6,4.58,2656.35,29,30.7,31.9,580.7,3.4,581.4,3.6,580.6,0,580.9,51.4,9,8.9,4.4,4.5,9,8.9,4.4,4.5,231.6,232.3,231.5,22.2,21.9,22.1,0,0,0,0,0,0,0,0,0,0,0,0,0,0,0,0,0,29,0,OK
7时57分04秒,44/79 静置,581.44,9.58,5572.52,581.21,9.57,5560.62,579.92,4.75,2755.2,579.78,4.78,2769.8,29,31,32.2,579.9,3.6,580.7,3.7,579.8,0,579.9,51.4,9.4,9.3,4.6,4.7,9.4,9.3,4.6,4.7,232.1,232.7,232,23.1,22.8,23,0,0,0,0,0,0,0,0,0,0,0,0,0,0,0,0,0,29,0,OK
7时57分09秒,44/79 静置,581.44,9.58,5572.52,581.21,9.57,5560.62,579.92,4.75,2755.2,579.78,4.78,2769.8,29,31,32.2,579.9,3.6,580.7,3.7,579.8,0,579.9,51.4,9.4,9.3,4.6,4.7,9.4,9.3,4.6,4.7,232.1,232.7,232,23.1,22.8,23,0,0,0,0,0,0,0,0,0,0,0,0,0,0,0,0,0,29,0,OK
7时57分14秒,44/79 静置,580.62,9.99,5797.68,580.66,9.99,5798.09,579.1,4.96,2870.06,578.96,4.98,2884.03,29,31.3,32.7,579.1,3.9,579.9,3.9,578.9,0,579.1,51.4,9.8,9.7,4.8,4.9,9.8,9.7,4.8,4.9,231.8,232.6,231.8,24.1,23.8,24,0,0,0,0,0,0,0,0,0,0,0,0,0,0,0,0,0,29,0,OK
7时57分19秒,44/79 静置,580.62,9.99,5797.68,580.66,9.99,5798.09,579.1,4.96,2870.06,578.96,4.98,2884.03,29,31.3,32.7,579.1,3.9,579.9,3.9,578.9,0,579.1,51.4,9.8,9.7,4.8,4.9,9.8,9.7,4.8,4.9,231.8,232.6,231.8,24.1,23.8,24,0,0,0,0,0,0,0,0,0,0,0,0,0,0,0,0,0,29,0,OK
7时57分24秒,44/79 静置,579.8,10.4,6032.37,579.84,10.4,6027.72,578.28,5.15,2979.5,578.13,5.19,3000.76,29,31.7,33.1,578.3,4,579.1,4.2,578.1,0,578.2,51.4,10.2,10.1,5,5.1,10.2,10.1,5,5.1,231.8,232.7,231.9,25,24.7,25,0,0,0,0,0,0,0,0,0,0,0,0,0,0,0,0,0,29,0,OK
7时57分29秒,44/79 静置,579.8,10.4,6032.37,579.84,10.4,6027.72,578.28,5.15,2979.5,578.13,5.19,3000.76,29,31.7,33.1,578.3,4,579.1,4.2,578.1,0,578.2,51.4,10.2,10.1,5,5.1,10.2,10.1,5,5.1,231.8,232.7,231.9,25,24.7,25,0,0,0,0,0,0,0,0,0,0,0,0,0,0,0,0,0,29,0,OK
7时57分34秒,44/79 静置,578.97,10.83,6269.21,579.02,10.81,6256.69,577.46,5.36,3095.4,577.31,5.4,3116.02,29,32,33.5,577.5,4.3,578.4,4.2,577.2,0,577.4,51.4,10.6,10.6,5.3,5.3,10.6,10.6,5.3,5.3,231.7,232.6,231.7,26,25.7,25.9,0,0,0,0,0,0,0,0,0,0,0,0,0,0,0,0,0,29,0,OK
7时57分39秒,44/79 静置,578.97,10.83,6269.21,579.02,10.81,6256.69,577.46,5.36,3095.4,577.31,5.4,3116.02,29,32,33.5,577.5,4.3,578.4,4.2,577.2,0,577.4,51.4,10.6,10.6,5.3,5.3,10.6,10.6,5.3,5.3,231.7,232.6,231.7,26,25.7,25.9,0,0,0,0,0,0,0,0,0,0,0,0,0,0,0,0,0,29,0,OK
7时57分44秒,44/79 静置,578.15,11.24,6500.83,578.2,11.22,6490.06,576.64,5.57,3211.51,576.49,5.61,3232.62,29,32.4,33.9,576.6,4.4,577.5,4.5,576.3,0,576.5,51.4,11,11,5.5,5.5,11,11,5.5,5.5,231.3,232.7,231.8,27,26.7,26.9,0,0,0,0,0,0,0,0,0,0,0,0,0,0,0,0,0,29,0,OK
7时57分49秒,44/79 静置,578.15,11.24,6500.83,578.2,11.22,6490.06,576.64,5.57,3211.51,576.49,5.61,3232.62,29,32.4,33.9,576.6,4.4,577.5,4.5,576.3,0,576.5,51.4,11,11,5.5,5.5,11,11,5.5,5.5,231.3,232.7,231.8,27,26.7,26.9,0,0,0,0,0,0,0,0,0,0,0,0,0,0,0,0,0,29,0,OK
7时57分54秒,44/79 静置,577.33,11.67,6735.14,577.38,11.65,6726.69,575.82,5.79,3331.22,575.67,5.81,3346.63,30,32.7,34.3,575.9,4.5,576.7,4.7,575.4,0,575.6,51.4,11.4,11.4,5.7,5.7,11.4,11.4,5.7,5.7,231.6,232.7,231.7,27.9,27.6,27.8,0,0,0,0,0,0,0,0,0,0,0,0,0,0,0,0,0,30,0,OK
7时57分59秒,44/79 静置,577.33,11.67,6735.14,577.38,11.65,6726.69,575.82,5.79,3331.22,575.67,5.81,3346.63,30,32.7,34.3,575.9,4.5,576.7,4.7,575.4,0,575.6,51.4,11.4,11.4,5.7,5.7,11.4,11.4,5.7,5.7,231.6,232.7,231.7,27.9,27.6,27.8,0,0,0,0,0,0,0,0,0,0,0,0,0,0,0,0,0,30,0,OK
7时58分04秒,44/79 静置,576.51,12.08,6966.51,576.56,12.07,6957,574.73,5.98,3438.26,574.57,6.03,3464.27,30,33.1,34.8,575,4.9,576,4.8,574.4,0,574.7,51.4,11.8,11.8,5.9,5.9,11.8,11.8,5.9,5.9,231.8,232.6,231.6,28.9,28.6,28.8,0,0,0,0,0,0,0,0,0,0,0,0,0,0,0,0,0,30,0,OK
7时58分09秒,44/79 静置,576.51,12.08,6966.51,576.56,12.07,6957,574.73,5.98,3438.26,574.57,6.03,3464.27,30,33.1,34.8,575,4.9,576,4.8,574.4,0,574.7,51.4,11.8,11.8,5.9,5.9,11.8,11.8,5.9,5.9,231.8,232.6,231.6,28.9,28.6,28.8,0,0,0,0,0,0,0,0,0,0,0,0,0,0,0,0,0,30,0,OK
7时58分14秒,44/79 静置,575.69,12.52,7206.2,575.74,12.48,7187.18,573.91,6.19,3554.97,573.75,6.24,3580.9,31,33.5,35.3,574.2,4.9,575.2,5.1,573.6,0,573.7,51.4,12.3,12.2,6.1,6.1,12.3,12.2,6.1,6.1,232.1,232.7,231.6,29.8,29.5,29.7,0,0,0,0,0,0,0,0,0,0,0,0,0,0,0,0,0,31,0,OK
7时58分19秒,44/79 静置,575.69,12.52,7206.2,575.74,12.48,7187.18,573.91,6.19,3554.97,573.75,6.24,3580.9,31,33.5,35.3,574.2,4.9,575.2,5.1,573.6,0,573.7,51.4,12.3,12.2,6.1,6.1,12.3,12.2,6.1,6.1,232.1,232.7,231.6,29.8,29.5,29.7,0,0,0,0,0,0,0,0,0,0,0,0,0,0,0,0,0,31,0,OK
7时58分24秒,44/79 静置,575.41,12.94,7445.52,574.92,12.91,7419.49,573.09,6.4,3665.74,572.93,6.44,3691.03,31,33.9,35.9,573.4,5.1,574.4,5.3,572.8,0,572.9,51.4,12.7,12.6,6.3,6.3,12.7,12.6,6.3,6.3,232.2,232.7,231.7,30.8,30.5,30.7,0,0,0,0,0,0,0,0,0,0,0,0,0,0,0,0,0,31,0,OK
7时58分29秒,44/79 静置,575.41,12.94,7445.52,574.92,12.91,7419.49,573.09,6.4,3665.74,572.93,6.44,3691.03,31,33.9,35.9,573.4,5.1,574.4,5.3,572.8,0,572.9,51.4,12.7,12.6,6.3,6.3,12.7,12.6,6.3,6.3,232.2,232.7,231.7,30.8,30.5,30.7,0,0,0,0,0,0,0,0,0,0,0,0,0,0,0,0,0,31,0,OK
7时58分34秒,44/79 静置,574.04,13.36,7669.96,574.1,13.34,7657.84,571.99,6.62,3786.67,572.11,6.66,3812,32,34.3,36.6,572.6,5.3,573.6,5.5,571.8,0,572,51.4,13.1,13,6.5,6.5,13.1,13,6.5,6.5,232,232.6,231.5,31.8,31.4,31.7,0,0,0,0,0,0,0,0,0,0,0,0,0,0,0,0,0,32,0,OK
7时58分39秒,44/79 静置,574.04,13.36,7669.96,574.1,13.34,7657.84,571.99,6.62,3786.67,572.11,6.66,3812,32,34.3,36.6,572.6,5.3,573.6,5.5,571.8,0,572,51.4,13.1,13,6.5,6.5,13.1,13,6.5,6.5,232,232.6,231.5,31.8,31.4,31.7,0,0,0,0,0,0,0,0,0,0,0,0,0,0,0,0,0,32,0,OK
7时58分44秒,44/79 静置,573.22,13.79,7907.53,573.28,13.76,7887.63,571.45,6.84,3906.38,571.29,6.88,3928.7,32,34.8,37.1,571.7,5.4,572.8,5.7,570.9,0,571.1,51.4,13.5,13.4,6.7,6.7,13.5,13.4,6.7,6.7,231.9,232.6,231.4,32.7,32.4,32.6,0,0,0,0,0,0,0,0,0,0,0,0,0,0,0,0,0,32,0,OK
7时58分49秒,44/79 静置,573.22,13.79,7907.53,573.28,13.76,7887.63,571.45,6.84,3906.38,571.29,6.88,3928.7,32,34.8,37.1,571.7,5.4,572.8,5.7,570.9,0,571.1,51.4,13.5,13.4,6.7,6.7,13.5,13.4,6.7,6.7,231.9,232.6,231.4,32.7,32.4,32.6,0,0,0,0,0,0,0,0,0,0,0,0,0,0,0,0,0,32,0,OK
7时58分54秒,44/79 静置,572.67,14.22,8142.69,572.46,14.19,8122.32,570.08,7.03,4008.38,570.19,7.09,4040.33,33,35.3,37.9,570.9,5.8,572,5.7,569.9,0,570.2,51.4,13.9,13.9,6.9,7,13.9,13.9,6.9,7,232,232.8,231.7,33.7,33.3,33.6,0,0,0,0,0,0,0,0,0,0,0,0,0,0,0,0,0,33,0,OK
7时58分59秒,44/79 静置,572.67,14.22,8142.69,572.46,14.19,8122.32,570.08,7.03,4008.38,570.19,7.09,4040.33,33,35.3,37.9,570.9,5.8,572,5.7,569.9,0,570.2,51.4,13.9,13.9,6.9,7,13.9,13.9,6.9,7,232,232.8,231.7,33.7,33.3,33.6,0,0,0,0,0,0,0,0,0,0,0,0,0,0,0,0,0,33,0,OK
7时59分04秒,44/79 静置,571.58,14.65,8371.58,571.91,14.61,8354.73,569.53,7.25,4129.67,569.37,7.3,4155.72,33,35.9,38.5,570.1,5.9,571.2,6.1,569.1,0,569.3,51.4,14.4,14.3,7.1,7.2,14.4,14.3,7.1,7.2,231.9,232.6,231.5,34.7,34.3,34.5,0,0,0,0,0,0,0,0,0,0,0,0,0,0,0,0,0,33,0,OK
7时59分09秒,44/79 静置,571.58,14.65,8371.58,571.91,14.61,8354.73,569.53,7.25,4129.67,569.37,7.3,4155.72,33,35.9,38.5,570.1,5.9,571.2,6.1,569.1,0,569.3,51.4,14.4,14.3,7.1,7.2,14.4,14.3,7.1,7.2,231.9,232.6,231.5,34.7,34.3,34.5,0,0,0,0,0,0,0,0,0,0,0,0,0,0,0,0,0,33,0,OK
7时59分14秒,44/79 静置,570.75,15.08,8605.36,570.82,15.03,8581.24,568.71,7.47,4246.46,568.55,7.52,4272.98,34,36.5,39.2,569.2,6.1,570.4,6.2,568.2,0,568.4,51.4,14.8,14.7,7.3,7.4,14.8,14.7,7.3,7.4,232.2,232.9,231.9,35.6,35.2,35.4,0,0,0,0,0,0,0,0,0,0,0,0,0,0,0,0,0,34,0,OK
7时59分19秒,44/79 静置,570.75,15.08,8605.36,570.82,15.03,8581.24,568.71,7.47,4246.46,568.55,7.52,4272.98,34,36.5,39.2,569.2,6.1,570.4,6.2,568.2,0,568.4,51.4,14.8,14.7,7.3,7.4,14.8,14.7,7.3,7.4,232.2,232.9,231.9,35.6,35.2,35.4,0,0,0,0,0,0,0,0,0,0,0,0,0,0,0,0,0,34,0,OK
7时59分24秒,44/79 静置,569.93,15.52,8847.31,570,15.47,8819.41,567.89,7.68,4360.68,567.45,7.73,4387.76,34,37.1,39.9,568.5,6.5,569.5,6.4,567.3,0,567.4,51.4,15.2,15.1,7.5,7.6,15.2,15.1,7.5,7.6,232,232.8,231.8,36.6,36.2,36.4,0,0,0,0,0,0,0,0,0,0,0,0,0,0,0,0,0,34,0,OK
7时59分29秒,44/79 静置,569.93,15.52,8847.31,570,15.47,8819.41,567.89,7.68,4360.68,567.45,7.73,4387.76,34,37.1,39.9,568.5,6.5,569.5,6.4,567.3,0,567.4,51.4,15.2,15.1,7.5,7.6,15.2,15.1,7.5,7.6,232,232.8,231.8,36.6,36.2,36.4,0,0,0,0,0,0,0,0,0,0,0,0,0,0,0,0,0,34,0,OK
7时59分34秒,44/79 静置,569.11,15.94,9073.53,569.18,15.91,9053.51,567.07,7.9,4481.2,566.63,7.95,4503.7,35,37.7,40.7,567.7,6.5,568.7,6.8,566.3,0,566.5,51.4,15.6,15.6,7.8,7.8,15.6,15.6,7.8,7.8,231.9,232.7,231.5,37.5,37.2,37.4,0,0,0,0,0,0,0,0,0,0,0,0,0,0,0,0,0,35,0,OK
7时59分39秒,44/79 静置,569.11,15.94,9073.53,569.18,15.91,9053.51,567.07,7.9,4481.2,566.63,7.95,4503.7,35,37.7,40.7,567.7,6.5,568.7,6.8,566.3,0,566.5,51.4,15.6,15.6,7.8,7.8,15.6,15.6,7.8,7.8,231.9,232.7,231.5,37.5,37.2,37.4,0,0,0,0,0,0,0,0,0,0,0,0,0,0,0,0,0,35,0,OK
7时59分44秒,44/79 静置,568.29,16.39,9312.93,568.36,16.35,9293.01,565.98,8.11,4589.74,564.99,8.17,4614.78,35,38.4,41.5,566.8,6.8,567.9,6.8,565.4,0,565.6,51.4,16.1,16,8,8,16.1,16,8,8,232.2,232.9,231.8,38.5,38.1,38.3,0,0,0,0,0,0,0,0,0,0,0,0,0,0,0,0,0,35,0,OK
7时59分49秒,44/79 静置,568.29,16.39,9312.93,568.36,16.35,9293.01,565.98,8.11,4589.74,564.99,8.17,4614.78,35,38.4,41.5,566.8,6.8,567.9,6.8,565.4,0,565.6,51.4,16.1,16,8,8,16.1,16,8,8,232.2,232.9,231.8,38.5,38.1,38.3,0,0,0,0,0,0,0,0,0,0,0,0,0,0,0,0,0,35,0,OK
7时59分54秒,44/79 静置,567.19,16.84,9549.77,567.54,16.79,9531.79,565.16,8.34,4711.68,564.99,8.39,4738.92,35,39,42.3,565.9,7,567,7,564.5,0,564.7,51.4,16.5,16.4,8.2,8.2,16.5,16.4,8.2,8.2,232,232.8,231.7,39.4,39,39.3,0,0,0,0,0,0,0,0,0,0,0,0,0,0,0,0,0,35,0,OK
7时59分59秒,44/79 静置,567.19,16.84,9549.77,567.54,16.79,9531.79,565.16,8.34,4711.68,564.99,8.39,4738.92,35,39,42.3,565.9,7,567,7,564.5,0,564.7,51.4,16.5,16.4,8.2,8.2,16.5,16.4,8.2,8.2,232,232.8,231.7,39.4,39,39.3,0,0,0,0,0,0,0,0,0,0,0,0,0,0,0,0,0,35,0,OK
8时00分04秒,44/79 静置,566.64,17.28,9792.33,566.72,17.24,9768.72,564.07,8.55,4823.2,563.89,8.6,4848.68,35,39.7,43.1,565,7.1,566.2,7.4,563.5,0,563.8,51.4,16.9,16.9,8.4,8.5,16.9,16.9,8.4,8.5,232.5,233.2,232.1,40.3,39.9,40.2,0,0,0,0,0,0,0,0,0,0,0,0,0,0,0,0,0,35,0,OK
8时00分09秒,44/79 静置,566.64,17.28,9792.33,566.72,17.24,9768.72,564.07,8.55,4823.2,563.89,8.6,4848.68,35,39.7,43.1,565,7.1,566.2,7.4,563.5,0,563.8,51.4,16.9,16.9,8.4,8.5,16.9,16.9,8.4,8.5,232.5,233.2,232.1,40.3,39.9,40.2,0,0,0,0,0,0,0,0,0,0,0,0,0,0,0,0,0,35,0,OK
8时00分14秒,44/79 静置,565.55,17.73,10028.55,565.9,17.68,10005.48,562.97,8.77,4936.45,563.07,8.83,4970.28,35,40.5,43.9,564.1,7.3,565.3,7.4,562.6,0,562.8,51.4,17.4,17.3,8.6,8.7,17.4,17.3,8.6,8.7,232.2,233,231.9,41.3,40.9,41.2,0,0,0,0,0,0,0,0,0,0,0,0,0,0,0,0,0,35,0,OK
8时00分19秒,44/79 静置,565.55,17.73,10028.55,565.9,17.68,10005.48,562.97,8.77,4936.45,563.07,8.83,4970.28,35,40.5,43.9,564.1,7.3,565.3,7.4,562.6,0,562.8,51.4,17.4,17.3,8.6,8.7,17.4,17.3,8.6,8.7,232.2,233,231.9,41.3,40.9,41.2,0,0,0,0,0,0,0,0,0,0,0,0,0,0,0,0,0,35,0,OK
8时00分24秒,44/79 静置,564.73,18.17,10260.49,565.08,18.12,10242.08,562.42,8.99,5056.88,561.97,9.05,5087.93,35,41.3,44.4,563.3,7.6,564.5,7.6,561.7,0,561.9,51.4,17.8,17.7,8.9,8.9,17.8,17.7,8.9,8.9,231.9,232.8,231.7,42.3,41.9,42.2,0,0,0,0,0,0,0,0,0,0,0,0,0,0,0,0,0,35,0,OK
8时00分29秒,44/79 静置,564.73,18.17,10260.49,565.08,18.12,10242.08,562.42,8.99,5056.88,561.97,9.05,5087.93,35,41.3,44.4,563.3,7.6,564.5,7.6,561.7,0,561.9,51.4,17.8,17.7,8.9,8.9,17.8,17.7,8.9,8.9,231.9,232.8,231.7,42.3,41.9,42.2,0,0,0,0,0,0,0,0,0,0,0,0,0,0,0,0,0,35,0,OK
8时00分34秒,44/79 静置,563.9,18.62,10501.07,563.99,18.57,10475.05,561.33,9.22,5173.67,561.15,9.28,5205.44,35,42,44.8,562.5,7.6,563.6,7.8,560.7,0,560.9,51.4,18.3,18.2,9.1,9.1,18.3,18.2,9.1,9.1,232,233,231.9,43.3,42.8,43.1,0,0,0,0,0,0,0,0,0,0,0,0,0,0,0,0,0,35,0,OK
8时00分39秒,44/79 静置,563.9,18.62,10501.07,563.99,18.57,10475.05,561.33,9.22,5173.67,561.15,9.28,5205.44,35,42,44.8,562.5,7.6,563.6,7.8,560.7,0,560.9,51.4,18.3,18.2,9.1,9.1,18.3,18.2,9.1,9.1,232,233,231.9,43.3,42.8,43.1,0,0,0,0,0,0,0,0,0,0,0,0,0,0,0,0,0,35,0,OK
8时00分44秒,44/79 静置,563.08,19.08,10743.12,563.17,19.01,10708.4,560.51,9.43,5286.54,560.05,9.49,5316.14,35,42.7,45.1,561.6,7.9,562.8,8.1,559.8,0,560,51.4,18.7,18.6,9.3,9.3,18.7,18.6,9.3,9.3,231.9,232.9,231.8,44.2,43.8,44.1,0,0,0,0,0,0,0,0,0,0,0,0,0,0,0,0,0,35,0,OK
8时00分49秒,44/79 静置,563.08,19.08,10743.12,563.17,19.01,10708.4,560.51,9.43,5286.54,560.05,9.49,5316.14,35,42.7,45.1,561.6,7.9,562.8,8.1,559.8,0,560,51.4,18.7,18.6,9.3,9.3,18.7,18.6,9.3,9.3,231.9,232.9,231.8,44.2,43.8,44.1,0,0,0,0,0,0,0,0,0,0,0,0,0,0,0,0,0,35,0,OK
8时00分54秒,44/79 静置,562.26,19.52,10976.16,562.35,19.47,10949.29,559.42,9.66,5404.61,558.68,9.72,5428.62,35,43.3,45.4,560.8,8,561.9,8.3,558.8,0,559,51.4,19.2,19.1,9.5,9.6,19.2,19.1,9.5,9.6,231.7,232.6,231.6,45.3,44.8,45.1,0,0,0,0,0,0,0,0,0,0,0,0,0,0,0,0,0,35,0,OK
8时00分59秒,44/79 静置,562.26,19.52,10976.16,562.35,19.47,10949.29,559.42,9.66,5404.61,558.68,9.72,5428.62,35,43.3,45.4,560.8,8,561.9,8.3,558.8,0,559,51.4,19.2,19.1,9.5,9.6,19.2,19.1,9.5,9.6,231.7,232.6,231.6,45.3,44.8,45.1,0,0,0,0,0,0,0,0,0,0,0,0,0,0,0,0,0,35,0,OK
8时01分04秒,44/79 静置,561.44,19.97,11213.97,561.53,19.92,11185.01,558.6,9.89,5524.88,558.14,9.94,5547.03,35,43.8,45.7,559.9,8.3,561,8.6,557.8,0,558.1,51.4,19.6,19.5,9.7,9.8,19.6,19.5,9.7,9.8,232.3,233.3,232.3,46.1,45.7,45.9,0,0,0,0,0,0,0,0,0,0,0,0,0,0,0,0,0,35,0,OK
8时01分04秒,44/79 静置,561.44,19.97,11213.97,561.53,19.92,11185.01,558.6,9.89,5524.88,558.14,9.94,5547.03,35,43.8,45.7,559.9,8.3,561,8.6,557.8,0,558.1,51.4,19.6,19.5,9.7,9.8,19.6,19.5,9.7,9.8,232.3,233.3,232.3,46.1,45.7,45.9,0,0,0,0,0,0,0,0,0,0,0,0,0,0,0,0,0,35,0,OK
8时01分04秒,44/79 静置,561.44,19.97,11213.97,561.53,19.92,11185.01,558.6,9.89,5524.88,558.14,9.94,5547.03,35,43.8,45.7,559.9,8.3,561,8.6,557.8,0,558.1,51.4,19.6,19.5,9.7,9.8,19.6,19.5,9.7,9.8,232.3,233.3,232.3,46.1,45.7,45.9,0,0,0,0,0,0,0,0,0,0,0,0,0,0,0,0,0,35,0,OK
8时01分09秒,44/79 静置,561.44,19.97,11213.97,561.53,19.92,11185.01,558.6,9.89,5524.88,558.14,9.94,5547.03,35,43.8,45.7,559.9,8.3,561,8.6,557.8,0,558.1,51.4,19.6,19.5,9.7,9.8,19.6,19.5,9.7,9.8,232.3,233.3,232.3,46.1,45.7,45.9,0,0,0,0,0,0,0,0,0,0,0,0,0,0,0,0,0,35,0,OK
8时01分14秒,46/79 静置,560.62,20.43,11453.76,560.71,20.37,11424.41,557.5,10.11,5637.1,557.59,10.18,5674.45,35,44.4,45.9,559,8.6,560.2,8.6,556.9,0,557.1,51.4,20,19.9,10,10,20,19.9,10,10,232.3,233.2,232.1,47.1,46.6,46.9,0,0,0,0,0,0,0,0,0,0,0,0,0,0,0,0,0,35,0,OK
8时01分19秒,46/79 静置,560.62,20.43,11453.76,560.71,20.37,11424.41,557.5,10.11,5637.1,557.59,10.18,5674.45,35,44.4,45.9,559,8.6,560.2,8.6,556.9,0,557.1,51.4,20,19.9,10,10,20,19.9,10,10,232.3,233.2,232.1,47.1,46.6,46.9,0,0,0,0,0,0,0,0,0,0,0,0,0,0,0,0,0,35,0,OK
8时01分24秒,46/79 静置,559.52,20.89,11686,559.89,20.81,11653.19,556.68,10.34,5755.48,556.49,10.39,5783.4,35,44.8,46.2,558.1,8.7,559.4,8.9,555.9,0,556.2,51.4,20.5,20.4,10.2,10.2,20.5,20.4,10.2,10.2,232.2,233.1,232,48.1,47.6,47.9,0,0,0,0,0,0,0,0,0,0,0,0,0,0,0,0,0,35,0,OK
8时01分29秒,46/79 静置,559.52,20.89,11686,559.89,20.81,11653.19,556.68,10.34,5755.48,556.49,10.39,5783.4,35,44.8,46.2,558.1,8.7,559.4,8.9,555.9,0,556.2,51.4,20.5,20.4,10.2,10.2,20.5,20.4,10.2,10.2,232.2,233.1,232,48.1,47.6,47.9,0,0,0,0,0,0,0,0,0,0,0,0,0,0,0,0,0,35,0,OK
8时01分34秒,46/79 静置,558.7,21.33,11917.62,558.79,21.27,11886.36,555.86,10.56,5868.05,555.4,10.61,5895.13,35,45.3,46.6,557.2,8.9,558.6,9.2,555.1,0,555.2,51.4,20.9,20.8,10.4,10.5,20.9,20.8,10.4,10.5,231.9,232.8,231.7,49.1,48.6,48.9,0,0,0,0,0,0,0,0,0,0,0,0,0,0,0,0,0,35,0,OK
8时01分39秒,46/79 静置,558.7,21.33,11917.62,558.79,21.27,11886.36,555.86,10.56,5868.05,555.4,10.61,5895.13,35,45.3,46.6,557.2,8.9,558.6,9.2,555.1,0,555.2,51.4,20.9,20.8,10.4,10.5,20.9,20.8,10.4,10.5,231.9,232.8,231.7,49.1,48.6,48.9,0,0,0,0,0,0,0,0,0,0,0,0,0,0,0,0,0,35,0,OK
8时01分44秒,46/79 静置,557.88,21.79,12155.07,557.97,21.73,12122.85,554.77,10.78,5979.49,554.85,10.85,6018.82,35,45.8,46.9,556.4,9.3,557.7,9.3,554.1,0,554.2,51.4,21.4,21.3,10.6,10.7,21.4,21.3,10.6,10.7,232.2,233,232,50,49.5,49.8,0,0,0,0,0,0,0,0,0,0,0,0,0,0,0,0,0,35,0,OK
8时01分49秒,46/79 静置,557.88,21.79,12155.07,557.97,21.73,12122.85,554.77,10.78,5979.49,554.85,10.85,6018.82,35,45.8,46.9,556.4,9.3,557.7,9.3,554.1,0,554.2,51.4,21.4,21.3,10.6,10.7,21.4,21.3,10.6,10.7,232.2,233,232,50,49.5,49.8,0,0,0,0,0,0,0,0,0,0,0,0,0,0,0,0,0,35,0,OK
8时01分54秒,46/79 静置,557.05,22.25,12396.1,557.15,22.19,12363.47,553.95,11.01,6097.78,553.75,11.07,6130.23,35,46.3,47.3,555.4,9.4,556.8,9.4,553.1,0,553.4,51.4,21.8,21.7,10.8,10.9,21.8,21.7,10.8,10.9,231.7,232.6,231.6,51,50.5,50.8,0,0,0,0,0,0,0,0,0,0,0,0,0,0,0,0,0,35,0,OK
8时01分59秒,46/79 静置,557.05,22.25,12396.1,557.15,22.19,12363.47,553.95,11.01,6097.78,553.75,11.07,6130.23,35,46.3,47.3,555.4,9.4,556.8,9.4,553.1,0,553.4,51.4,21.8,21.7,10.8,10.9,21.8,21.7,10.8,10.9,231.7,232.6,231.6,51,50.5,50.8,0,0,0,0,0,0,0,0,0,0,0,0,0,0,0,0,0,35,0,OK
8时02分04秒,46/79 静置,556.23,22.7,12624.96,556.06,22.65,12595.53,553.4,11.23,6216.6,552.11,11.31,6242.51,35,46.7,47.7,554.6,9.6,555.9,9.7,552.2,0,552.4,51.4,22.3,22.2,11.1,11.1,22.3,22.2,11.1,11.1,232.2,233.1,232.1,51.9,51.4,51.7,0,0,0,0,0,0,0,0,0,0,0,0,0,0,0,0,0,35,0,OK
8时02分09秒,46/79 静置,556.23,22.7,12624.96,556.06,22.65,12595.53,553.4,11.23,6216.6,552.11,11.31,6242.51,35,46.7,47.7,554.6,9.6,555.9,9.7,552.2,0,552.4,51.4,22.3,22.2,11.1,11.1,22.3,22.2,11.1,11.1,232.2,233.1,232.1,51.9,51.4,51.7,0,0,0,0,0,0,0,0,0,0,0,0,0,0,0,0,0,35,0,OK
8时02分14秒,46/79 静置,555.14,23.16,12855.97,555.51,23.11,12835.4,552.04,11.46,6326.31,551.56,11.53,6360.21,36,47.2,48.1,553.8,9.7,555,9.9,551.1,0,551.4,51.4,22.7,22.6,11.3,11.4,22.7,22.6,11.3,11.4,232.5,233.4,232.3,52.8,52.3,52.6,0,0,0,0,0,0,0,0,0,0,0,0,0,0,0,0,0,36,0,OK
8时02分19秒,46/79 静置,555.14,23.16,12855.97,555.51,23.11,12835.4,552.04,11.46,6326.31,551.56,11.53,6360.21,36,47.2,48.1,553.8,9.7,555,9.9,551.1,0,551.4,51.4,22.7,22.6,11.3,11.4,22.7,22.6,11.3,11.4,232.5,233.4,232.3,52.8,52.3,52.6,0,0,0,0,0,0,0,0,0,0,0,0,0,0,0,0,0,36,0,OK
8时02分24秒,46/79 静置,554.59,23.64,13109.2,554.42,23.57,13067.85,550.94,11.69,6440.75,550.74,11.76,6476.05,36,47.6,48.5,552.8,9.9,554.1,10.2,550.2,0,550.4,51.4,23.2,23.1,11.5,11.6,23.2,23.1,11.5,11.6,232.4,233.3,232.3,53.8,53.2,53.5,0,0,0,0,0,0,0,0,0,0,0,0,0,0,0,0,0,36,0,OK
8时02分29秒,46/79 静置,554.59,23.64,13109.2,554.42,23.57,13067.85,550.94,11.69,6440.75,550.74,11.76,6476.05,36,47.6,48.5,552.8,9.9,554.1,10.2,550.2,0,550.4,51.4,23.2,23.1,11.5,11.6,23.2,23.1,11.5,11.6,232.4,233.3,232.3,53.8,53.2,53.5,0,0,0,0,0,0,0,0,0,0,0,0,0,0,0,0,0,36,0,OK
8时02分34秒,46/79 静置,553.49,24.12,13348.7,553.6,24.05,13316.69,549.3,11.93,6554.08,547.45,12,6569.45,36,48.1,49,551.9,10.1,553.3,10.4,548.8,0,547.6,51.4,23.7,23.5,11.8,11.8,23.7,23.5,11.8,11.8,232.3,233.2,232.1,54.8,54.2,54.5,0,0,0,0,0,0,0,0,0,0,0,0,0,0,0,0,0,36,0,OK
8时02分39秒,46/79 静置,553.49,24.12,13348.7,553.6,24.05,13316.69,549.3,11.93,6554.08,547.45,12,6569.45,36,48.1,49,551.9,10.1,553.3,10.4,548.8,0,547.6,51.4,23.7,23.5,11.8,11.8,23.7,23.5,11.8,11.8,232.3,233.2,232.1,54.8,54.2,54.5,0,0,0,0,0,0,0,0,0,0,0,0,0,0,0,0,0,36,0,OK
8时02分44秒,46/79 静置,552.12,24.85,13719.5,552.23,24.79,13688.81,544.38,12.04,6557.02,544.17,12.03,6544.35,36,48.5,49.5,550.5,10.6,551.9,10.7,543.6,0,544,51.4,24.4,24.3,11.9,11.9,24.4,24.3,11.9,11.9,232.1,233.1,232.1,55.7,55.2,55.5,0,0,0,0,0,0,0,0,0,0,0,0,0,0,0,0,0,36,0,OK
8时02分49秒,46/79 静置,552.12,24.85,13719.5,552.23,24.79,13688.81,544.38,12.04,6557.02,544.17,12.03,6544.35,36,48.5,49.5,550.5,10.6,551.9,10.7,543.6,0,544,51.4,24.4,24.3,11.9,11.9,24.4,24.3,11.9,11.9,232.1,233.1,232.1,55.7,55.2,55.5,0,0,0,0,0,0,0,0,0,0,0,0,0,0,0,0,0,36,0,OK
8时02分54秒,46/79 静置,550.75,25.57,14082.92,550.59,25.48,14029.92,544.38,12.04,6553.3,544.44,12.03,6550.83,36,49,50,549.1,10.8,550.5,11,543.6,0,544,51.4,25.1,24.9,11.9,11.9,25.1,24.9,11.9,11.9,232.1,233.1,232,56.7,56.2,56.5,0,0,0,0,0,0,0,0,0,0,0,0,0,0,0,0,0,36,0,OK
8时02分59秒,46/79 静置,550.75,25.57,14082.92,550.59,25.48,14029.92,544.38,12.04,6553.3,544.44,12.03,6550.83,36,49,50,549.1,10.8,550.5,11,543.6,0,544,51.4,25.1,24.9,11.9,11.9,25.1,24.9,11.9,11.9,232.1,233.1,232,56.7,56.2,56.5,0,0,0,0,0,0,0,0,0,0,0,0,0,0,0,0,0,36,0,OK
8时03分04秒,46/79 静置,549.38,26.01,14289.85,546.49,26.01,14215.25,547.39,12,6568.66,549.65,11.97,6578.57,36,49.4,50.6,545.3,11.1,547.4,11.4,546.8,0,547.2,51.4,25.5,25.4,11.8,11.8,25.5,25.4,11.8,11.8,232.2,233.1,232,57.2,56.7,57,0,0,0,0,0,0,0,0,0,0,0,0,0,0,0,0,0,36,0,OK
8时03分09秒,46/79 静置,549.38,26.01,14289.85,546.49,26.01,14215.25,547.39,12,6568.66,549.65,11.97,6578.57,36,49.4,50.6,545.3,11.1,547.4,11.4,546.8,0,547.2,51.4,25.5,25.4,11.8,11.8,25.5,25.4,11.8,11.8,232.2,233.1,232,57.2,56.7,57,0,0,0,0,0,0,0,0,0,0,0,0,0,0,0,0,0,36,0,OK
8时03分14秒,46/79 静置,547.46,26.01,14237.83,549.5,25.95,14256.95,547.39,12,6567.06,549.1,11.94,6554.85,36,50,51.2,547.2,11,548.5,11.4,547.5,0,548.6,51.4,25.5,25.4,11.8,11.8,25.5,25.4,11.8,11.8,232.1,232.9,232,57.3,56.8,57.1,0,0,0,0,0,0,0,0,0,0,0,0,0,0,0,0,0,36,0,OK
8时03分19秒,46/79 静置,547.46,26.01,14237.83,549.5,25.95,14256.95,547.39,12,6567.06,549.1,11.94,6554.85,36,50,51.2,547.2,11,548.5,11.4,547.5,0,548.6,51.4,25.5,25.4,11.8,11.8,25.5,25.4,11.8,11.8,232.1,232.9,232,57.3,56.8,57.1,0,0,0,0,0,0,0,0,0,0,0,0,0,0,0,0,0,36,0,OK
8时03分24秒,46/79 静置,549.93,25.85,14214.96,546.77,26.04,14237.32,550.67,11.92,6561.78,547.73,11.99,6569.52,36,50.5,51.7,547.7,11,547.7,11.2,548.6,0,547.5,51.4,25.4,25.5,11.8,11.8,25.4,25.5,11.8,11.8,232.6,233.5,232.5,57.2,56.7,57,0,0,0,0,0,0,0,0,0,0,0,0,0,0,0,0,0,36,0,OK
8时03分29秒,46/79 静置,549.93,25.85,14214.96,546.77,26.04,14237.32,550.67,11.92,6561.78,547.73,11.99,6569.52,36,50.5,51.7,547.7,11,547.7,11.2,548.6,0,547.5,51.4,25.4,25.5,11.8,11.8,25.4,25.5,11.8,11.8,232.6,233.5,232.5,57.2,56.7,57,0,0,0,0,0,0,0,0,0,0,0,0,0,0,0,0,0,36,0,OK
8时03分34秒,46/79 静置,547.74,26.03,14258.34,548.68,26.01,14272.66,549.58,11.97,6577.2,548.28,12,6580.38,36,51,52.2,546.2,11.1,548.4,11.1,547.5,0,547.2,51.4,25.5,25.4,11.8,11.8,25.5,25.4,11.8,11.8,231.7,232.5,231.5,57.5,56.9,57.2,0,0,0,0,0,0,0,0,0,0,0,0,0,0,0,0,0,36,0,OK
8时03分39秒,46/79 静置,547.74,26.03,14258.34,548.68,26.01,14272.66,549.58,11.97,6577.2,548.28,12,6580.38,36,51,52.2,546.2,11.1,548.4,11.1,547.5,0,547.2,51.4,25.5,25.4,11.8,11.8,25.5,25.4,11.8,11.8,231.7,232.5,231.5,57.5,56.9,57.2,0,0,0,0,0,0,0,0,0,0,0,0,0,0,0,0,0,36,0,OK
8时03分44秒,46/79 静置,548.83,25.99,14265.96,548.95,25.95,14246.54,548.21,11.99,6571.01,548,11.99,6568,37,51.5,52.6,547.2,11,548.4,11.5,547.8,0,548,51.4,25.5,25.4,11.8,11.8,25.5,25.4,11.8,11.8,232.2,233.1,232.1,57.3,56.8,57.1,0,0,0,0,0,0,0,0,0,0,0,0,0,0,0,0,0,37,0,OK
8时03分49秒,46/79 静置,548.83,25.99,14265.96,548.95,25.95,14246.54,548.21,11.99,6571.01,548,11.99,6568,37,51.5,52.6,547.2,11,548.4,11.5,547.8,0,548,51.4,25.5,25.4,11.8,11.8,25.5,25.4,11.8,11.8,232.2,233.1,232.1,57.3,56.8,57.1,0,0,0,0,0,0,0,0,0,0,0,0,0,0,0,0,0,37,0,OK
8时03分54秒,46/79 静置,549.38,25.88,14216.35,549.23,25.88,14216.06,549.3,11.97,6577.69,548.55,12,6580.46,37,52,53.1,547.5,11,548.7,11.4,548.4,0,547.7,51.4,25.4,25.4,11.8,11.8,25.4,25.4,11.8,11.8,232.4,233.4,232.3,57.3,56.7,57,0,0,0,0,0,0,0,0,0,0,0,0,0,0,0,0,0,37,0,OK
8时03分59秒,46/79 静置,549.38,25.88,14216.35,549.23,25.88,14216.06,549.3,11.97,6577.69,548.55,12,6580.46,37,52,53.1,547.5,11,548.7,11.4,548.4,0,547.7,51.4,25.4,25.4,11.8,11.8,25.4,25.4,11.8,11.8,232.4,233.4,232.3,57.3,56.7,57,0,0,0,0,0,0,0,0,0,0,0,0,0,0,0,0,0,37,0,OK
8时04分04秒,46/79 静置,548.56,26.01,14269,547.86,26.03,14262.56,549.3,11.97,6574.47,549.65,11.97,6581.79,37,52.4,53.5,546,11,547.8,11.4,548.5,0,549,51.4,25.5,25.5,11.8,11.8,25.5,25.5,11.8,11.8,232.1,233.1,232,57.3,56.8,57.1,0,0,0,0,0,0,0,0,0,0,0,0,0,0,0,0,0,37,0,OK
8时04分09秒,46/79 静置,548.56,26.01,14269,547.86,26.03,14262.56,549.3,11.97,6574.47,549.65,11.97,6581.79,37,52.4,53.5,546,11,547.8,11.4,548.5,0,549,51.4,25.5,25.5,11.8,11.8,25.5,25.5,11.8,11.8,232.1,233.1,232,57.3,56.8,57.1,0,0,0,0,0,0,0,0,0,0,0,0,0,0,0,0,0,37,0,OK
8时04分14秒,46/79 静置,547.74,25.95,14211.27,549.5,25.97,14272.51,546.84,12,6562.1,550.19,11.92,6556.65,37,52.8,53.8,547.2,11.1,548.4,11.5,547.3,0,548.8,51.4,25.4,25.4,11.8,11.8,25.4,25.4,11.8,11.8,232.2,233.1,232.1,57.3,56.7,57,0,0,0,0,0,0,0,0,0,0,0,0,0,0,0,0,0,37,0,OK
8时04分19秒,46/79 静置,547.74,25.95,14211.27,549.5,25.97,14272.51,546.84,12,6562.1,550.19,11.92,6556.65,37,52.8,53.8,547.2,11.1,548.4,11.5,547.3,0,548.8,51.4,25.4,25.4,11.8,11.8,25.4,25.4,11.8,11.8,232.2,233.1,232.1,57.3,56.7,57,0,0,0,0,0,0,0,0,0,0,0,0,0,0,0,0,0,37,0,OK
8时04分24秒,46/79 静置,548.29,25.95,14228.69,546.77,26.03,14230.37,549.58,11.92,6551.98,548.82,11.97,6567.12,37,53.3,54.2,547.4,10.9,547.8,11.2,548.2,0,548.2,51.4,25.4,25.4,11.8,11.8,25.4,25.4,11.8,11.8,232.5,233.5,232.4,57.3,56.7,57,0,0,0,0,0,0,0,0,0,0,0,0,0,0,0,0,0,37,0,OK
8时04分29秒,46/79 静置,548.29,25.95,14228.69,546.77,26.03,14230.37,549.58,11.92,6551.98,548.82,11.97,6567.12,37,53.3,54.2,547.4,10.9,547.8,11.2,548.2,0,548.2,51.4,25.4,25.4,11.8,11.8,25.4,25.4,11.8,11.8,232.5,233.5,232.4,57.3,56.7,57,0,0,0,0,0,0,0,0,0,0,0,0,0,0,0,0,0,37,0,OK
8时04分34秒,46/79 静置,546.64,26.03,14231.39,547.59,26.03,14253.3,548.76,11.98,6574.35,547.73,12,6570.59,37,53.7,54.5,546.2,11,547.3,11.2,547.6,0,547.2,51.4,25.5,25.5,11.8,11.8,25.5,25.5,11.8,11.8,232.3,233.2,232.1,57.3,56.8,57.1,0,0,0,0,0,0,0,0,0,0,0,0,0,0,0,0,0,37,0,OK
8时04分39秒,46/79 静置,546.64,26.03,14231.39,547.59,26.03,14253.3,548.76,11.98,6574.35,547.73,12,6570.59,37,53.7,54.5,546.2,11,547.3,11.2,547.6,0,547.2,51.4,25.5,25.5,11.8,11.8,25.5,25.5,11.8,11.8,232.3,233.2,232.1,57.3,56.8,57.1,0,0,0,0,0,0,0,0,0,0,0,0,0,0,0,0,0,37,0,OK
8时04分44秒,46/79 静置,547.46,26.01,14240.5,548.13,26.02,14264.33,549.03,11.95,6561.01,549.37,11.94,6560.8,37,54,54.9,546.9,11,547.8,11.4,548.3,0,549.2,51.4,25.5,25.5,11.8,11.8,25.5,25.5,11.8,11.8,232.4,233.2,232.2,57.4,56.8,57.1,0,0,0,0,0,0,0,0,0,0,0,0,0,0,0,0,0,37,0,OK
8时04分49秒,46/79 静置,547.46,26.01,14240.5,548.13,26.02,14264.33,549.03,11.95,6561.01,549.37,11.94,6560.8,37,54,54.9,546.9,11,547.8,11.4,548.3,0,549.2,51.4,25.5,25.5,11.8,11.8,25.5,25.5,11.8,11.8,232.4,233.2,232.2,57.4,56.8,57.1,0,0,0,0,0,0,0,0,0,0,0,0,0,0,0,0,0,37,0,OK
8时04分54秒,46/79 静置,549.11,25.95,14249.5,548.68,25.99,14259.27,549.58,11.97,6579.35,548,11.98,6564.25,38,54.4,55.2,546.9,10.9,548.1,11.3,548.2,0,548.1,51.4,25.5,25.4,11.8,11.8,25.5,25.4,11.8,11.8,232.4,233.1,232.1,57.3,56.7,57,0,0,0,0,0,0,0,0,0,0,0,0,0,0,0,0,0,38,0,OK
8时04分59秒,46/79 静置,549.11,25.95,14249.5,548.68,25.99,14259.27,549.58,11.97,6579.35,548,11.98,6564.25,38,54.4,55.2,546.9,10.9,548.1,11.3,548.2,0,548.1,51.4,25.5,25.4,11.8,11.8,25.5,25.4,11.8,11.8,232.4,233.1,232.1,57.3,56.7,57,0,0,0,0,0,0,0,0,0,0,0,0,0,0,0,0,0,38,0,OK
8时05分04秒,46/79 静置,547.46,26.04,14258.68,548.41,26.04,14278.4,549.58,11.99,6587.94,547.45,12,6571.59,38,54.7,55.5,545.9,11.2,547.4,11.2,547.3,0,547.1,51.4,25.5,25.5,11.8,11.8,25.5,25.5,11.8,11.8,232.4,233.3,232.2,57.4,56.8,57.1,0,0,0,0,0,0,0,0,0,0,0,0,0,0,0,0,0,38,0,OK
8时05分09秒,46/79 静置,547.46,26.04,14258.68,548.41,26.04,14278.4,549.58,11.99,6587.94,547.45,12,6571.59,38,54.7,55.5,545.9,11.2,547.4,11.2,547.3,0,547.1,51.4,25.5,25.5,11.8,11.8,25.5,25.5,11.8,11.8,232.4,233.3,232.2,57.4,56.8,57.1,0,0,0,0,0,0,0,0,0,0,0,0,0,0,0,0,0,38,0,OK
8时05分14秒,46/79 静置,550.21,25.96,14281.15,547.86,26.01,14250.25,546.57,12,6560.42,549.37,11.96,6569.38,38,55,55.7,547.1,11,547.9,11.4,546.8,0,548.9,51.4,25.5,25.4,11.8,11.8,25.5,25.4,11.8,11.8,232.5,233.4,232.3,57.2,56.6,56.9,0,0,0,0,0,0,0,0,0,0,0,0,0,0,0,0,0,38,0,OK
8时05分19秒,46/79 静置,550.21,25.96,14281.15,547.86,26.01,14250.25,546.57,12,6560.42,549.37,11.96,6569.38,38,55,55.7,547.1,11,547.9,11.4,546.8,0,548.9,51.4,25.5,25.4,11.8,11.8,25.5,25.4,11.8,11.8,232.5,233.4,232.3,57.2,56.6,56.9,0,0,0,0,0,0,0,0,0,0,0,0,0,0,0,0,0,38,0,OK
8时05分24秒,46/79 静置,547.46,25.99,14229.81,548.95,26.01,14280.85,547.39,11.99,6562.25,548.55,11.99,6575.63,38,55.3,56,547.4,10.9,548.2,11.3,547.9,0,548.1,51.4,25.4,25.4,11.8,11.8,25.4,25.4,11.8,11.8,232.3,233.3,232,57.4,56.8,57.1,0,0,0,0,0,0,0,0,0,0,0,0,0,0,0,0,0,38,0,OK
8时05分29秒,46/79 静置,547.46,25.99,14229.81,548.95,26.01,14280.85,547.39,11.99,6562.25,548.55,11.99,6575.63,38,55.3,56,547.4,10.9,548.2,11.3,547.9,0,548.1,51.4,25.4,25.4,11.8,11.8,25.4,25.4,11.8,11.8,232.3,233.3,232,57.4,56.8,57.1,0,0,0,0,0,0,0,0,0,0,0,0,0,0,0,0,0,38,0,OK
8时05分34秒,46/79 静置,546.64,26.04,14236.73,549.77,25.94,14262.97,547.94,12,6576.3,547.73,12,6573.27,38,55.7,56.2,546.2,11.2,548.1,11.3,547,0,547.1,51.4,25.5,25.4,11.8,11.8,25.5,25.4,11.8,11.8,232.2,233.3,232.1,57.4,56.8,57.1,0,0,0,0,0,0,0,0,0,0,0,0,0,0,0,0,0,38,0,OK
8时05分39秒,46/79 静置,546.64,26.04,14236.73,549.77,25.94,14262.97,547.94,12,6576.3,547.73,12,6573.27,38,55.7,56.2,546.2,11.2,548.1,11.3,547,0,547.1,51.4,25.5,25.4,11.8,11.8,25.5,25.4,11.8,11.8,232.2,233.3,232.1,57.4,56.8,57.1,0,0,0,0,0,0,0,0,0,0,0,0,0,0,0,0,0,38,0,OK
8时05分44秒,46/79 静置,548.56,25.98,14252.93,547.04,26.04,14246.01,548.76,11.99,6580.25,549.1,11.96,6568.8,38,56,56.4,546.5,11.1,547.4,11.4,547.3,0,548.8,51.4,25.5,25.5,11.8,11.8,25.5,25.5,11.8,11.8,232.1,233.4,232.3,57.4,56.8,57.1,0,0,0,0,0,0,0,0,0,0,0,0,0,0,0,0,0,38,0,OK
8时05分49秒,46/79 静置,548.56,25.98,14252.93,547.04,26.04,14246.01,548.76,11.99,6580.25,549.1,11.96,6568.8,38,56,56.4,546.5,11.1,547.4,11.4,547.3,0,548.8,51.4,25.5,25.5,11.8,11.8,25.5,25.5,11.8,11.8,232.1,233.4,232.3,57.4,56.8,57.1,0,0,0,0,0,0,0,0,0,0,0,0,0,0,0,0,0,38,0,OK
8时05分54秒,46/79 静置,548.83,25.96,14246.66,548.41,26.02,14271.98,548.48,12,6583.93,548.82,12,6585.34,38,56.2,56.6,547.1,11,548.1,11.2,546.9,0,548,51.4,25.5,25.4,11.8,11.8,25.5,25.4,11.8,11.8,232.1,233.2,232.2,57.4,56.8,57.1,0,0,0,0,0,0,0,0,0,0,0,0,0,0,0,0,0,38,0,OK
8时05分59秒,46/79 静置,548.83,25.96,14246.66,548.41,26.02,14271.98,548.48,12,6583.93,548.82,12,6585.34,38,56.2,56.6,547.1,11,548.1,11.2,546.9,0,548,51.4,25.5,25.4,11.8,11.8,25.5,25.4,11.8,11.8,232.1,233.2,232.2,57.4,56.8,57.1,0,0,0,0,0,0,0,0,0,0,0,0,0,0,0,0,0,38,0,OK
8时06分04秒,46/79 静置,548.01,26.02,14259.03,548.95,25.9,14219.2,549.58,11.96,6572.37,547.45,12,6568.91,38,56.5,56.8,546.1,11.1,548.9,11.3,548.3,0,547.1,51.4,25.5,25.4,11.8,11.8,25.5,25.4,11.8,11.8,232.1,233.3,232.2,57.3,56.7,57.1,0,0,0,0,0,0,0,0,0,0,0,0,0,0,0,0,0,38,0,OK
8时06分09秒,46/79 静置,548.01,26.02,14259.03,548.95,25.9,14219.2,549.58,11.96,6572.37,547.45,12,6568.91,38,56.5,56.8,546.1,11.1,548.9,11.3,548.3,0,547.1,51.4,25.5,25.4,11.8,11.8,25.5,25.4,11.8,11.8,232.1,233.3,232.2,57.3,56.7,57.1,0,0,0,0,0,0,0,0,0,0,0,0,0,0,0,0,0,38,0,OK
8时06分14秒,46/79 静置,549.66,25.96,14266.93,549.23,25.99,14275.06,545.47,12.01,6553.15,548,11.97,6558.9,39,56.7,57,547.2,11,548.3,11.3,546,0,548.8,51.4,25.5,25.4,11.8,11.8,25.5,25.4,11.8,11.8,232.4,233.4,232.4,57.2,56.6,56.9,0,0,0,0,0,0,0,0,0,0,0,0,0,0,0,0,0,39,0,OK
8时06分19秒,46/79 静置,549.66,25.96,14266.93,549.23,25.99,14275.06,545.47,12.01,6553.15,548,11.97,6558.9,39,56.7,57,547.2,11,548.3,11.3,546,0,548.8,51.4,25.5,25.4,11.8,11.8,25.5,25.4,11.8,11.8,232.4,233.4,232.4,57.2,56.6,56.9,0,0,0,0,0,0,0,0,0,0,0,0,0,0,0,0,0,39,0,OK
8时06分24秒,46/79 静置,547.46,26,14231.95,547.86,25.98,14233.67,547.94,11.99,6569.88,548.55,11.99,6577.24,39,57,57.2,547.2,11,548.4,11.1,547.4,0,548.2,51.4,25.5,25.4,11.8,11.8,25.5,25.4,11.8,11.8,232.3,233.1,232.3,57.4,56.8,57.1,0,0,0,0,0,0,0,0,0,0,0,0,0,0,0,0,0,39,0,OK
8时06分29秒,46/79 静置,547.46,26,14231.95,547.86,25.98,14233.67,547.94,11.99,6569.88,548.55,11.99,6577.24,39,57,57.2,547.2,11,548.4,11.1,547.4,0,548.2,51.4,25.5,25.4,11.8,11.8,25.5,25.4,11.8,11.8,232.3,233.1,232.3,57.4,56.8,57.1,0,0,0,0,0,0,0,0,0,0,0,0,0,0,0,0,0,39,0,OK
8时06分34秒,46/79 静置,547.46,26.02,14244.24,550.05,25.96,14276.51,549.3,11.87,6522.97,547.73,12,6571.66,39,57.2,57.3,546.3,11,548.4,11.3,548.6,0,547.1,51.4,25.5,25.4,11.8,11.8,25.5,25.4,11.8,11.8,232.1,233.2,232.4,57.4,56.8,57.1,0,0,0,0,0,0,0,0,0,0,0,0,0,0,0,0,0,39,0,OK
8时06分39秒,46/79 静置,547.46,26.02,14244.24,550.05,25.96,14276.51,549.3,11.87,6522.97,547.73,12,6571.66,39,57.2,57.3,546.3,11,548.4,11.3,548.6,0,547.1,51.4,25.5,25.4,11.8,11.8,25.5,25.4,11.8,11.8,232.1,233.2,232.4,57.4,56.8,57.1,0,0,0,0,0,0,0,0,0,0,0,0,0,0,0,0,0,39,0,OK
8时06分44秒,46/79 静置,549.11,26,14278.99,547.31,26.01,14237.63,548.76,11.97,6568.99,548.82,11.98,6573.02,39,57.3,57.5,546.5,11,548.2,11.3,547.8,0,548.8,51.4,25.5,25.4,11.8,11.8,25.5,25.4,11.8,11.8,232.3,233.3,232.5,57.4,56.8,57.1,0,0,0,0,0,0,0,0,0,0,0,0,0,0,0,0,0,39,0,OK
8时06分49秒,46/79 静置,549.11,26,14278.99,547.31,26.01,14237.63,548.76,11.97,6568.99,548.82,11.98,6573.02,39,57.3,57.5,546.5,11,548.2,11.3,547.8,0,548.8,51.4,25.5,25.4,11.8,11.8,25.5,25.4,11.8,11.8,232.3,233.3,232.5,57.4,56.8,57.1,0,0,0,0,0,0,0,0,0,0,0,0,0,0,0,0,0,39,0,OK
8时06分54秒,46/79 静置,549.93,25.89,14239.12,547.59,26.04,14260.25,549.03,11.99,6581.38,548.82,11.98,6576.23,39,57.5,57.7,547.4,11.1,547.4,11.2,547.8,0,548.4,51.4,25.4,25.5,11.8,11.8,25.4,25.5,11.8,11.8,232.3,233.2,232.5,57.4,56.8,57.2,0,0,0,0,0,0,0,0,0,0,0,0,0,0,0,0,0,39,0,OK
8时06分59秒,46/79 静置,549.93,25.89,14239.12,547.59,26.04,14260.25,549.03,11.99,6581.38,548.82,11.98,6576.23,39,57.5,57.7,547.4,11.1,547.4,11.2,547.8,0,548.4,51.4,25.4,25.5,11.8,11.8,25.4,25.5,11.8,11.8,232.3,233.2,232.5,57.4,56.8,57.2,0,0,0,0,0,0,0,0,0,0,0,0,0,0,0,0,0,39,0,OK
8时07分04秒,46/79 静置,547.74,26.04,14261.01,548.41,26.01,14265.01,549.58,11.97,6578.81,547.73,12,6573.27,39,57.7,57.8,546.2,10.9,548,11.3,548.6,0,547.2,51.4,25.5,25.4,11.8,11.8,25.5,25.4,11.8,11.8,232.2,233.2,232.4,57.4,56.8,57.2,0,0,0,0,0,0,0,0,0,0,0,0,0,0,0,0,0,39,0,OK
8时07分09秒,46/79 静置,547.74,26.04,14261.01,548.41,26.01,14265.01,549.58,11.97,6578.81,547.73,12,6573.27,39,57.7,57.8,546.2,10.9,548,11.3,548.6,0,547.2,51.4,25.5,25.4,11.8,11.8,25.5,25.4,11.8,11.8,232.2,233.2,232.4,57.4,56.8,57.2,0,0,0,0,0,0,0,0,0,0,0,0,0,0,0,0,0,39,0,OK
8时07分14秒,46/79 静置,548.83,25.96,14250.41,548.68,25.91,14215.87,547.66,12,6569.27,550.74,11.87,6538.98,39,57.9,58,546.9,10.9,548.9,11.1,547.5,0,549.6,51.4,25.5,25.4,11.8,11.7,25.5,25.4,11.8,11.7,232.4,233.3,232.6,57.2,56.6,56.9,0,0,0,0,0,0,0,0,0,0,0,0,0,0,0,0,0,39,0,OK
8时07分19秒,46/79 静置,548.83,25.96,14250.41,548.68,25.91,14215.87,547.66,12,6569.27,550.74,11.87,6538.98,39,57.9,58,546.9,10.9,548.9,11.1,547.5,0,549.6,51.4,25.5,25.4,11.8,11.7,25.5,25.4,11.8,11.7,232.4,233.3,232.6,57.2,56.6,56.9,0,0,0,0,0,0,0,0,0,0,0,0,0,0,0,0,0,39,0,OK
8时07分24秒,46/79 静置,548.83,25.99,14263.28,548.95,26.02,14282.99,549.3,11.96,6566.96,546.36,12.01,6561.1,39,58,58.1,547.2,11.2,547.7,11.2,548.2,0,547.2,51.4,25.5,25.4,11.8,11.8,25.5,25.4,11.8,11.8,232.3,233.1,232.4,57.4,56.8,57.1,0,0,0,0,0,0,0,0,0,0,0,0,0,0,0,0,0,39,0,OK
8时07分29秒,46/79 静置,548.83,25.99,14263.28,548.95,26.02,14282.99,549.3,11.96,6566.96,546.36,12.01,6561.1,39,58,58.1,547.2,11.2,547.7,11.2,548.2,0,547.2,51.4,25.5,25.4,11.8,11.8,25.5,25.4,11.8,11.8,232.3,233.1,232.4,57.4,56.8,57.1,0,0,0,0,0,0,0,0,0,0,0,0,0,0,0,0,0,39,0,OK
8时07分34秒,46/79 静置,548.01,25.99,14245.12,546.49,26.02,14221.66,547.94,11.98,6565.59,549.1,11.94,6558.07,39,58.2,58.2,546.6,10.9,547.8,11.2,547.6,0,548.3,51.4,25.5,25.4,11.8,11.8,25.5,25.4,11.8,11.8,232.4,233.2,232.5,57.4,56.8,57.1,0,0,0,0,0,0,0,0,0,0,0,0,0,0,0,0,0,39,0,OK
8时07分39秒,46/79 静置,548.01,25.99,14245.12,546.49,26.02,14221.66,547.94,11.98,6565.59,549.1,11.94,6558.07,39,58.2,58.2,546.6,10.9,547.8,11.2,547.6,0,548.3,51.4,25.5,25.4,11.8,11.8,25.5,25.4,11.8,11.8,232.4,233.2,232.5,57.4,56.8,57.1,0,0,0,0,0,0,0,0,0,0,0,0,0,0,0,0,0,39,0,OK
8时07分44秒,46/79 静置,549.93,25.94,14264.9,547.31,26.01,14234.96,547.66,11.98,6560.18,548,12.01,6581.37,40,58.3,58.3,546.6,11,548.2,11.3,548.1,0,547.8,51.4,25.5,25.4,11.8,11.8,25.5,25.4,11.8,11.8,232.3,232.9,232.3,57.5,56.9,57.2,0,0,0,0,0,0,0,0,0,0,0,0,0,0,0,0,0,40,0,OK
8时07分49秒,46/79 静置,549.93,25.94,14264.9,547.31,26.01,14234.96,547.66,11.98,6560.18,548,12.01,6581.37,40,58.3,58.3,546.6,11,548.2,11.3,548.1,0,547.8,51.4,25.5,25.4,11.8,11.8,25.5,25.4,11.8,11.8,232.3,232.9,232.3,57.5,56.9,57.2,0,0,0,0,0,0,0,0,0,0,0,0,0,0,0,0,0,40,0,OK
8时07分54秒,46/79 静置,547.74,26.04,14264.22,549.77,25.94,14260.29,546.57,12.01,6562.02,548.55,11.99,6578.85,40,58.5,58.4,546.1,11,548.2,11.2,547,0,548.3,51.4,25.5,25.4,11.8,11.8,25.5,25.4,11.8,11.8,232.4,233,232.4,57.4,56.8,57.2,0,0,0,0,0,0,0,0,0,0,0,0,0,0,0,0,0,40,0,OK
8时07分59秒,46/79 静置,547.74,26.04,14264.22,549.77,25.94,14260.29,546.57,12.01,6562.02,548.55,11.99,6578.85,40,58.5,58.4,546.1,11,548.2,11.2,547,0,548.3,51.4,25.5,25.4,11.8,11.8,25.5,25.4,11.8,11.8,232.4,233,232.4,57.4,56.8,57.2,0,0,0,0,0,0,0,0,0,0,0,0,0,0,0,0,0,40,0,OK
8时08分04秒,46/79 静置,548.83,26.01,14276.68,547.86,26.03,14263.09,548.76,11.99,6578.1,548.55,11.94,6549.38,40,58.6,58.5,546.9,11,547.3,11.2,547.8,0,549,51.4,25.5,25.5,11.8,11.8,25.5,25.5,11.8,11.8,232.4,233.1,232.5,57.4,56.8,57.2,0,0,0,0,0,0,0,0,0,0,0,0,0,0,0,0,0,40,0,OK
8时08分09秒,46/79 静置,548.83,26.01,14276.68,547.86,26.03,14263.09,548.76,11.99,6578.1,548.55,11.94,6549.38,40,58.6,58.5,546.9,11,547.3,11.2,547.8,0,549,51.4,25.5,25.5,11.8,11.8,25.5,25.5,11.8,11.8,232.4,233.1,232.5,57.4,56.8,57.2,0,0,0,0,0,0,0,0,0,0,0,0,0,0,0,0,0,40,0,OK
8时08分14秒,46/79 静置,548.56,25.93,14224.54,548.68,26.02,14274.81,549.3,11.97,6572.86,547.45,11.99,6566.24,40,58.7,58.6,547.5,11,547.6,11.2,548.5,0,547,51.4,25.5,25.4,11.8,11.8,25.5,25.4,11.8,11.8,232.5,233.1,232.5,57.4,56.8,57.1,0,0,0,0,0,0,0,0,0,0,0,0,0,0,0,0,0,40,0,OK
8时08分19秒,46/79 静置,548.56,25.93,14224.54,548.68,26.02,14274.81,549.3,11.97,6572.86,547.45,11.99,6566.24,40,58.7,58.6,547.5,11,547.6,11.2,548.5,0,547,51.4,25.5,25.4,11.8,11.8,25.5,25.4,11.8,11.8,232.5,233.1,232.5,57.4,56.8,57.1,0,0,0,0,0,0,0,0,0,0,0,0,0,0,0,0,0,40,0,OK
8时08分24秒,46/79 静置,549.11,26,14275.77,548.68,25.98,14257.12,549.58,11.98,6584.72,549.65,11.97,6580.72,41,58.8,58.7,546.6,11.2,548.4,11.1,547.8,0,547.8,51.4,25.5,25.4,11.8,11.8,25.5,25.4,11.8,11.8,232.5,233.1,232.5,57.3,56.7,57.1,0,0,0,0,0,0,0,0,0,0,0,0,0,0,0,0,0,41,0,OK
8时08分29秒,46/79 静置,549.11,26,14275.77,548.68,25.98,14257.12,549.58,11.98,6584.72,549.65,11.97,6580.72,41,58.8,58.7,546.6,11.2,548.4,11.1,547.8,0,547.8,51.4,25.5,25.4,11.8,11.8,25.5,25.4,11.8,11.8,232.5,233.1,232.5,57.3,56.7,57.1,0,0,0,0,0,0,0,0,0,0,0,0,0,0,0,0,0,41,0,OK
8时08分34秒,46/79 静置,546.92,26.01,14227.85,548.68,26.01,14273.73,547.66,11.99,6568.2,546.91,12,6563.41,41,59,58.8,546.7,11.1,547.7,11.1,547.1,0,547.7,51.4,25.5,25.4,11.8,11.8,25.5,25.4,11.8,11.8,232.4,233.3,232.4,57.4,56.8,57.1,0,0,0,0,0,0,0,0,0,0,0,0,0,0,0,0,0,41,0,OK
8时08分39秒,46/79 静置,546.92,26.01,14227.85,548.68,26.01,14273.73,547.66,11.99,6568.2,546.91,12,6563.41,41,59,58.8,546.7,11.1,547.7,11.1,547.1,0,547.7,51.4,25.5,25.4,11.8,11.8,25.5,25.4,11.8,11.8,232.4,233.3,232.4,57.4,56.8,57.1,0,0,0,0,0,0,0,0,0,0,0,0,0,0,0,0,0,41,0,OK
8时08分44秒,46/79 静置,549.38,25.98,14270.54,550.05,25.93,14261.47,547.66,12,6571.41,549.37,11.92,6549.53,41,59.1,58.9,546.4,11.1,548.6,11.2,546.6,0,548.6,51.4,25.5,25.4,11.8,11.8,25.5,25.4,11.8,11.8,232.3,233.5,232.5,57.4,56.8,57.1,0,0,0,0,0,0,0,0,0,0,0,0,0,0,0,0,0,41,0,OK
8时08分49秒,46/79 静置,549.38,25.98,14270.54,550.05,25.93,14261.47,547.66,12,6571.41,549.37,11.92,6549.53,41,59.1,58.9,546.4,11.1,548.6,11.2,546.6,0,548.6,51.4,25.5,25.4,11.8,11.8,25.5,25.4,11.8,11.8,232.3,233.5,232.5,57.4,56.8,57.1,0,0,0,0,0,0,0,0,0,0,0,0,0,0,0,0,0,41,0,OK
8时08分54秒,46/79 静置,546.37,26.03,14222.67,548.95,25.97,14256.19,547.39,12,6567.59,548.82,11.99,6578.91,41,59.2,59,546.1,11,548.3,11.3,547.5,0,548.4,51.4,25.5,25.4,11.8,11.8,25.5,25.4,11.8,11.8,231.9,233.2,232.1,57.5,56.9,57.2,0,0,0,0,0,0,0,0,0,0,0,0,0,0,0,0,0,41,0,OK
8时08分59秒,46/79 静置,546.37,26.03,14222.67,548.95,25.97,14256.19,547.39,12,6567.59,548.82,11.99,6578.91,41,59.2,59,546.1,11,548.3,11.3,547.5,0,548.4,51.4,25.5,25.4,11.8,11.8,25.5,25.4,11.8,11.8,231.9,233.2,232.1,57.5,56.9,57.2,0,0,0,0,0,0,0,0,0,0,0,0,0,0,0,0,0,41,0,OK
8时09分04秒,46/79 静置,547.46,26.01,14238.9,549.77,25.98,14281.76,549.03,11.97,6574.41,549.1,12,6588.1,41,59.2,59.1,546.7,11.1,548.5,11.4,547.8,0,547.5,51.4,25.5,25.4,11.8,11.8,25.5,25.4,11.8,11.8,231.9,233.1,232,57.5,56.9,57.3,0,0,0,0,0,0,0,0,0,0,0,0,0,0,0,0,0,41,0,OK
8时09分09秒,46/79 静置,547.46,26.01,14238.9,549.77,25.98,14281.76,549.03,11.97,6574.41,549.1,12,6588.1,41,59.2,59.1,546.7,11.1,548.5,11.4,547.8,0,547.5,51.4,25.5,25.4,11.8,11.8,25.5,25.4,11.8,11.8,231.9,233.1,232,57.5,56.9,57.3,0,0,0,0,0,0,0,0,0,0,0,0,0,0,0,0,0,41,0,OK
8时09分14秒,46/79 静置,549.38,25.91,14231.91,546.77,26.04,14237.85,549.58,11.97,6579.35,549.92,11.97,6580.77,42,59.3,59.2,547.2,10.9,547.5,11.4,548.1,0,548.6,51.4,25.5,25.5,11.8,11.8,25.5,25.5,11.8,11.8,232,233.3,232.1,57.3,56.7,57,0,0,0,0,0,0,0,0,0,0,0,0,0,0,0,0,0,42,0,OK
8时09分19秒,46/79 静置,549.38,25.91,14231.91,546.77,26.04,14237.85,549.58,11.97,6579.35,549.92,11.97,6580.77,42,59.3,59.2,547.2,10.9,547.5,11.4,548.1,0,548.6,51.4,25.5,25.5,11.8,11.8,25.5,25.5,11.8,11.8,232,233.3,232.1,57.3,56.7,57,0,0,0,0,0,0,0,0,0,0,0,0,0,0,0,0,0,42,0,OK
8时09分24秒,46/79 静置,549.38,25.87,14212.6,548.68,26.02,14278.02,548.48,11.97,6565.72,549.1,11.99,6582.2,42,59.4,59.2,547.4,11.1,548,11.2,548.2,0,547.7,51.4,25.5,25.4,11.8,11.8,25.5,25.4,11.8,11.8,232.2,233.5,232.4,57.4,56.8,57.2,0,0,0,0,0,0,0,0,0,0,0,0,0,0,0,0,0,42,0,OK
8时09分29秒,46/79 静置,549.38,25.87,14212.6,548.68,26.02,14278.02,548.48,11.97,6565.72,549.1,11.99,6582.2,42,59.4,59.2,547.4,11.1,548,11.2,548.2,0,547.7,51.4,25.5,25.4,11.8,11.8,25.5,25.4,11.8,11.8,232.2,233.5,232.4,57.4,56.8,57.2,0,0,0,0,0,0,0,0,0,0,0,0,0,0,0,0,0,42,0,OK
8时09分34秒,46/79 静置,548.56,25.98,14252.93,547.31,26.02,14240.84,550.4,11.91,6553.68,546.63,12,6560.12,42,59.5,59.3,546.7,11,547.2,11.1,548.4,0,547.7,51.4,25.5,25.5,11.8,11.8,25.5,25.5,11.8,11.8,232.2,233.6,232.5,57.3,56.7,57.1,0,0,0,0,0,0,0,0,0,0,0,0,0,0,0,0,0,42,0,OK
8时09分39秒,46/79 静置,548.56,25.98,14252.93,547.31,26.02,14240.84,550.4,11.91,6553.68,546.63,12,6560.12,42,59.5,59.3,546.7,11,547.2,11.1,548.4,0,547.7,51.4,25.5,25.5,11.8,11.8,25.5,25.5,11.8,11.8,232.2,233.6,232.5,57.3,56.7,57.1,0,0,0,0,0,0,0,0,0,0,0,0,0,0,0,0,0,42,0,OK
8时09分44秒,46/79 静置,548.83,26.02,14281.5,548.68,25.99,14258.2,549.3,11.96,6571.79,549.92,11.96,6575.4,42,59.6,59.3,546.5,11,548.6,11.2,547.6,0,548,51.4,25.5,25.4,11.8,11.8,25.5,25.4,11.8,11.8,232.2,233.5,232.5,57.4,56.8,57.2,0,0,0,0,0,0,0,0,0,0,0,0,0,0,0,0,0,42,0,OK
8时09分49秒,46/79 静置,548.83,26.02,14281.5,548.68,25.99,14258.2,549.3,11.96,6571.79,549.92,11.96,6575.4,42,59.6,59.3,546.5,11,548.6,11.2,547.6,0,548,51.4,25.5,25.4,11.8,11.8,25.5,25.4,11.8,11.8,232.2,233.5,232.5,57.4,56.8,57.2,0,0,0,0,0,0,0,0,0,0,0,0,0,0,0,0,0,42,0,OK
8时09分54秒,46/79 静置,547.46,26.03,14249.06,545.13,26.05,14202.05,550.67,11.86,6528.44,547.73,11.99,6566.85,42,59.7,59.4,545.8,11.1,546.4,11.2,548.7,0,547.6,51.4,25.6,25.5,11.8,11.8,25.6,25.5,11.8,11.8,231.9,233.1,232.1,57.5,56.9,57.2,0,0,0,0,0,0,0,0,0,0,0,0,0,0,0,0,0,42,0,OK
8时09分59秒,46/79 静置,547.46,26.03,14249.06,545.13,26.05,14202.05,550.67,11.86,6528.44,547.73,11.99,6566.85,42,59.7,59.4,545.8,11.1,546.4,11.2,548.7,0,547.6,51.4,25.6,25.5,11.8,11.8,25.6,25.5,11.8,11.8,231.9,233.1,232.1,57.5,56.9,57.2,0,0,0,0,0,0,0,0,0,0,0,0,0,0,0,0,0,42,0,OK
8时10分04秒,46/79 静置,547.19,26,14228.04,547.04,26.03,14238.53,547.94,12,6572.55,550.19,11.9,6546.44,42,59.7,59.5,546.7,11.1,547.9,11.4,547.1,0,549.1,51.4,25.5,25.4,11.8,11.7,25.5,25.4,11.8,11.7,232,233.2,232.2,57.5,56.9,57.3,0,0,0,0,0,0,0,0,0,0,0,0,0,0,0,0,0,42,0,OK
8时10分09秒,46/79 静置,547.19,26,14228.04,547.04,26.03,14238.53,547.94,12,6572.55,550.19,11.9,6546.44,42,59.7,59.5,546.7,11.1,547.9,11.4,547.1,0,549.1,51.4,25.5,25.4,11.8,11.7,25.5,25.4,11.8,11.7,232,233.2,232.2,57.5,56.9,57.3,0,0,0,0,0,0,0,0,0,0,0,0,0,0,0,0,0,42,0,OK
8时10分14秒,46/79 静置,548.56,26,14262.04,547.59,26.01,14242.61,547.66,12.01,6575.69,549.65,11.98,6583.94,43,59.8,59.5,546.7,11,548.3,11.3,545.8,0,548.3,51.4,25.5,25.4,11.9,11.8,25.5,25.4,11.9,11.8,232.2,233.4,232.4,57.4,56.8,57.2,0,0,0,0,0,0,0,0,0,0,0,0,0,0,0,0,0,43,0,OK
8时10分19秒,46/79 静置,548.56,26,14262.04,547.59,26.01,14242.61,547.66,12.01,6575.69,549.65,11.98,6583.94,43,59.8,59.5,546.7,11,548.3,11.3,545.8,0,548.3,51.4,25.5,25.4,11.9,11.8,25.5,25.4,11.9,11.8,232.2,233.4,232.4,57.4,56.8,57.2,0,0,0,0,0,0,0,0,0,0,0,0,0,0,0,0,0,43,0,OK
8时10分24秒,46/79 静置,548.83,26.03,14285.79,547.04,26.04,14246.01,549.03,11.99,6581.92,548.55,11.97,6565.99,43,59.9,59.6,546.1,11.2,547,11.2,547.6,0,548.7,51.4,25.5,25.5,11.8,11.8,25.5,25.5,11.8,11.8,232.3,233.3,232.3,57.4,56.8,57.1,0,0,0,0,0,0,0,0,0,0,0,0,0,0,0,0,0,43,0,OK
8时10分29秒,46/79 静置,548.83,26.03,14285.79,547.04,26.04,14246.01,549.03,11.99,6581.92,548.55,11.97,6565.99,43,59.9,59.6,546.1,11.2,547,11.2,547.6,0,548.7,51.4,25.5,25.5,11.8,11.8,25.5,25.5,11.8,11.8,232.3,233.3,232.3,57.4,56.8,57.1,0,0,0,0,0,0,0,0,0,0,0,0,0,0,0,0,0,43,0,OK
8时10分34秒,46/79 静置,549.38,25.97,14270,548.13,26.03,14265.93,548.21,12,6576.37,546.08,12.01,6558.34,43,60,59.7,547.2,11,547.4,11.4,546.2,0,546.8,51.4,25.5,25.5,11.9,11.8,25.5,25.5,11.9,11.8,232.3,233.2,232.2,57.4,56.8,57.2,0,0,0,0,0,0,0,0,0,0,0,0,0,0,0,0,0,43,0,OK
8时10分39秒,46/79 静置,549.38,25.97,14270,548.13,26.03,14265.93,548.21,12,6576.37,546.08,12.01,6558.34,43,60,59.7,547.2,11,547.4,11.4,546.2,0,546.8,51.4,25.5,25.5,11.9,11.8,25.5,25.5,11.9,11.8,232.3,233.2,232.2,57.4,56.8,57.2,0,0,0,0,0,0,0,0,0,0,0,0,0,0,0,0,0,43,0,OK
8时10分44秒,46/79 静置,547.19,26,14229.65,547.86,26,14247.04,550.4,11.91,6553.68,549.65,11.96,6574.81,43,60,59.7,547,10.9,548,11.3,548.7,0,547.8,51.4,25.5,25.4,11.8,11.8,25.5,25.4,11.8,11.8,232.4,233.2,232.3,57.4,56.8,57.2,0,0,0,0,0,0,0,0,0,0,0,0,0,0,0,0,0,43,0,OK
8时10分49秒,46/79 静置,547.19,26,14229.65,547.86,26,14247.04,550.4,11.91,6553.68,549.65,11.96,6574.81,43,60,59.7,547,10.9,548,11.3,548.7,0,547.8,51.4,25.5,25.4,11.8,11.8,25.5,25.4,11.8,11.8,232.4,233.2,232.3,57.4,56.8,57.2,0,0,0,0,0,0,0,0,0,0,0,0,0,0,0,0,0,43,0,OK
8时10分54秒,46/79 静置,549.66,25.98,14278.21,547.59,25.98,14228.17,549.85,11.96,6575.09,549.65,11.88,6530.8,43,60.1,59.8,546.4,11,548.6,11.2,547.7,0,548.9,51.4,25.5,25.4,11.8,11.8,25.5,25.4,11.8,11.8,232.5,233.4,232.4,57.5,56.8,57.2,0,0,0,0,0,0,0,0,0,0,0,0,0,0,0,0,0,43,0,OK
8时10分59秒,46/79 静置,549.66,25.98,14278.21,547.59,25.98,14228.17,549.85,11.96,6575.09,549.65,11.88,6530.8,43,60.1,59.8,546.4,11,548.6,11.2,547.7,0,548.9,51.4,25.5,25.4,11.8,11.8,25.5,25.4,11.8,11.8,232.5,233.4,232.4,57.5,56.8,57.2,0,0,0,0,0,0,0,0,0,0,0,0,0,0,0,0,0,43,0,OK
8时11分04秒,46/79 静置,549.38,25.84,14198.65,550.05,25.91,14252.34,548.76,11.99,6579.18,548.82,11.99,6581.06,44,60.1,59.8,547.3,11.1,548.5,11.2,547,0,548.4,51.4,25.5,25.4,11.8,11.8,25.5,25.4,11.8,11.8,232.7,233.5,232.2,57.4,56.8,57.2,0,0,0,0,0,0,0,0,0,0,0,0,0,0,0,0,0,44,0,OK
8时11分09秒,46/79 静置,549.38,25.84,14198.65,550.05,25.91,14252.34,548.76,11.99,6579.18,548.82,11.99,6581.06,44,60.1,59.8,547.3,11.1,548.5,11.2,547,0,548.4,51.4,25.5,25.4,11.8,11.8,25.5,25.4,11.8,11.8,232.7,233.5,232.2,57.4,56.8,57.2,0,0,0,0,0,0,0,0,0,0,0,0,0,0,0,0,0,44,0,OK
8时11分14秒,46/79 静置,549.11,26.02,14285.42,547.86,26.03,14260.42,547.94,11.99,6568.81,549.1,12,6587.03,44,60.2,59.8,546.9,11,547.7,11.2,547.1,0,547.4,51.4,25.5,25.4,11.8,11.8,25.5,25.4,11.8,11.8,232.7,233.5,232.2,57.4,56.9,57.2,0,0,0,0,0,0,0,0,0,0,0,0,0,0,0,0,0,44,0,OK
8时11分19秒,46/79 静置,549.11,26.02,14285.42,547.86,26.03,14260.42,547.94,11.99,6568.81,549.1,12,6587.03,44,60.2,59.8,546.9,11,547.7,11.2,547.1,0,547.4,51.4,25.5,25.4,11.8,11.8,25.5,25.4,11.8,11.8,232.7,233.5,232.2,57.4,56.9,57.2,0,0,0,0,0,0,0,0,0,0,0,0,0,0,0,0,0,44,0,OK
8时11分24秒,46/79 静置,550.21,25.84,14218.83,548.13,25.98,14240.24,548.76,11.94,6554.52,547.73,12,6573.27,44,60.3,59.9,547.5,11,548.3,11.3,548.4,0,547.4,51.4,25.5,25.4,11.8,11.8,25.5,25.4,11.8,11.8,232.4,233.3,231.9,57.5,56.9,57.3,0,0,0,0,0,0,0,0,0,0,0,0,0,0,0,0,0,44,0,OK
8时11分29秒,46/79 静置,550.21,25.84,14218.83,548.13,25.98,14240.24,548.76,11.94,6554.52,547.73,12,6573.27,44,60.3,59.9,547.5,11,548.3,11.3,548.4,0,547.4,51.4,25.5,25.4,11.8,11.8,25.5,25.4,11.8,11.8,232.4,233.3,231.9,57.5,56.9,57.3,0,0,0,0,0,0,0,0,0,0,0,0,0,0,0,0,0,44,0,OK
8时11分34秒,46/79 静置,548.83,25.97,14255.24,547.31,26.04,14253.67,549.85,11.96,6576.71,549.1,11.99,6582.2,44,60.3,59.9,546.7,11.1,546.9,11.3,548.3,0,548.2,51.4,25.5,25.5,11.8,11.8,25.5,25.5,11.8,11.8,232.4,233.2,232,57.4,56.8,57.1,0,0,0,0,0,0,0,0,0,0,0,0,0,0,0,0,0,44,0,OK
8时11分39秒,46/79 静置,548.83,25.97,14255.24,547.31,26.04,14253.67,549.85,11.96,6576.71,549.1,11.99,6582.2,44,60.3,59.9,546.7,11.1,546.9,11.3,548.3,0,548.2,51.4,25.5,25.5,11.8,11.8,25.5,25.5,11.8,11.8,232.4,233.2,232,57.4,56.8,57.1,0,0,0,0,0,0,0,0,0,0,0,0,0,0,0,0,0,44,0,OK
8时11分44秒,46/79 静置,548.83,25.95,14242.91,548.41,25.95,14233.42,549.58,11.98,6581.5,550.19,11.93,6564.71,44,60.3,60,547,11.1,548.6,11.2,547.5,0,548.5,51.4,25.5,25.4,11.8,11.8,25.5,25.4,11.8,11.8,232.4,233.3,232,57.4,56.9,57.2,0,0,0,0,0,0,0,0,0,0,0,0,0,0,0,0,0,44,0,OK
8时11分49秒,46/79 静置,548.83,25.95,14242.91,548.41,25.95,14233.42,549.58,11.98,6581.5,550.19,11.93,6564.71,44,60.3,60,547,11.1,548.6,11.2,547.5,0,548.5,51.4,25.5,25.4,11.8,11.8,25.5,25.4,11.8,11.8,232.4,233.3,232,57.4,56.9,57.2,0,0,0,0,0,0,0,0,0,0,0,0,0,0,0,0,0,44,0,OK
8时11分54秒,46/79 静置,548.29,26.02,14266.17,547.59,26.01,14241,547.94,11.99,6571.48,548.55,11.97,6568.13,44,60.4,60,546.3,11.1,547.6,11.2,547,0,547.8,51.4,25.5,25.4,11.8,11.8,25.5,25.4,11.8,11.8,232.3,233.2,231.9,57.5,57,57.2,0,0,0,0,0,0,0,0,0,0,0,0,0,0,0,0,0,44,0,OK
8时11分59秒,46/79 静置,548.29,26.02,14266.17,547.59,26.01,14241,547.94,11.99,6571.48,548.55,11.97,6568.13,44,60.4,60,546.3,11.1,547.6,11.2,547,0,547.8,51.4,25.5,25.4,11.8,11.8,25.5,25.4,11.8,11.8,232.3,233.2,231.9,57.5,57,57.2,0,0,0,0,0,0,0,0,0,0,0,0,0,0,0,0,0,44,0,OK
8时12分05秒,46/79 静置,549.66,25.95,14261.57,549.77,25.96,14271.56,549.3,11.9,6538.53,549.37,11.93,6555.97,45,60.5,60,547.4,11,548.2,11.4,548.3,0,548.6,51.4,25.4,25.4,11.8,11.8,25.4,25.4,11.8,11.8,232.5,233.4,232.1,57.4,56.9,57.2,0,0,0,0,0,0,0,0,0,0,0,0,0,0,0,0,0,45,0,OK
8时12分10秒,46/79 静置,549.66,25.95,14261.57,549.77,25.96,14271.56,549.3,11.9,6538.53,549.37,11.93,6555.97,45,60.5,60,547.4,11,548.2,11.4,548.3,0,548.6,51.4,25.4,25.4,11.8,11.8,25.4,25.4,11.8,11.8,232.5,233.4,232.1,57.4,56.9,57.2,0,0,0,0,0,0,0,0,0,0,0,0,0,0,0,0,0,45,0,OK
8时12分15秒,46/79 静置,549.66,25.98,14280.89,546.77,26.03,14234.65,548.76,11.96,6560.96,548.28,11.98,6565.92,45,60.5,60,546.8,11,547.7,11.3,547.9,0,548,51.4,25.5,25.4,11.8,11.8,25.5,25.4,11.8,11.8,232.5,233.3,232,57.5,56.9,57.2,0,0,0,0,0,0,0,0,0,0,0,0,0,0,0,0,0,45,0,OK
8时12分20秒,46/79 静置,549.66,25.98,14280.89,546.77,26.03,14234.65,548.76,11.96,6560.96,548.28,11.98,6565.92,45,60.5,60,546.8,11,547.7,11.3,547.9,0,548,51.4,25.5,25.4,11.8,11.8,25.5,25.4,11.8,11.8,232.5,233.3,232,57.5,56.9,57.2,0,0,0,0,0,0,0,0,0,0,0,0,0,0,0,0,0,45,0,OK
8时12分25秒,46/79 静置,547.74,26.03,14258.87,548.13,26.03,14267,549.03,11.9,6534.74,548.82,12.01,6590.17,45,60.5,60.1,546.2,11.1,548.1,11.1,548.6,0,546.9,51.4,25.5,25.4,11.8,11.8,25.5,25.4,11.8,11.8,232.4,233.2,232,57.5,57,57.2,0,0,0,0,0,0,0,0,0,0,0,0,0,0,0,0,0,45,0,OK
8时12分30秒,46/79 静置,547.74,26.03,14258.87,548.13,26.03,14267,549.03,11.9,6534.74,548.82,12.01,6590.17,45,60.5,60.1,546.2,11.1,548.1,11.1,548.6,0,546.9,51.4,25.5,25.4,11.8,11.8,25.5,25.4,11.8,11.8,232.4,233.2,232,57.5,57,57.2,0,0,0,0,0,0,0,0,0,0,0,0,0,0,0,0,0,45,0,OK
8时12分35秒,46/79 静置,547.74,25.99,14235.87,549.23,25.97,14263.8,548.21,11.98,6566.73,549.65,11.96,6573.74,45,60.6,60.1,546.7,11.1,548.3,11.1,547.6,0,548.6,51.4,25.5,25.4,11.8,11.8,25.5,25.4,11.8,11.8,232.2,233,231.7,57.4,56.9,57.2,0,0,0,0,0,0,0,0,0,0,0,0,0,0,0,0,0,45,0,OK
8时12分40秒,46/79 静置,547.74,25.99,14235.87,549.23,25.97,14263.8,548.21,11.98,6566.73,549.65,11.96,6573.74,45,60.6,60.1,546.7,11.1,548.3,11.1,547.6,0,548.6,51.4,25.5,25.4,11.8,11.8,25.5,25.4,11.8,11.8,232.2,233,231.7,57.4,56.9,57.2,0,0,0,0,0,0,0,0,0,0,0,0,0,0,0,0,0,45,0,OK
8时12分45秒,46/79 静置,547.46,25.97,14219.12,548.41,26.03,14275.73,546.84,12.01,6566.37,545.26,12.02,6552.2,45,60.6,60.2,547.2,11,547.4,11.1,545.5,0,546.2,51.4,25.5,25.4,11.9,11.8,25.5,25.4,11.9,11.8,232.1,232.8,231.7,57.5,57,57.2,0,0,0,0,0,0,0,0,0,0,0,0,0,0,0,0,0,45,0,OK
8时12分50秒,46/79 静置,547.46,25.97,14219.12,548.41,26.03,14275.73,546.84,12.01,6566.37,545.26,12.02,6552.2,45,60.6,60.2,547.2,11,547.4,11.1,545.5,0,546.2,51.4,25.5,25.4,11.9,11.8,25.5,25.4,11.9,11.8,232.1,232.8,231.7,57.5,57,57.2,0,0,0,0,0,0,0,0,0,0,0,0,0,0,0,0,0,45,0,OK
8时12分55秒,46/79 静置,549.38,25.99,14276.98,549.23,25.98,14269.7,548.76,12,6586.68,550.47,11.94,6570.12,45,60.7,60.2,546.6,11,548.2,11,547.1,0,548.5,51.4,25.5,25.4,11.8,11.8,25.5,25.4,11.8,11.8,232.2,232.9,231.7,57.4,56.9,57.2,0,0,0,0,0,0,0,0,0,0,0,0,0,0,0,0,0,45,0,OK
8时13分00秒,46/79 静置,549.38,25.99,14276.98,549.23,25.98,14269.7,548.76,12,6586.68,550.47,11.94,6570.12,45,60.7,60.2,546.6,11,548.2,11,547.1,0,548.5,51.4,25.5,25.4,11.8,11.8,25.5,25.4,11.8,11.8,232.2,232.9,231.7,57.4,56.9,57.2,0,0,0,0,0,0,0,0,0,0,0,0,0,0,0,0,0,45,0,OK
8时13分05秒,46/79 静置,546.92,26.02,14229.46,547.04,26.02,14232.66,548.21,11.96,6557.09,547.18,12.01,6573.1,46,60.7,60.3,546.8,11,548,11.3,548.1,0,546.4,51.4,25.5,25.4,11.8,11.8,25.5,25.4,11.8,11.8,232.4,233.1,231.9,57.5,57,57.2,0,0,0,0,0,0,0,0,0,0,0,0,0,0,0,0,0,46,0,OK
8时13分10秒,46/79 静置,546.92,26.02,14229.46,547.04,26.02,14232.66,548.21,11.96,6557.09,547.18,12.01,6573.1,46,60.7,60.3,546.8,11,548,11.3,548.1,0,546.4,51.4,25.5,25.4,11.8,11.8,25.5,25.4,11.8,11.8,232.4,233.1,231.9,57.5,57,57.2,0,0,0,0,0,0,0,0,0,0,0,0,0,0,0,0,0,46,0,OK
8时13分15秒,46/79 静置,549.66,25.93,14255.12,547.59,25.99,14234.05,550.12,11.92,6559.02,547.73,12,6574.33,46,60.8,60.3,546.7,10.9,548.6,11.2,548.4,0,547.5,51.4,25.5,25.3,11.8,11.8,25.5,25.3,11.8,11.8,232.4,232.8,232.1,57.6,57,57.3,0,0,0,0,0,0,0,0,0,0,0,0,0,0,0,0,0,46,0,OK
8时13分20秒,46/79 静置,549.66,25.93,14255.12,547.59,25.99,14234.05,550.12,11.92,6559.02,547.73,12,6574.33,46,60.8,60.3,546.7,10.9,548.6,11.2,548.4,0,547.5,51.4,25.5,25.3,11.8,11.8,25.5,25.3,11.8,11.8,232.4,232.8,232.1,57.6,57,57.3,0,0,0,0,0,0,0,0,0,0,0,0,0,0,0,0,0,46,0,OK
8时13分25秒,46/79 静置,547.74,26.04,14262.62,550.05,25.78,14177.67,548.76,12,6586.68,546.63,12.01,6567.06,46,60.8,60.4,546.2,11,549.2,11.1,546.1,0,546.1,51.4,25.5,25.3,11.9,11.8,25.5,25.3,11.9,11.8,232.5,232.8,232.1,57.5,57,57.2,0,0,0,0,0,0,0,0,0,0,0,0,0,0,0,0,0,46,0,OK
8时13分30秒,46/79 静置,547.74,26.04,14262.62,550.05,25.78,14177.67,548.76,12,6586.68,546.63,12.01,6567.06,46,60.8,60.4,546.2,11,549.2,11.1,546.1,0,546.1,51.4,25.5,25.3,11.9,11.8,25.5,25.3,11.9,11.8,232.5,232.8,232.1,57.5,57,57.2,0,0,0,0,0,0,0,0,0,0,0,0,0,0,0,0,0,46,0,OK
8时13分35秒,46/79 静置,548.56,26.01,14270.07,548.68,25.98,14252.84,549.03,11.99,6581.38,549.65,11.97,6579.11,46,60.9,60.5,546.9,11,548.2,11.3,547.4,0,548.9,51.4,25.5,25.4,11.8,11.8,25.5,25.4,11.8,11.8,232.2,232.7,232.3,57.5,57,57.3,0,0,0,0,0,0,0,0,0,0,0,0,0,0,0,0,0,46,0,OK
8时13分40秒,46/79 静置,548.56,26.01,14270.07,548.68,25.98,14252.84,549.03,11.99,6581.38,549.65,11.97,6579.11,46,60.9,60.5,546.9,11,548.2,11.3,547.4,0,548.9,51.4,25.5,25.4,11.8,11.8,25.5,25.4,11.8,11.8,232.2,232.7,232.3,57.5,57,57.3,0,0,0,0,0,0,0,0,0,0,0,0,0,0,0,0,0,46,0,OK
8时13分45秒,46/79 静置,547.19,26.05,14255.83,548.68,25.96,14241.05,548.76,11.98,6573.82,549.65,11.97,6579.64,46,60.9,60.5,545.5,10.9,548.5,11.1,547.6,0,548.5,51.4,25.6,25.4,11.8,11.8,25.6,25.4,11.8,11.8,232.1,232.6,232.3,57.6,57,57.3,0,0,0,0,0,0,0,0,0,0,0,0,0,0,0,0,0,46,0,OK
8时13分50秒,46/79 静置,547.19,26.05,14255.83,548.68,25.96,14241.05,548.76,11.98,6573.82,549.65,11.97,6579.64,46,60.9,60.5,545.5,10.9,548.5,11.1,547.6,0,548.5,51.4,25.6,25.4,11.8,11.8,25.6,25.4,11.8,11.8,232.1,232.6,232.3,57.6,57,57.3,0,0,0,0,0,0,0,0,0,0,0,0,0,0,0,0,0,46,0,OK
8时13分55秒,46/79 静置,548.83,26.01,14273.46,547.04,26.03,14238,549.3,11.9,6534.77,546.36,12.02,6569.64,46,60.9,60.5,546.8,11.1,547.1,11.2,548.7,0,545.6,51.4,25.5,25.4,11.8,11.8,25.5,25.4,11.8,11.8,232.1,232.8,232.2,57.5,56.9,57.2,0,0,0,0,0,0,0,0,0,0,0,0,0,0,0,0,0,46,0,OK
8时14分00秒,46/79 静置,548.83,26.01,14273.46,547.04,26.03,14238,549.3,11.9,6534.77,546.36,12.02,6569.64,46,60.9,60.5,546.8,11.1,547.1,11.2,548.7,0,545.6,51.4,25.5,25.4,11.8,11.8,25.5,25.4,11.8,11.8,232.1,232.8,232.2,57.5,56.9,57.2,0,0,0,0,0,0,0,0,0,0,0,0,0,0,0,0,0,46,0,OK
8时14分05秒,46/79 静置,549.11,25.94,14241.45,546.49,26,14209.38,548.21,11.98,6566.73,547.73,11.99,6565.24,47,61,60.5,547.2,11,548.1,11.1,547.5,0,548,51.4,25.5,25.4,11.8,11.8,25.5,25.4,11.8,11.8,232.4,233.1,232.1,57.5,56.9,57.2,0,0,0,0,0,0,0,0,0,0,0,0,0,0,0,0,0,47,0,OK
8时14分10秒,46/79 静置,549.11,25.94,14241.45,546.49,26,14209.38,548.21,11.98,6566.73,547.73,11.99,6565.24,47,61,60.5,547.2,11,548.1,11.1,547.5,0,548,51.4,25.5,25.4,11.8,11.8,25.5,25.4,11.8,11.8,232.4,233.1,232.1,57.5,56.9,57.2,0,0,0,0,0,0,0,0,0,0,0,0,0,0,0,0,0,47,0,OK
8时14分15秒,46/79 静置,549.38,25.99,14276.98,549.5,25.98,14277.88,549.58,11.98,6586.33,550.19,11.94,6571.69,47,61.1,60.6,547,10.9,547.9,11.1,547.3,0,548.7,51.4,25.5,25.4,11.8,11.8,25.5,25.4,11.8,11.8,232.2,232.9,232,57.5,57,57.3,0,0,0,0,0,0,0,0,0,0,0,0,0,0,0,0,0,47,0,OK
8时14分20秒,46/79 静置,549.38,25.99,14276.98,549.5,25.98,14277.88,549.58,11.98,6586.33,550.19,11.94,6571.69,47,61.1,60.6,547,10.9,547.9,11.1,547.3,0,548.7,51.4,25.5,25.4,11.8,11.8,25.5,25.4,11.8,11.8,232.2,232.9,232,57.5,57,57.3,0,0,0,0,0,0,0,0,0,0,0,0,0,0,0,0,0,47,0,OK
8时14分25秒,46/79 静置,547.74,25.98,14228.92,550.05,25.9,14248.04,546.84,12,6562.1,548.55,11.98,6573.49,47,61.1,60.7,547.1,11,548.5,11.1,547.2,0,548.8,51.4,25.5,25.4,11.8,11.8,25.5,25.4,11.8,11.8,232.2,232.8,232.1,57.6,57.1,57.3,0,0,0,0,0,0,0,0,0,0,0,0,0,0,0,0,0,47,0,OK
8时14分30秒,46/79 静置,547.74,25.98,14228.92,550.05,25.9,14248.04,546.84,12,6562.1,548.55,11.98,6573.49,47,61.1,60.7,547.1,11,548.5,11.1,547.2,0,548.8,51.4,25.5,25.4,11.8,11.8,25.5,25.4,11.8,11.8,232.2,232.8,232.1,57.6,57.1,57.3,0,0,0,0,0,0,0,0,0,0,0,0,0,0,0,0,0,47,0,OK
8时14分35秒,46/79 静置,548.56,25.97,14248.65,547.59,26.04,14261.86,549.85,11.91,6550.93,547.73,11.99,6565.24,47,61.1,60.7,546.6,11,547.4,11.2,548.1,0,547.3,51.4,25.5,25.4,11.8,11.8,25.5,25.4,11.8,11.8,232.5,233.1,232.3,57.5,57,57.2,0,0,0,0,0,0,0,0,0,0,0,0,0,0,0,0,0,47,0,OK
8时14分40秒,46/79 静置,548.56,25.97,14248.65,547.59,26.04,14261.86,549.85,11.91,6550.93,547.73,11.99,6565.24,47,61.1,60.7,546.6,11,547.4,11.2,548.1,0,547.3,51.4,25.5,25.4,11.8,11.8,25.5,25.4,11.8,11.8,232.5,233.1,232.3,57.5,57,57.2,0,0,0,0,0,0,0,0,0,0,0,0,0,0,0,0,0,47,0,OK
8时14分45秒,46/79 静置,547.19,26.05,14252.63,547.86,26,14244.9,547.94,11.99,6572.02,549.65,11.94,6564.61,47,61.2,60.8,545.7,11,548.2,11.4,547.5,0,548.5,51.4,25.6,25.4,11.8,11.8,25.6,25.4,11.8,11.8,232.6,233.1,232.4,57.5,57,57.2,0,0,0,0,0,0,0,0,0,0,0,0,0,0,0,0,0,47,0,OK
8时14分50秒,46/79 静置,547.19,26.05,14252.63,547.86,26,14244.9,547.94,11.99,6572.02,549.65,11.94,6564.61,47,61.2,60.8,545.7,11,548.2,11.4,547.5,0,548.5,51.4,25.6,25.4,11.8,11.8,25.6,25.4,11.8,11.8,232.6,233.1,232.4,57.5,57,57.2,0,0,0,0,0,0,0,0,0,0,0,0,0,0,0,0,0,47,0,OK
8时14分55秒,46/79 静置,549.38,26.01,14290.93,548.13,25.94,14216.15,547.66,12,6569.81,549.1,12.01,6592.39,47,61.2,60.8,546.2,11,548.7,11.4,546.5,0,547.2,51.4,25.5,25.3,11.8,11.8,25.5,25.3,11.8,11.8,232.3,233,232.2,57.6,57,57.3,0,0,0,0,0,0,0,0,0,0,0,0,0,0,0,0,0,47,0,OK
8时15分00秒,46/79 静置,549.38,26.01,14290.93,548.13,25.94,14216.15,547.66,12,6569.81,549.1,12.01,6592.39,47,61.2,60.8,546.2,11,548.7,11.4,546.5,0,547.2,51.4,25.5,25.3,11.8,11.8,25.5,25.3,11.8,11.8,232.3,233,232.2,57.6,57,57.3,0,0,0,0,0,0,0,0,0,0,0,0,0,0,0,0,0,47,0,OK
8时15分05秒,46/79 静置,547.46,26.01,14238.9,549.23,26.01,14287.4,548.21,11.94,6546.39,548.55,11.98,6574.03,47,61.3,60.9,546.7,11.2,547.7,11.2,548.4,0,548.5,51.4,25.5,25.4,11.8,11.8,25.5,25.4,11.8,11.8,231.9,232.7,231.8,57.6,57.1,57.3,0,0,0,0,0,0,0,0,0,0,0,0,0,0,0,0,0,47,0,OK
8时15分10秒,46/79 静置,547.46,26.01,14238.9,549.23,26.01,14287.4,548.21,11.94,6546.39,548.55,11.98,6574.03,47,61.3,60.9,546.7,11.2,547.7,11.2,548.4,0,548.5,51.4,25.5,25.4,11.8,11.8,25.5,25.4,11.8,11.8,231.9,232.7,231.8,57.6,57.1,57.3,0,0,0,0,0,0,0,0,0,0,0,0,0,0,0,0,0,47,0,OK
8时15分15秒,46/79 静置,547.74,26,14238.55,549.77,25.94,14262.97,547.94,11.99,6569.88,549.1,11.99,6585.42,48,61.3,60.9,547.2,11.1,548.6,11.2,547.2,0,548.1,51.4,25.5,25.3,11.8,11.8,25.5,25.3,11.8,11.8,232,232.8,231.7,57.5,57,57.3,0,0,0,0,0,0,0,0,0,0,0,0,0,0,0,0,0,48,0,OK
8时15分20秒,46/79 静置,547.74,26,14238.55,549.77,25.94,14262.97,547.94,11.99,6569.88,549.1,11.99,6585.42,48,61.3,60.9,547.2,11.1,548.6,11.2,547.2,0,548.1,51.4,25.5,25.3,11.8,11.8,25.5,25.3,11.8,11.8,232,232.8,231.7,57.5,57,57.3,0,0,0,0,0,0,0,0,0,0,0,0,0,0,0,0,0,48,0,OK
8时15分25秒,46/79 静置,549.93,25.93,14260.07,547.59,26,14239.93,545.75,12.01,6555.37,547.45,12,6568.91,48,61.4,60.9,546.7,11,548.5,11.4,545.5,0,547,51.4,25.5,25.4,11.9,11.8,25.5,25.4,11.9,11.8,232,232.9,231.7,57.6,57.1,57.3,0,0,0,0,0,0,0,0,0,0,0,0,0,0,0,0,0,48,0,OK
8时15分30秒,46/79 静置,549.93,25.93,14260.07,547.59,26,14239.93,545.75,12.01,6555.37,547.45,12,6568.91,48,61.4,60.9,546.7,11,548.5,11.4,545.5,0,547,51.4,25.5,25.4,11.9,11.8,25.5,25.4,11.9,11.8,232,232.9,231.7,57.6,57.1,57.3,0,0,0,0,0,0,0,0,0,0,0,0,0,0,0,0,0,48,0,OK
8时15分35秒,46/79 静置,549.66,25.88,14226.67,549.5,25.94,14256.41,547.94,12,6573.62,548.82,11.99,6581.06,48,61.4,61,547.3,10.8,548.2,11.2,546.7,0,548.3,51.4,25.5,25.4,11.8,11.8,25.5,25.4,11.8,11.8,232.1,232.9,231.7,57.6,57.1,57.4,0,0,0,0,0,0,0,0,0,0,0,0,0,0,0,0,0,48,0,OK
8时15分40秒,46/79 静置,549.66,25.88,14226.67,549.5,25.94,14256.41,547.94,12,6573.62,548.82,11.99,6581.06,48,61.4,61,547.3,10.8,548.2,11.2,546.7,0,548.3,51.4,25.5,25.4,11.8,11.8,25.5,25.4,11.8,11.8,232.1,232.9,231.7,57.6,57.1,57.4,0,0,0,0,0,0,0,0,0,0,0,0,0,0,0,0,0,48,0,OK
8时15分45秒,46/79 静置,547.46,26.01,14240.5,546.77,26.03,14230.91,547.94,11.97,6558.64,548.28,11.98,6568.6,48,61.4,61,546.8,11.1,547.7,11.1,547.7,0,547.9,51.4,25.5,25.4,11.8,11.8,25.5,25.4,11.8,11.8,232.1,233,231.8,57.6,57.1,57.3,0,0,0,0,0,0,0,0,0,0,0,0,0,0,0,0,0,48,0,OK
8时15分50秒,46/79 静置,547.46,26.01,14240.5,546.77,26.03,14230.91,547.94,11.97,6558.64,548.28,11.98,6568.6,48,61.4,61,546.8,11.1,547.7,11.1,547.7,0,547.9,51.4,25.5,25.4,11.8,11.8,25.5,25.4,11.8,11.8,232.1,233,231.8,57.6,57.1,57.3,0,0,0,0,0,0,0,0,0,0,0,0,0,0,0,0,0,48,0,OK
8时15分55秒,46/79 静置,548.01,25.97,14230.13,549.5,25.88,14221.53,549.58,11.96,6573.45,547.45,12,6569.98,48,61.5,61,547.1,11,549,11.1,548,0,546.9,51.4,25.5,25.3,11.8,11.8,25.5,25.3,11.8,11.8,232.2,233,231.8,57.6,57,57.3,0,0,0,0,0,0,0,0,0,0,0,0,0,0,0,0,0,48,0,OK
8时16分00秒,46/79 静置,548.01,25.97,14230.13,549.5,25.88,14221.53,549.58,11.96,6573.45,547.45,12,6569.98,48,61.5,61,547.1,11,549,11.1,548,0,546.9,51.4,25.5,25.3,11.8,11.8,25.5,25.3,11.8,11.8,232.2,233,231.8,57.6,57,57.3,0,0,0,0,0,0,0,0,0,0,0,0,0,0,0,0,0,48,0,OK
8时16分05秒,46/79 静置,547.74,26.03,14255.13,548.95,26,14274.42,547.66,12,6570.88,548.28,11.99,6571.27,48,61.5,61,545.9,11,548.2,11.4,546.7,0,548,51.4,25.5,25.4,11.8,11.8,25.5,25.4,11.8,11.8,232.3,233.2,231.8,57.5,57,57.3,0,0,0,0,0,0,0,0,0,0,0,0,0,0,0,0,0,48,0,OK
8时16分10秒,46/79 静置,547.74,26.03,14255.13,548.95,26,14274.42,547.66,12,6570.88,548.28,11.99,6571.27,48,61.5,61,545.9,11,548.2,11.4,546.7,0,548,51.4,25.5,25.4,11.8,11.8,25.5,25.4,11.8,11.8,232.3,233.2,231.8,57.5,57,57.3,0,0,0,0,0,0,0,0,0,0,0,0,0,0,0,0,0,48,0,OK
8时16分15秒,46/79 静置,548.56,26.03,14280.25,549.77,25.97,14278.54,548.48,12,6581.25,544.71,12.03,6553.6,48,61.5,61,546.3,11,548.8,11.4,547.5,0,545.3,51.4,25.5,25.4,11.8,11.8,25.5,25.4,11.8,11.8,231.9,232.7,231.6,57.6,57,57.3,0,0,0,0,0,0,0,0,0,0,0,0,0,0,0,0,0,48,0,OK
8时16分20秒,46/79 静置,548.56,26.03,14280.25,549.77,25.97,14278.54,548.48,12,6581.25,544.71,12.03,6553.6,48,61.5,61,546.3,11,548.8,11.4,547.5,0,545.3,51.4,25.5,25.4,11.8,11.8,25.5,25.4,11.8,11.8,231.9,232.7,231.6,57.6,57,57.3,0,0,0,0,0,0,0,0,0,0,0,0,0,0,0,0,0,48,0,OK
8时16分25秒,46/79 静置,547.74,25.99,14237.48,547.86,25.98,14232.06,548.48,11.9,6526.62,547.73,12,6573.27,49,61.6,61.1,546.6,11,548.7,11.3,548.5,0,547.2,51.4,25.5,25.3,11.8,11.8,25.5,25.3,11.8,11.8,232.2,232.8,231.9,57.6,57.1,57.4,0,0,0,0,0,0,0,0,0,0,0,0,0,0,0,0,0,49,0,OK
8时16分30秒,46/79 静置,545.82,26.05,14218.54,546.77,26.03,14232.51,547.66,12,6571.41,549.1,11.96,6569.33,49,61.6,61.1,545.1,11,547.9,11.3,546.1,0,548.5,51.4,25.6,25.4,11.9,11.8,25.6,25.4,11.9,11.8,231.9,232.7,231.9,57.7,57.1,57.4,0,0,0,0,0,0,0,0,0,0,0,0,0,0,0,0,0,49,0,OK
8时16分35秒,46/79 静置,545.82,26.05,14218.54,546.77,26.03,14232.51,547.66,12,6571.41,549.1,11.96,6569.33,49,61.6,61.1,545.1,11,547.9,11.3,546.1,0,548.5,51.4,25.6,25.4,11.9,11.8,25.6,25.4,11.9,11.8,231.9,232.7,231.9,57.7,57.1,57.4,0,0,0,0,0,0,0,0,0,0,0,0,0,0,0,0,0,49,0,OK
8时16分40秒,46/79 静置,546.64,26.04,14232.99,548.13,26.02,14263.25,549.58,11.97,6578.81,549.1,12,6591.32,49,61.6,61.1,546,11.1,547.9,11.2,548.4,0,547.1,51.4,25.6,25.4,11.8,11.8,25.6,25.4,11.8,11.8,231.9,232.8,231.9,57.6,57,57.3,0,0,0,0,0,0,0,0,0,0,0,0,0,0,0,0,0,49,0,OK
8时16分45秒,46/79 静置,546.64,26.04,14232.99,548.13,26.02,14263.25,549.58,11.97,6578.81,549.1,12,6591.32,49,61.6,61.1,546,11.1,547.9,11.2,548.4,0,547.1,51.4,25.6,25.4,11.8,11.8,25.6,25.4,11.8,11.8,231.9,232.8,231.9,57.6,57,57.3,0,0,0,0,0,0,0,0,0,0,0,0,0,0,0,0,0,49,0,OK
8时16分50秒,46/79 静置,549.93,25.9,14244.49,548.95,25.94,14237.42,546.84,12,6559.97,549.37,11.97,6576.89,49,61.6,61.1,547.2,11,548.5,11.2,547.4,0,548.2,51.4,25.5,25.4,11.8,11.8,25.5,25.4,11.8,11.8,231.7,232.7,231.8,57.6,57.1,57.4,0,0,0,0,0,0,0,0,0,0,0,0,0,0,0,0,0,49,0,OK
8时16分55秒,46/79 静置,549.93,25.9,14244.49,548.95,25.94,14237.42,546.84,12,6559.97,549.37,11.97,6576.89,49,61.6,61.1,547.2,11,548.5,11.2,547.4,0,548.2,51.4,25.5,25.4,11.8,11.8,25.5,25.4,11.8,11.8,231.7,232.7,231.8,57.6,57.1,57.4,0,0,0,0,0,0,0,0,0,0,0,0,0,0,0,0,0,49,0,OK
8时17分00秒,46/79 静置,549.11,26,14275.77,548.95,26,14272.81,550.4,11.94,6573.03,549.92,11.97,6583.45,49,61.7,61.2,546.5,11,548.3,11.3,547.8,0,548.1,51.4,25.5,25.4,11.8,11.8,25.5,25.4,11.8,11.8,232,232.8,232,57.6,57,57.3,0,0,0,0,0,0,0,0,0,0,0,0,0,0,0,0,0,49,0,OK
8时17分05秒,46/79 静置,549.11,26,14275.77,548.95,26,14272.81,550.4,11.94,6573.03,549.92,11.97,6583.45,49,61.7,61.2,546.5,11,548.3,11.3,547.8,0,548.1,51.4,25.5,25.4,11.8,11.8,25.5,25.4,11.8,11.8,232,232.8,232,57.6,57,57.3,0,0,0,0,0,0,0,0,0,0,0,0,0,0,0,0,0,49,0,OK
8时17分10秒,46/79 静置,549.11,26,14275.77,548.95,26,14272.81,550.4,11.94,6573.03,549.92,11.97,6583.45,49,61.7,61.2,546.5,11,548.3,11.3,547.8,0,548.1,51.4,25.5,25.4,11.8,11.8,25.5,25.4,11.8,11.8,232,232.8,232,57.6,57,57.3,0,0,0,0,0,0,0,0,0,0,0,0,0,0,0,0,0,49,0,OK
8时17分15秒,46/79 静置,548.01,26.01,14252.61,547.86,25.97,14226.18,547.66,11.99,6564.99,547.45,11.99,6566.24,49,61.7,61.2,546.7,11.1,548.6,11.3,546.9,0,548.1,51.4,25.5,25.4,11.9,11.8,25.5,25.4,11.9,11.8,232.3,233.2,232.3,57.5,57,57.3,0,0,0,0,0,0,0,0,0,0,0,0,0,0,0,0,0,49,0,OK
8时17分20秒,46/79 静置,548.01,26.01,14252.61,547.86,25.97,14226.18,547.66,11.99,6564.99,547.45,11.99,6566.24,49,61.7,61.2,546.7,11.1,548.6,11.3,546.9,0,548.1,51.4,25.5,25.4,11.9,11.8,25.5,25.4,11.9,11.8,232.3,233.2,232.3,57.5,57,57.3,0,0,0,0,0,0,0,0,0,0,0,0,0,0,0,0,0,49,0,OK
8时17分25秒,46/79 静置,547.74,25.98,14232.66,548.95,26,14273.88,549.58,11.94,6561.64,549.92,11.93,6562.51,49,61.8,61.2,547.1,11,547.9,11.2,548.2,0,548.4,51.4,25.5,25.4,11.8,11.8,25.5,25.4,11.8,11.8,232.3,233.1,232.3,57.6,57,57.3,0,0,0,0,0,0,0,0,0,0,0,0,0,0,0,0,0,49,0,OK
8时17分30秒,46/79 静置,547.74,25.98,14232.66,548.95,26,14273.88,549.58,11.94,6561.64,549.92,11.93,6562.51,49,61.8,61.2,547.1,11,547.9,11.2,548.2,0,548.4,51.4,25.5,25.4,11.8,11.8,25.5,25.4,11.8,11.8,232.3,233.1,232.3,57.6,57,57.3,0,0,0,0,0,0,0,0,0,0,0,0,0,0,0,0,0,49,0,OK
8时17分35秒,46/79 静置,546.64,26.04,14235.13,547.04,26.03,14239.07,549.85,11.98,6585.3,549.92,11.88,6534.05,50,61.8,61.3,546.2,11,548.1,11.2,548,0,548.7,51.4,25.5,25.4,11.8,11.7,25.5,25.4,11.8,11.7,232.4,233.3,232.4,57.5,56.9,57.2,0,0,0,0,0,0,0,0,0,0,0,0,0,0,0,0,0,50,0,OK
8时17分40秒,46/79 静置,546.64,26.04,14235.13,547.04,26.03,14239.07,549.85,11.98,6585.3,549.92,11.88,6534.05,50,61.8,61.3,546.2,11,548.1,11.2,548,0,548.7,51.4,25.5,25.4,11.8,11.7,25.5,25.4,11.8,11.7,232.4,233.3,232.4,57.5,56.9,57.2,0,0,0,0,0,0,0,0,0,0,0,0,0,0,0,0,0,50,0,OK
8时17分45秒,46/79 静置,548.01,26.02,14259.03,549.23,25.99,14271.85,548.76,11.96,6565.78,545.54,12.03,6561.35,50,61.8,61.3,546.8,11,547.8,11.1,548.1,0,545,51.4,25.5,25.4,11.8,11.8,25.5,25.4,11.8,11.8,232.2,233.1,232.3,57.6,57,57.3,0,0,0,0,0,0,0,0,0,0,0,0,0,0,0,0,0,50,0,OK
8时17分50秒,46/79 静置,548.01,26.02,14259.03,549.23,25.99,14271.85,548.76,11.96,6565.78,545.54,12.03,6561.35,50,61.8,61.3,546.8,11,547.8,11.1,548.1,0,545,51.4,25.5,25.4,11.8,11.8,25.5,25.4,11.8,11.8,232.2,233.1,232.3,57.6,57,57.3,0,0,0,0,0,0,0,0,0,0,0,0,0,0,0,0,0,50,0,OK
8时17分55秒,46/79 静置,549.38,25.92,14237.28,549.5,25.9,14231.73,546.57,12.01,6563.62,548.28,11.95,6552,50,61.8,61.3,547.3,11.1,548.7,11.2,546.4,0,548.8,51.4,25.5,25.4,11.9,11.7,25.5,25.4,11.9,11.7,231.9,232.7,231.9,57.7,57.1,57.4,0,0,0,0,0,0,0,0,0,0,0,0,0,0,0,0,0,50,0,OK
8时18分00秒,46/79 静置,548.83,26.02,14280.96,547.59,26.02,14249.02,547.94,11.99,6567.2,549.92,11.96,6578.62,50,61.9,61.3,546.3,11,547.5,11.4,546.5,0,548.9,51.4,25.5,25.4,11.9,11.7,25.5,25.4,11.9,11.7,232.3,233.1,232.3,57.5,57,57.3,0,0,0,0,0,0,0,0,0,0,0,0,0,0,0,0,0,50,0,OK
8时18分05秒,46/79 静置,548.83,26.02,14280.96,547.59,26.02,14249.02,547.94,11.99,6567.2,549.92,11.96,6578.62,50,61.9,61.3,546.3,11,547.5,11.4,546.5,0,548.9,51.4,25.5,25.4,11.9,11.7,25.5,25.4,11.9,11.7,232.3,233.1,232.3,57.5,57,57.3,0,0,0,0,0,0,0,0,0,0,0,0,0,0,0,0,0,50,0,OK
8时18分10秒,46/79 静置,549.66,25.96,14271.76,547.31,25.99,14222.67,550.12,11.9,6546.13,550.19,11.97,6585.66,50,61.9,61.4,547,11.1,548.1,11.2,548.2,0,548.3,51.4,25.5,25.4,11.8,11.8,25.5,25.4,11.8,11.8,232,233,232.3,57.5,56.9,57.2,0,0,0,0,0,0,0,0,0,0,0,0,0,0,0,0,0,50,0,OK
8时18分15秒,46/79 静置,549.66,25.96,14271.76,547.31,25.99,14222.67,550.12,11.9,6546.13,550.19,11.97,6585.66,50,61.9,61.4,547,11.1,548.1,11.2,548.2,0,548.3,51.4,25.5,25.4,11.8,11.8,25.5,25.4,11.8,11.8,232,233,232.3,57.5,56.9,57.2,0,0,0,0,0,0,0,0,0,0,0,0,0,0,0,0,0,50,0,OK
8时18分20秒,46/79 静置,547.19,25.96,14207.21,547.31,25.95,14202.36,547.66,11.98,6560.18,550.19,11.9,6544.83,50,61.9,61.4,547.5,11.1,549.4,11.2,547.7,0,548.8,51.4,25.5,25.2,11.8,11.7,25.5,25.2,11.8,11.7,232.1,232.9,232.3,57.6,57,57.3,0,0,0,0,0,0,0,0,0,0,0,0,0,0,0,0,0,50,0,OK
8时18分25秒,46/79 静置,547.19,25.96,14207.21,547.31,25.95,14202.36,547.66,11.98,6560.18,550.19,11.9,6544.83,50,61.9,61.4,547.5,11.1,549.4,11.2,547.7,0,548.8,51.4,25.5,25.2,11.8,11.7,25.5,25.2,11.8,11.7,232.1,232.9,232.3,57.6,57,57.3,0,0,0,0,0,0,0,0,0,0,0,0,0,0,0,0,0,50,0,OK
8时18分30秒,46/79 静置,549.93,25.94,14266.51,550.05,25.93,14264.16,547.94,12,6573.09,548.82,11.99,6579.98,50,62,61.5,547.4,10.9,548.6,11.3,546.9,0,548.4,51.4,25.5,25.3,11.9,11.8,25.5,25.3,11.9,11.8,232,232.8,232.3,57.4,56.8,57.1,0,0,0,0,0,0,0,0,0,0,0,0,0,0,0,0,0,50,0,OK
8时18分35秒,46/79 静置,549.93,25.94,14266.51,550.05,25.93,14264.16,547.94,12,6573.09,548.82,11.99,6579.98,50,62,61.5,547.4,10.9,548.6,11.3,546.9,0,548.4,51.4,25.5,25.3,11.9,11.8,25.5,25.3,11.9,11.8,232,232.8,232.3,57.4,56.8,57.1,0,0,0,0,0,0,0,0,0,0,0,0,0,0,0,0,0,50,0,OK
8时18分40秒,46/79 静置,549.38,26,14283.95,547.31,26,14231.22,547.12,12,6566.45,547.45,11.99,6563.57,50,62,61.5,546.4,10.9,548.5,11.2,547,0,548.1,51.4,25.6,25.3,11.9,11.8,25.6,25.3,11.9,11.8,232,233,232.4,57.6,57,57.3,0,0,0,0,0,0,0,0,0,0,0,0,0,0,0,0,0,50,0,OK
8时18分45秒,46/79 静置,549.38,26,14283.95,547.31,26,14231.22,547.12,12,6566.45,547.45,11.99,6563.57,50,62,61.5,546.4,10.9,548.5,11.2,547,0,548.1,51.4,25.6,25.3,11.9,11.8,25.6,25.3,11.9,11.8,232,233,232.4,57.6,57,57.3,0,0,0,0,0,0,0,0,0,0,0,0,0,0,0,0,0,50,0,OK
8时18分50秒,46/79 静置,546.92,26.03,14234.8,547.04,26.03,14241.2,549.03,11.98,6577.09,549.37,11.99,6587.09,51,62,61.5,546.3,11.1,547.7,11.1,548.1,0,547.7,51.4,25.6,25.4,11.8,11.8,25.6,25.4,11.8,11.8,231.8,232.9,232.3,57.7,57.1,57.4,0,0,0,0,0,0,0,0,0,0,0,0,0,0,0,0,0,51,0,OK
8时18分55秒,46/79 静置,546.92,26.03,14234.8,547.04,26.03,14241.2,549.03,11.98,6577.09,549.37,11.99,6587.09,51,62,61.5,546.3,11.1,547.7,11.1,548.1,0,547.7,51.4,25.6,25.4,11.8,11.8,25.6,25.4,11.8,11.8,231.8,232.9,232.3,57.7,57.1,57.4,0,0,0,0,0,0,0,0,0,0,0,0,0,0,0,0,0,51,0,OK
8时19分00秒,46/79 静置,549.66,25.95,14262.64,548.68,26.02,14278.56,547.66,11.99,6568.2,549.92,11.97,6580.77,51,62,61.6,546.7,11,548.1,11.3,546.8,0,548.9,51.4,25.5,25.4,11.9,11.8,25.5,25.4,11.9,11.8,232,232.7,232.1,57.6,57,57.3,0,0,0,0,0,0,0,0,0,0,0,0,0,0,0,0,0,51,0,OK
8时19分05秒,46/79 静置,549.66,25.95,14262.64,548.68,26.02,14278.56,547.66,11.99,6568.2,549.92,11.97,6580.77,51,62,61.6,546.7,11,548.1,11.3,546.8,0,548.9,51.4,25.5,25.4,11.9,11.8,25.5,25.4,11.9,11.8,232,232.7,232.1,57.6,57,57.3,0,0,0,0,0,0,0,0,0,0,0,0,0,0,0,0,0,51,0,OK
8时19分10秒,46/79 静置,547.74,26.04,14264.22,548.95,25.96,14250.29,548.76,11.96,6565.24,549.1,11.99,6584.88,51,62.1,61.6,545.9,11,548.5,11.2,548.3,0,547.6,51.4,25.6,25.4,11.8,11.8,25.6,25.4,11.8,11.8,232.2,232.7,232,57.7,57.1,57.4,0,0,0,0,0,0,0,0,0,0,0,0,0,0,0,0,0,51,0,OK
8时19分15秒,46/79 静置,547.74,26.04,14264.22,548.95,25.96,14250.29,548.76,11.96,6565.24,549.1,11.99,6584.88,51,62.1,61.6,545.9,11,548.5,11.2,548.3,0,547.6,51.4,25.6,25.4,11.8,11.8,25.6,25.4,11.8,11.8,232.2,232.7,232,57.7,57.1,57.4,0,0,0,0,0,0,0,0,0,0,0,0,0,0,0,0,0,51,0,OK
8时19分20秒,46/79 静置,545.55,26.08,14230.57,548.68,26.02,14276.95,546.29,12,6556.07,547.45,11.99,6563.57,51,62.1,61.6,543.6,11.1,547.4,11.1,546.7,0,548.1,51.4,25.6,25.4,11.9,11.8,25.6,25.4,11.9,11.8,232.2,232.7,231.9,57.7,57.1,57.4,0,0,0,0,0,0,0,0,0,0,0,0,0,0,0,0,0,51,0,OK
8时19分25秒,46/79 静置,545.55,26.08,14230.57,548.68,26.02,14276.95,546.29,12,6556.07,547.45,11.99,6563.57,51,62.1,61.6,543.6,11.1,547.4,11.1,546.7,0,548.1,51.4,25.6,25.4,11.9,11.8,25.6,25.4,11.9,11.8,232.2,232.7,231.9,57.7,57.1,57.4,0,0,0,0,0,0,0,0,0,0,0,0,0,0,0,0,0,51,0,OK
8时19分30秒,46/79 静置,548.83,25.96,14247.73,549.23,25.99,14273.45,549.85,11.94,6565.97,550.19,11.96,6580.29,51,62.1,61.6,547.2,10.9,548.6,11.3,547.9,0,548.1,51.4,25.5,25.4,11.8,11.8,25.5,25.4,11.8,11.8,232,232.6,231.9,57.7,57.1,57.4,0,0,0,0,0,0,0,0,0,0,0,0,0,0,0,0,0,51,0,OK
8时19分35秒,46/79 静置,548.83,25.96,14247.73,549.23,25.99,14273.45,549.85,11.94,6565.97,550.19,11.96,6580.29,51,62.1,61.6,547.2,10.9,548.6,11.3,547.9,0,548.1,51.4,25.5,25.4,11.8,11.8,25.5,25.4,11.8,11.8,232,232.6,231.9,57.7,57.1,57.4,0,0,0,0,0,0,0,0,0,0,0,0,0,0,0,0,0,51,0,OK
8时19分40秒,46/79 静置,547.46,26.02,14244.78,549.5,25.99,14280.56,548.21,11.99,6574.76,550.47,11.75,6465.83,51,62.2,61.6,546.1,10.9,548,11.3,547.4,0,549.6,51.4,25.6,25.4,11.8,11.7,25.6,25.4,11.8,11.7,232.1,232.6,232,57.6,57.1,57.4,0,0,0,0,0,0,0,0,0,0,0,0,0,0,0,0,0,51,0,OK
8时19分45秒,46/79 静置,547.46,26.02,14244.78,549.5,25.99,14280.56,548.21,11.99,6574.76,550.47,11.75,6465.83,51,62.2,61.6,546.1,10.9,548,11.3,547.4,0,549.6,51.4,25.6,25.4,11.8,11.7,25.6,25.4,11.8,11.7,232.1,232.6,232,57.6,57.1,57.4,0,0,0,0,0,0,0,0,0,0,0,0,0,0,0,0,0,51,0,OK
8时19分50秒,46/79 静置,548.01,25.97,14233.88,546.77,26.03,14234.65,547.66,12,6570.34,549.37,11.95,6565.09,51,62.2,61.7,547.5,11,547.8,11.3,546.5,0,548.6,51.4,25.5,25.4,11.9,11.8,25.5,25.4,11.9,11.8,232.1,232.7,232.1,57.7,57.1,57.4,0,0,0,0,0,0,0,0,0,0,0,0,0,0,0,0,0,51,0,OK
8时19分55秒,46/79 静置,548.01,25.97,14233.88,546.77,26.03,14234.65,547.66,12,6570.34,549.37,11.95,6565.09,51,62.2,61.7,547.5,11,547.8,11.3,546.5,0,548.6,51.4,25.5,25.4,11.9,11.8,25.5,25.4,11.9,11.8,232.1,232.7,232.1,57.7,57.1,57.4,0,0,0,0,0,0,0,0,0,0,0,0,0,0,0,0,0,51,0,OK
8时20分00秒,46/79 静置,546.92,26.03,14238,547.86,26.04,14267.37,549.03,11.96,6565.3,549.65,11.98,6583.94,51,62.2,61.7,546.5,11,547.4,11.3,548,0,548.6,51.4,25.5,25.4,11.8,11.8,25.5,25.4,11.8,11.8,232,232.5,231.9,57.7,57.1,57.4,0,0,0,0,0,0,0,0,0,0,0,0,0,0,0,0,0,51,0,OK
8时20分05秒,46/79 静置,546.92,26.03,14238,547.86,26.04,14267.37,549.03,11.96,6565.3,549.65,11.98,6583.94,51,62.2,61.7,546.5,11,547.4,11.3,548,0,548.6,51.4,25.5,25.4,11.8,11.8,25.5,25.4,11.8,11.8,232,232.5,231.9,57.7,57.1,57.4,0,0,0,0,0,0,0,0,0,0,0,0,0,0,0,0,0,51,0,OK
8时20分10秒,46/79 静置,548.56,25.96,14242.75,548.41,26.01,14265.01,549.03,11.99,6583.53,548.55,11.98,6569.74,52,62.2,61.7,546.4,10.9,548.2,11.1,547.7,0,548.7,51.4,25.6,25.4,11.8,11.8,25.6,25.4,11.8,11.8,232.1,232.7,232.1,57.6,57.1,57.4,0,0,0,0,0,0,0,0,0,0,0,0,0,0,0,0,0,52,0,OK
8时20分15秒,46/79 静置,548.56,25.96,14242.75,548.41,26.01,14265.01,549.03,11.99,6583.53,548.55,11.98,6569.74,52,62.2,61.7,546.4,10.9,548.2,11.1,547.7,0,548.7,51.4,25.6,25.4,11.8,11.8,25.6,25.4,11.8,11.8,232.1,232.7,232.1,57.6,57.1,57.4,0,0,0,0,0,0,0,0,0,0,0,0,0,0,0,0,0,52,0,OK
8时20分20秒,46/79 静置,547.74,26.04,14261.55,549.23,26.03,14295.98,548.21,11.99,6573.15,546.91,12,6562.34,52,62.3,61.8,546,10.9,547.5,11.2,546.6,0,547.7,51.4,25.6,25.4,11.9,11.8,25.6,25.4,11.9,11.8,231.9,232.7,231.9,57.7,57.1,57.4,0,0,0,0,0,0,0,0,0,0,0,0,0,0,0,0,0,52,0,OK
8时20分25秒,46/79 静置,547.74,26.04,14261.55,549.23,26.03,14295.98,548.21,11.99,6573.15,546.91,12,6562.34,52,62.3,61.8,546,10.9,547.5,11.2,546.6,0,547.7,51.4,25.6,25.4,11.9,11.8,25.6,25.4,11.9,11.8,231.9,232.7,231.9,57.7,57.1,57.4,0,0,0,0,0,0,0,0,0,0,0,0,0,0,0,0,0,52,0,OK
8时20分30秒,46/79 静置,546.92,25.98,14210.76,549.23,25.97,14262.19,547.94,12,6573.09,548.82,11.98,6576.77,52,62.3,61.8,546.7,11.1,548.4,11.1,547.2,0,548.3,51.4,25.5,25.4,11.9,11.8,25.5,25.4,11.9,11.8,231.9,232.6,231.8,57.6,57.1,57.4,0,0,0,0,0,0,0,0,0,0,0,0,0,0,0,0,0,52,0,OK
8时20分35秒,46/79 静置,546.92,25.98,14210.76,549.23,25.97,14262.19,547.94,12,6573.09,548.82,11.98,6576.77,52,62.3,61.8,546.7,11.1,548.4,11.1,547.2,0,548.3,51.4,25.5,25.4,11.9,11.8,25.5,25.4,11.9,11.8,231.9,232.6,231.8,57.6,57.1,57.4,0,0,0,0,0,0,0,0,0,0,0,0,0,0,0,0,0,52,0,OK
8时20分40秒,46/79 静置,548.83,26.01,14277.75,549.5,26.01,14293.44,546.57,12.01,6566.29,548.28,11.99,6575.56,52,62.3,61.8,546,11,547.6,11.2,545.8,0,547.6,51.4,25.6,25.4,11.9,11.8,25.6,25.4,11.9,11.8,232.4,233.1,232.3,57.6,57,57.3,0,0,0,0,0,0,0,0,0,0,0,0,0,0,0,0,0,52,0,OK
8时20分45秒,46/79 静置,548.83,26.01,14277.75,549.5,26.01,14293.44,546.57,12.01,6566.29,548.28,11.99,6575.56,52,62.3,61.8,546,11,547.6,11.2,545.8,0,547.6,51.4,25.6,25.4,11.9,11.8,25.6,25.4,11.9,11.8,232.4,233.1,232.3,57.6,57,57.3,0,0,0,0,0,0,0,0,0,0,0,0,0,0,0,0,0,52,0,OK
8时20分50秒,46/79 静置,549.38,25.96,14259.27,549.5,25.93,14247.83,549.03,11.99,6582.99,549.65,11.95,6566.76,52,62.4,61.9,546.9,10.9,548.2,11.4,547.3,0,549.2,51.4,25.5,25.4,11.9,11.7,25.5,25.4,11.9,11.7,231.9,232.6,231.7,57.7,57.1,57.4,0,0,0,0,0,0,0,0,0,0,0,0,0,0,0,0,0,52,0,OK
8时20分55秒,46/79 静置,549.38,25.96,14259.27,549.5,25.93,14247.83,549.03,11.99,6582.99,549.65,11.95,6566.76,52,62.4,61.9,546.9,10.9,548.2,11.4,547.3,0,549.2,51.4,25.5,25.4,11.9,11.7,25.5,25.4,11.9,11.7,231.9,232.6,231.7,57.7,57.1,57.4,0,0,0,0,0,0,0,0,0,0,0,0,0,0,0,0,0,52,0,OK
8时21分00秒,46/79 静置,548.83,26.02,14279.36,547.04,26.04,14244.41,547.94,12,6573.62,548.28,11.98,6568.6,52,62.4,61.9,546.4,11.1,547.8,11,546.6,0,547.9,51.4,25.6,25.4,11.9,11.8,25.6,25.4,11.9,11.8,232,232.6,231.9,57.7,57.1,57.4,0,0,0,0,0,0,0,0,0,0,0,0,0,0,0,0,0,52,0,OK
8时21分05秒,46/79 静置,548.83,26.02,14279.36,547.04,26.04,14244.41,547.94,12,6573.62,548.28,11.98,6568.6,52,62.4,61.9,546.4,11.1,547.8,11,546.6,0,547.9,51.4,25.6,25.4,11.9,11.8,25.6,25.4,11.9,11.8,232,232.6,231.9,57.7,57.1,57.4,0,0,0,0,0,0,0,0,0,0,0,0,0,0,0,0,0,52,0,OK
8时21分10秒,46/79 静置,549.66,25.96,14266.4,548.95,25.95,14245.47,547.66,11.98,6561.25,546.63,12,6560.12,52,62.4,62,547.3,11,548.2,11.3,547.5,0,547.8,51.4,25.5,25.4,11.9,11.8,25.5,25.4,11.9,11.8,232.2,232.9,232.1,57.6,57,57.3,0,0,0,0,0,0,0,0,0,0,0,0,0,0,0,0,0,52,0,OK
8时21分15秒,46/79 静置,549.66,25.96,14266.4,548.95,25.95,14245.47,547.66,11.98,6561.25,546.63,12,6560.12,52,62.4,62,547.3,11,548.2,11.3,547.5,0,547.8,51.4,25.5,25.4,11.9,11.8,25.5,25.4,11.9,11.8,232.2,232.9,232.1,57.6,57,57.3,0,0,0,0,0,0,0,0,0,0,0,0,0,0,0,0,0,52,0,OK
8时21分20秒,46/79 静置,548.01,25.97,14232.81,547.86,26.02,14254.53,549.3,11.99,6587.88,549.65,11.96,6575.89,52,62.4,62,547.2,10.9,547.4,11.1,547.8,0,548,51.4,25.5,25.4,11.8,11.8,25.5,25.4,11.8,11.8,232,232.6,231.8,57.7,57.1,57.4,0,0,0,0,0,0,0,0,0,0,0,0,0,0,0,0,0,52,0,OK
8时21分25秒,46/79 静置,548.01,25.97,14232.81,547.86,26.02,14254.53,549.3,11.99,6587.88,549.65,11.96,6575.89,52,62.4,62,547.2,10.9,547.4,11.1,547.8,0,548,51.4,25.5,25.4,11.8,11.8,25.5,25.4,11.8,11.8,232,232.6,231.8,57.7,57.1,57.4,0,0,0,0,0,0,0,0,0,0,0,0,0,0,0,0,0,52,0,OK
8时21分30秒,46/79 静置,546.64,26.04,14234.06,548.41,25.99,14251.63,547.12,11.99,6558.97,547.73,12,6572.2,52,62.5,62,546,11.1,548.4,11.2,547.3,0,547.2,51.4,25.6,25.4,11.8,11.8,25.6,25.4,11.8,11.8,232,232.7,231.9,57.7,57.1,57.4,0,0,0,0,0,0,0,0,0,0,0,0,0,0,0,0,0,52,0,OK
8时21分35秒,46/79 静置,546.64,26.04,14234.06,548.41,25.99,14251.63,547.12,11.99,6558.97,547.73,12,6572.2,52,62.5,62,546,11.1,548.4,11.2,547.3,0,547.2,51.4,25.6,25.4,11.8,11.8,25.6,25.4,11.8,11.8,232,232.7,231.9,57.7,57.1,57.4,0,0,0,0,0,0,0,0,0,0,0,0,0,0,0,0,0,52,0,OK
8时21分40秒,46/79 静置,548.01,25.99,14241.91,548.68,26,14266.77,546.57,12.01,6562.02,549.1,11.99,6581.13,53,62.5,62.1,546.6,10.9,547.8,11.2,546.7,0,548.3,51.4,25.5,25.4,11.9,11.8,25.5,25.4,11.9,11.8,232.1,232.8,232.1,57.6,57.1,57.3,0,0,0,0,0,0,0,0,0,0,0,0,0,0,0,0,0,53,0,OK
8时21分45秒,46/79 静置,548.01,25.99,14241.91,548.68,26,14266.77,546.57,12.01,6562.02,549.1,11.99,6581.13,53,62.5,62.1,546.6,10.9,547.8,11.2,546.7,0,548.3,51.4,25.5,25.4,11.9,11.8,25.5,25.4,11.9,11.8,232.1,232.8,232.1,57.6,57.1,57.3,0,0,0,0,0,0,0,0,0,0,0,0,0,0,0,0,0,53,0,OK
8时21分50秒,46/79 静置,549.38,25.99,14278.59,546.22,26,14204.41,549.3,11.96,6570.18,549.37,11.98,6582.8,53,62.5,62.1,546.4,11,548.3,11.1,547.7,0,548.1,51.4,25.6,25.4,11.8,11.8,25.6,25.4,11.8,11.8,232.1,232.8,232.1,57.6,57,57.3,0,0,0,0,0,0,0,0,0,0,0,0,0,0,0,0,0,53,0,OK
8时21分55秒,46/79 静置,549.38,25.99,14278.59,546.22,26,14204.41,549.3,11.96,6570.18,549.37,11.98,6582.8,53,62.5,62.1,546.4,11,548.3,11.1,547.7,0,548.1,51.4,25.6,25.4,11.8,11.8,25.6,25.4,11.8,11.8,232.1,232.8,232.1,57.6,57,57.3,0,0,0,0,0,0,0,0,0,0,0,0,0,0,0,0,0,53,0,OK
8时22分00秒,46/79 静置,547.19,26.01,14230.18,549.77,25.93,14258.14,547.94,11.99,6570.41,549.1,12,6587.56,53,62.6,62.1,547,11.1,548.3,11.2,547.5,0,547.6,51.4,25.5,25.4,11.9,11.8,25.5,25.4,11.9,11.8,231.9,232.7,232,57.7,57.1,57.4,0,0,0,0,0,0,0,0,0,0,0,0,0,0,0,0,0,53,0,OK
8时22分05秒,46/79 静置,547.19,26.01,14230.18,549.77,25.93,14258.14,547.94,11.99,6570.41,549.1,12,6587.56,53,62.6,62.1,547,11.1,548.3,11.2,547.5,0,547.6,51.4,25.5,25.4,11.9,11.8,25.5,25.4,11.9,11.8,231.9,232.7,232,57.7,57.1,57.4,0,0,0,0,0,0,0,0,0,0,0,0,0,0,0,0,0,53,0,OK
8时22分10秒,46/79 静置,550.21,25.89,14242.47,548.68,26.01,14269.98,549.3,11.97,6577.69,550.19,11.95,6575.46,53,62.6,62.2,547,11.1,548.3,11.3,548.4,0,548.5,51.4,25.5,25.4,11.8,11.8,25.5,25.4,11.8,11.8,232.1,233,232.1,57.6,57,57.3,0,0,0,0,0,0,0,0,0,0,0,0,0,0,0,0,0,53,0,OK
8时22分15秒,46/79 静置,550.21,25.89,14242.47,548.68,26.01,14269.98,549.3,11.97,6577.69,550.19,11.95,6575.46,53,62.6,62.2,547,11.1,548.3,11.3,548.4,0,548.5,51.4,25.5,25.4,11.8,11.8,25.5,25.4,11.8,11.8,232.1,233,232.1,57.6,57,57.3,0,0,0,0,0,0,0,0,0,0,0,0,0,0,0,0,0,53,0,OK
8时22分20秒,46/79 静置,549.11,25.96,14257,547.86,26.04,14266.3,546.57,12,6560.42,549.37,11.97,6575.82,53,62.6,62.2,546.4,11.1,547.6,11.1,546.9,0,547.6,51.4,25.6,25.4,11.9,11.8,25.6,25.4,11.9,11.8,232,232.8,232,57.7,57.1,57.4,0,0,0,0,0,0,0,0,0,0,0,0,0,0,0,0,0,53,0,OK
8时22分25秒,46/79 静置,549.11,25.96,14257,547.86,26.04,14266.3,546.57,12,6560.42,549.37,11.97,6575.82,53,62.6,62.2,546.4,11.1,547.6,11.1,546.9,0,547.6,51.4,25.6,25.4,11.9,11.8,25.6,25.4,11.9,11.8,232,232.8,232,57.7,57.1,57.4,0,0,0,0,0,0,0,0,0,0,0,0,0,0,0,0,0,53,0,OK
8时22分30秒,46/79 静置,549.66,25.86,14216.48,548.13,26.03,14267.54,547.94,11.99,6569.88,549.37,11.89,6531.83,53,62.7,62.2,547.5,10.9,547.5,11.2,547.9,0,548.9,51.4,25.5,25.4,11.8,11.7,25.5,25.4,11.8,11.7,232,232.7,232.1,57.7,57.1,57.4,0,0,0,0,0,0,0,0,0,0,0,0,0,0,0,0,0,53,0,OK
8时22分35秒,46/79 静置,549.66,25.86,14216.48,548.13,26.03,14267.54,547.94,11.99,6569.88,549.37,11.89,6531.83,53,62.7,62.2,547.5,10.9,547.5,11.2,547.9,0,548.9,51.4,25.5,25.4,11.8,11.7,25.5,25.4,11.8,11.7,232,232.7,232.1,57.7,57.1,57.4,0,0,0,0,0,0,0,0,0,0,0,0,0,0,0,0,0,53,0,OK
8时22分40秒,46/79 静置,548.56,26,14262.04,547.31,26,14227.48,550.12,11.91,6550.97,548,11.98,6565.32,53,62.7,62.2,546.4,11,548.1,11.1,548.4,0,548,51.4,25.6,25.4,11.8,11.8,25.6,25.4,11.8,11.8,231.8,232.5,231.8,57.8,57.2,57.5,0,0,0,0,0,0,0,0,0,0,0,0,0,0,0,0,0,53,0,OK
8时22分45秒,46/79 静置,548.56,26,14262.04,547.31,26,14227.48,550.12,11.91,6550.97,548,11.98,6565.32,53,62.7,62.2,546.4,11,548.1,11.1,548.4,0,548,51.4,25.6,25.4,11.8,11.8,25.6,25.4,11.8,11.8,231.8,232.5,231.8,57.8,57.2,57.5,0,0,0,0,0,0,0,0,0,0,0,0,0,0,0,0,0,53,0,OK
8时22分50秒,46/79 静置,548.01,25.98,14238.7,549.5,25.99,14280.56,547.12,12.01,6569.12,548.82,11.97,6569.26,53,62.7,62.2,547.1,11.1,548.5,11.2,545.4,0,548.5,51.4,25.5,25.4,11.9,11.8,25.5,25.4,11.9,11.8,231.9,232.6,231.9,57.6,57.1,57.4,0,0,0,0,0,0,0,0,0,0,0,0,0,0,0,0,0,53,0,OK
8时22分55秒,46/79 静置,548.01,25.98,14238.7,549.5,25.99,14280.56,547.12,12.01,6569.12,548.82,11.97,6569.26,53,62.7,62.2,547.1,11.1,548.5,11.2,545.4,0,548.5,51.4,25.5,25.4,11.9,11.8,25.5,25.4,11.9,11.8,231.9,232.6,231.9,57.6,57.1,57.4,0,0,0,0,0,0,0,0,0,0,0,0,0,0,0,0,0,53,0,OK
8时23分00秒,46/79 静置,549.66,25.97,14273.37,547.59,26,14239.4,550.4,11.98,6593.46,549.92,11.95,6569.49,53,62.7,62.3,546.9,11,546.9,11.2,547.1,0,548,51.4,25.5,25.4,11.8,11.8,25.5,25.4,11.8,11.8,231.9,232.7,231.9,57.6,57,57.3,0,0,0,0,0,0,0,0,0,0,0,0,0,0,0,0,0,53,0,OK
8时23分05秒,46/79 静置,549.66,25.97,14273.37,547.59,26,14239.4,550.4,11.98,6593.46,549.92,11.95,6569.49,53,62.7,62.3,546.9,11,546.9,11.2,547.1,0,548,51.4,25.5,25.4,11.8,11.8,25.5,25.4,11.8,11.8,231.9,232.7,231.9,57.6,57,57.3,0,0,0,0,0,0,0,0,0,0,0,0,0,0,0,0,0,53,0,OK
8时23分10秒,46/79 静置,546.64,26.02,14225.52,549.5,25.95,14258.56,546.29,12.01,6560.87,548.28,11.98,6569.67,54,62.7,62.3,546.4,10.9,548.1,11.2,547.1,0,548.2,51.4,25.5,25.4,11.9,11.8,25.5,25.4,11.9,11.8,232,232.8,232,57.7,57.1,57.4,0,0,0,0,0,0,0,0,0,0,0,0,0,0,0,0,0,54,0,OK
8时23分15秒,46/79 静置,546.64,26.02,14225.52,549.5,25.95,14258.56,546.29,12.01,6560.87,548.28,11.98,6569.67,54,62.7,62.3,546.4,10.9,548.1,11.2,547.1,0,548.2,51.4,25.5,25.4,11.9,11.8,25.5,25.4,11.9,11.8,232,232.8,232,57.7,57.1,57.4,0,0,0,0,0,0,0,0,0,0,0,0,0,0,0,0,0,54,0,OK
8时23分20秒,46/79 静置,548.56,26,14264.72,548.41,26.04,14280.01,546.84,12,6564.77,543.34,12.03,6535.52,54,62.8,62.3,546.4,10.9,547.8,11.3,545.9,0,544.1,51.4,25.6,25.4,11.9,11.8,25.6,25.4,11.9,11.8,231.9,232.7,231.9,57.8,57.1,57.4,0,0,0,0,0,0,0,0,0,0,0,0,0,0,0,0,0,54,0,OK
8时23分25秒,46/79 静置,548.56,26,14264.72,548.41,26.04,14280.01,546.84,12,6564.77,543.34,12.03,6535.52,54,62.8,62.3,546.4,10.9,547.8,11.3,545.9,0,544.1,51.4,25.6,25.4,11.9,11.8,25.6,25.4,11.9,11.8,231.9,232.7,231.9,57.8,57.1,57.4,0,0,0,0,0,0,0,0,0,0,0,0,0,0,0,0,0,54,0,OK
8时23分30秒,46/79 静置,546.64,26.01,14215.91,548.95,25.99,14269.59,549.3,11.95,6562.67,549.65,11.97,6576.96,54,62.8,62.3,546.6,11.1,547.8,11.2,548.7,0,547.8,51.4,25.5,25.4,11.8,11.8,25.5,25.4,11.8,11.8,231.9,232.7,232,57.7,57.1,57.4,0,0,0,0,0,0,0,0,0,0,0,0,0,0,0,0,0,54,0,OK
8时23分35秒,46/79 静置,546.64,26.01,14215.91,548.95,25.99,14269.59,549.3,11.95,6562.67,549.65,11.97,6576.96,54,62.8,62.3,546.6,11.1,547.8,11.2,548.7,0,547.8,51.4,25.5,25.4,11.8,11.8,25.5,25.4,11.8,11.8,231.9,232.7,232,57.7,57.1,57.4,0,0,0,0,0,0,0,0,0,0,0,0,0,0,0,0,0,54,0,OK
8时23分40秒,46/79 静置,549.66,25.96,14271.76,549.23,25.97,14261.65,549.3,12,6591.1,549.1,12,6586.49,54,62.8,62.3,546.8,11,548.6,11.3,547.4,0,547.9,51.4,25.5,25.4,11.8,11.8,25.5,25.4,11.8,11.8,231.9,232.7,232,57.7,57.1,57.3,0,0,0,0,0,0,0,0,0,0,0,0,0,0,0,0,0,54,0,OK
8时23分45秒,46/79 静置,549.66,25.96,14271.76,549.23,25.97,14261.65,549.3,12,6591.1,549.1,12,6586.49,54,62.8,62.3,546.8,11,548.6,11.3,547.4,0,547.9,51.4,25.5,25.4,11.8,11.8,25.5,25.4,11.8,11.8,231.9,232.7,232,57.7,57.1,57.3,0,0,0,0,0,0,0,0,0,0,0,0,0,0,0,0,0,54,0,OK
8时23分50秒,46/79 静置,548.83,25.92,14225.22,547.59,26.02,14247.42,544.38,12.02,6544.27,548,12,6574.95,54,62.8,62.3,546.9,11,547.7,11.1,544.7,0,547.5,51.4,25.5,25.4,11.9,11.8,25.5,25.4,11.9,11.8,232,232.8,232.2,57.7,57.1,57.4,0,0,0,0,0,0,0,0,0,0,0,0,0,0,0,0,0,54,0,OK
8时23分55秒,46/79 静置,548.83,25.92,14225.22,547.59,26.02,14247.42,544.38,12.02,6544.27,548,12,6574.95,54,62.8,62.3,546.9,11,547.7,11.1,544.7,0,547.5,51.4,25.5,25.4,11.9,11.8,25.5,25.4,11.9,11.8,232,232.8,232.2,57.7,57.1,57.4,0,0,0,0,0,0,0,0,0,0,0,0,0,0,0,0,0,54,0,OK
8时24分00秒,46/79 静置,547.74,26,14242.29,545.95,26.05,14219.69,546.57,12.01,6562.02,549.1,12,6589.71,54,62.9,62.4,546.7,11,546.6,11.2,546.8,0,547.5,51.4,25.6,25.4,11.9,11.8,25.6,25.4,11.9,11.8,232.1,232.8,232.3,57.7,57.1,57.4,0,0,0,0,0,0,0,0,0,0,0,0,0,0,0,0,0,54,0,OK
8时24分05秒,46/79 静置,547.74,26,14242.29,545.95,26.05,14219.69,546.57,12.01,6562.02,549.1,12,6589.71,54,62.9,62.4,546.7,11,546.6,11.2,546.8,0,547.5,51.4,25.6,25.4,11.9,11.8,25.6,25.4,11.9,11.8,232.1,232.8,232.3,57.7,57.1,57.4,0,0,0,0,0,0,0,0,0,0,0,0,0,0,0,0,0,54,0,OK
8时24分10秒,46/79 静置,550.21,25.97,14288.68,550.32,25.89,14250.29,548.48,11.99,6576.43,548,11.99,6568,54,62.9,62.4,546.7,11,549,11.4,547.7,0,547.9,51.4,25.5,25.3,11.8,11.8,25.5,25.3,11.8,11.8,231.7,232.4,231.9,57.7,57.1,57.5,0,0,0,0,0,0,0,0,0,0,0,0,0,0,0,0,0,54,0,OK
8时24分15秒,46/79 静置,550.21,25.97,14288.68,550.32,25.89,14250.29,548.48,11.99,6576.43,548,11.99,6568,54,62.9,62.4,546.7,11,549,11.4,547.7,0,547.9,51.4,25.5,25.3,11.8,11.8,25.5,25.3,11.8,11.8,231.7,232.4,231.9,57.7,57.1,57.5,0,0,0,0,0,0,0,0,0,0,0,0,0,0,0,0,0,54,0,OK
8时24分20秒,46/79 静置,546.92,26.02,14231.06,547.59,26.02,14249.56,548.48,11.99,6578.04,549.1,11.97,6573.08,54,62.9,62.4,546.7,11.1,547.8,11.1,547.1,0,548.7,51.4,25.5,25.4,11.8,11.8,25.5,25.4,11.8,11.8,232,232.7,232.2,57.7,57.1,57.4,0,0,0,0,0,0,0,0,0,0,0,0,0,0,0,0,0,54,0,OK
8时24分25秒,46/79 静置,546.92,26.02,14231.06,547.59,26.02,14249.56,548.48,11.99,6578.04,549.1,11.97,6573.08,54,62.9,62.4,546.7,11.1,547.8,11.1,547.1,0,548.7,51.4,25.5,25.4,11.8,11.8,25.5,25.4,11.8,11.8,232,232.7,232.2,57.7,57.1,57.4,0,0,0,0,0,0,0,0,0,0,0,0,0,0,0,0,0,54,0,OK
8时24分30秒,46/79 静置,545,26.06,14200.84,548.41,25.99,14253.23,549.03,11.95,6559.4,547.73,12.01,6577.01,54,62.9,62.4,545.1,11,547.9,11.2,548.3,0,546.8,51.4,25.6,25.4,11.8,11.8,25.6,25.4,11.8,11.8,231.8,232.4,231.9,57.8,57.2,57.5,0,0,0,0,0,0,0,0,0,0,0,0,0,0,0,0,0,54,0,OK
8时24分35秒,46/79 静置,545,26.06,14200.84,548.41,25.99,14253.23,549.03,11.95,6559.4,547.73,12.01,6577.01,54,62.9,62.4,545.1,11,547.9,11.2,548.3,0,546.8,51.4,25.6,25.4,11.8,11.8,25.6,25.4,11.8,11.8,231.8,232.4,231.9,57.8,57.2,57.5,0,0,0,0,0,0,0,0,0,0,0,0,0,0,0,0,0,54,0,OK
8时24分40秒,46/79 静置,548.83,26.01,14276.14,547.59,26.03,14253.84,547.66,12,6569.27,549.92,11.96,6577.55,54,62.9,62.5,546.9,10.9,547.4,11.2,546.7,0,548.5,51.4,25.5,25.4,11.9,11.7,25.5,25.4,11.9,11.7,231.7,232.3,231.8,57.8,57.1,57.4,0,0,0,0,0,0,0,0,0,0,0,0,0,0,0,0,0,54,0,OK
8时24分45秒,46/79 静置,548.83,26.01,14276.14,547.59,26.03,14253.84,547.66,12,6569.27,549.92,11.96,6577.55,54,62.9,62.5,546.9,10.9,547.4,11.2,546.7,0,548.5,51.4,25.5,25.4,11.9,11.7,25.5,25.4,11.9,11.7,231.7,232.3,231.8,57.8,57.1,57.4,0,0,0,0,0,0,0,0,0,0,0,0,0,0,0,0,0,54,0,OK
8时24分50秒,46/79 静置,549.11,25.92,14230.73,547.86,25.99,14240.09,550.4,11.93,6567.12,547.73,11.98,6559.36,54,63,62.5,547.3,11.1,548.2,11.1,548.3,0,548.5,51.4,25.5,25.4,11.8,11.7,25.5,25.4,11.8,11.7,231.8,232.5,231.9,57.8,57.2,57.5,0,0,0,0,0,0,0,0,0,0,0,0,0,0,0,0,0,54,0,OK
8时24分55秒,46/79 静置,549.11,25.92,14230.73,547.86,25.99,14240.09,550.4,11.93,6567.12,547.73,11.98,6559.36,54,63,62.5,547.3,11.1,548.2,11.1,548.3,0,548.5,51.4,25.5,25.4,11.8,11.7,25.5,25.4,11.8,11.7,231.8,232.5,231.9,57.8,57.2,57.5,0,0,0,0,0,0,0,0,0,0,0,0,0,0,0,0,0,54,0,OK
8时25分00秒,46/79 静置,548.83,26.01,14275.07,548.95,25.97,14254.58,547.66,11.98,6562.85,550.47,11.87,6535.72,55,63,62.5,546.4,11,548.8,11.4,548,0,548.9,51.4,25.6,25.3,11.8,11.7,25.6,25.3,11.8,11.7,231.9,232.6,232,57.8,57.2,57.5,0,0,0,0,0,0,0,0,0,0,0,0,0,0,0,0,0,55,0,OK
8时25分05秒,46/79 静置,548.83,26.01,14275.07,548.95,25.97,14254.58,547.66,11.98,6562.85,550.47,11.87,6535.72,55,63,62.5,546.4,11,548.8,11.4,548,0,548.9,51.4,25.6,25.3,11.8,11.7,25.6,25.3,11.8,11.7,231.9,232.6,232,57.8,57.2,57.5,0,0,0,0,0,0,0,0,0,0,0,0,0,0,0,0,0,55,0,OK
8时25分10秒,46/79 静置,547.74,26.02,14249.78,549.77,25.96,14273.17,549.3,12,6589.49,549.1,11.99,6581.13,55,63,62.5,546.5,10.9,548.7,11.2,546.9,0,547.7,51.4,25.6,25.4,11.9,11.8,25.6,25.4,11.9,11.8,231.7,232.3,231.8,57.8,57.2,57.5,0,0,0,0,0,0,0,0,0,0,0,0,0,0,0,0,0,55,0,OK
8时25分15秒,46/79 静置,547.74,26.02,14249.78,549.77,25.96,14273.17,549.3,12,6589.49,549.1,11.99,6581.13,55,63,62.5,546.5,10.9,548.7,11.2,546.9,0,547.7,51.4,25.6,25.4,11.9,11.8,25.6,25.4,11.9,11.8,231.7,232.3,231.8,57.8,57.2,57.5,0,0,0,0,0,0,0,0,0,0,0,0,0,0,0,0,0,55,0,OK
8时25分20秒,46/79 静置,547.74,26.01,14248.71,547.59,26.01,14243.14,550.12,11.96,6579.98,548.82,11.96,6565.51,55,63.1,62.6,545.3,11.1,548.5,11.2,548,0,548.4,51.4,25.6,25.4,11.8,11.8,25.6,25.4,11.8,11.8,231.6,232.4,231.7,57.8,57.2,57.5,0,0,0,0,0,0,0,0,0,0,0,0,0,0,0,0,0,55,0,OK
8时25分25秒,46/79 静置,547.74,26.01,14248.71,547.59,26.01,14243.14,550.12,11.96,6579.98,548.82,11.96,6565.51,55,63.1,62.6,545.3,11.1,548.5,11.2,548,0,548.4,51.4,25.6,25.4,11.8,11.8,25.6,25.4,11.8,11.8,231.6,232.4,231.7,57.8,57.2,57.5,0,0,0,0,0,0,0,0,0,0,0,0,0,0,0,0,0,55,0,OK
8时25分30秒,46/79 静置,547.74,25.98,14232.13,547.86,25.95,14218.69,549.85,11.97,6579.39,550.19,11.97,6583.51,55,63.1,62.6,546.5,11.2,548.6,11.1,547.6,0,547.6,51.4,25.6,25.4,11.8,11.8,25.6,25.4,11.8,11.8,231.6,232.5,231.6,57.8,57.2,57.5,0,0,0,0,0,0,0,0,0,0,0,0,0,0,0,0,0,55,0,OK
8时25分35秒,46/79 静置,547.74,25.98,14232.13,547.86,25.95,14218.69,549.85,11.97,6579.39,550.19,11.97,6583.51,55,63.1,62.6,546.5,11.2,548.6,11.1,547.6,0,547.6,51.4,25.6,25.4,11.8,11.8,25.6,25.4,11.8,11.8,231.6,232.5,231.6,57.8,57.2,57.5,0,0,0,0,0,0,0,0,0,0,0,0,0,0,0,0,0,55,0,OK
8时25分40秒,46/79 静置,549.93,25.82,14197.77,547.59,26.04,14256.51,548.76,11.95,6559.88,549.37,11.94,6557.04,55,63.1,62.6,547.5,10.9,547.4,11.2,548.1,0,548.5,51.4,25.5,25.4,11.8,11.8,25.5,25.4,11.8,11.8,231.2,232.4,231.8,57.9,57.3,57.6,0,0,0,0,0,0,0,0,0,0,0,0,0,0,0,0,0,55,0,OK
8时25分45秒,46/79 静置,549.93,25.82,14197.77,547.59,26.04,14256.51,548.76,11.95,6559.88,549.37,11.94,6557.04,55,63.1,62.6,547.5,10.9,547.4,11.2,548.1,0,548.5,51.4,25.5,25.4,11.8,11.8,25.5,25.4,11.8,11.8,231.2,232.4,231.8,57.9,57.3,57.6,0,0,0,0,0,0,0,0,0,0,0,0,0,0,0,0,0,55,0,OK
8时25分50秒,46/79 静置,547.19,26,14225.37,548.13,25.99,14248.27,547.39,12,6567.59,546.63,12,6560.12,55,63.1,62.7,546.2,11,547.9,11.3,546.1,0,547.1,51.4,25.6,25.4,11.9,11.8,25.6,25.4,11.9,11.8,231.5,232.4,231.4,57.7,57.2,57.5,0,0,0,0,0,0,0,0,0,0,0,0,0,0,0,0,0,55,0,OK
8时25分55秒,46/79 静置,547.19,26,14225.37,548.13,25.99,14248.27,547.39,12,6567.59,546.63,12,6560.12,55,63.1,62.7,546.2,11,547.9,11.3,546.1,0,547.1,51.4,25.6,25.4,11.9,11.8,25.6,25.4,11.9,11.8,231.5,232.4,231.4,57.7,57.2,57.5,0,0,0,0,0,0,0,0,0,0,0,0,0,0,0,0,0,55,0,OK
8时26分00秒,46/79 静置,547.19,25.96,14207.74,547.86,25.99,14236.34,547.12,12.01,6572.33,547.73,11.97,6555.61,55,63.1,62.7,546.8,10.9,548.3,11.3,545.1,0,548.8,51.4,25.5,25.4,11.9,11.7,25.5,25.4,11.9,11.7,231.5,232.4,231.5,57.8,57.2,57.5,0,0,0,0,0,0,0,0,0,0,0,0,0,0,0,0,0,55,0,OK
8时26分05秒,46/79 静置,547.19,25.96,14207.74,547.86,25.99,14236.34,547.12,12.01,6572.33,547.73,11.97,6555.61,55,63.1,62.7,546.8,10.9,548.3,11.3,545.1,0,548.8,51.4,25.5,25.4,11.9,11.7,25.5,25.4,11.9,11.7,231.5,232.4,231.5,57.8,57.2,57.5,0,0,0,0,0,0,0,0,0,0,0,0,0,0,0,0,0,55,0,OK
8时26分10秒,46/79 静置,548.83,26.02,14279.89,547.31,25.96,14209.31,548.48,11.98,6571.61,547.73,11.96,6551.33,55,63.2,62.7,546.3,10.9,548.7,11.2,548,0,547.8,51.4,25.6,25.3,11.8,11.8,25.6,25.3,11.8,11.8,231.5,232.3,231.5,57.9,57.2,57.6,0,0,0,0,0,0,0,0,0,0,0,0,0,0,0,0,0,55,0,OK
8时26分15秒,46/79 静置,548.83,26.02,14279.89,547.31,25.96,14209.31,548.48,11.98,6571.61,547.73,11.96,6551.33,55,63.2,62.7,546.3,10.9,548.7,11.2,548,0,547.8,51.4,25.6,25.3,11.8,11.8,25.6,25.3,11.8,11.8,231.5,232.3,231.5,57.9,57.2,57.6,0,0,0,0,0,0,0,0,0,0,0,0,0,0,0,0,0,55,0,OK
8时26分20秒,46/79 静置,549.93,25.85,14213.34,550.32,25.91,14258.89,546.57,12.01,6564.16,548,12,6576.56,55,63.2,62.7,547.6,11,548.5,11.2,545.7,0,547.5,51.4,25.5,25.3,11.9,11.8,25.5,25.3,11.9,11.8,231.4,232.3,231.7,57.9,57.2,57.5,0,0,0,0,0,0,0,0,0,0,0,0,0,0,0,0,0,55,0,OK
8时26分25秒,46/79 静置,549.93,25.85,14213.34,550.32,25.91,14258.89,546.57,12.01,6564.16,548,12,6576.56,55,63.2,62.7,547.6,11,548.5,11.2,545.7,0,547.5,51.4,25.5,25.3,11.9,11.8,25.5,25.3,11.9,11.8,231.4,232.3,231.7,57.9,57.2,57.5,0,0,0,0,0,0,0,0,0,0,0,0,0,0,0,0,0,55,0,OK
8时26分30秒,46/79 静置,548.29,26.02,14265.64,549.23,26.02,14292.76,548.21,12.01,6581.72,548.82,11.98,6577.3,56,63.3,62.7,545.3,11.1,546.7,11.2,546.6,0,548.1,51.4,25.6,25.5,11.9,11.8,25.6,25.5,11.9,11.8,231.5,232.6,232,57.9,57.1,57.4,0,0,0,0,0,0,0,0,0,0,0,0,0,0,0,0,0,56,0,OK
8时26分35秒,46/79 静置,548.29,26.02,14265.64,549.23,26.02,14292.76,548.21,12.01,6581.72,548.82,11.98,6577.3,56,63.3,62.7,545.3,11.1,546.7,11.2,546.6,0,548.1,51.4,25.6,25.5,11.9,11.8,25.6,25.5,11.9,11.8,231.5,232.6,232,57.9,57.1,57.4,0,0,0,0,0,0,0,0,0,0,0,0,0,0,0,0,0,56,0,OK
8时26分40秒,46/79 静置,547.46,25.98,14225,547.59,25.99,14230.84,548.76,12,6587.75,547.73,11.99,6566.85,56,63.3,62.7,546.8,11.1,548.2,11.2,546.4,0,547.3,51.4,25.6,25.4,11.9,11.8,25.6,25.4,11.9,11.8,231.2,232.6,232.1,57.9,57.1,57.5,0,0,0,0,0,0,0,0,0,0,0,0,0,0,0,0,0,56,0,OK
8时26分45秒,46/79 静置,547.46,25.98,14225,547.59,25.99,14230.84,548.76,12,6587.75,547.73,11.99,6566.85,56,63.3,62.7,546.8,11.1,548.2,11.2,546.4,0,547.3,51.4,25.6,25.4,11.9,11.8,25.6,25.4,11.9,11.8,231.2,232.6,232.1,57.9,57.1,57.5,0,0,0,0,0,0,0,0,0,0,0,0,0,0,0,0,0,56,0,OK
8时26分50秒,46/79 静置,548.56,26.01,14267.4,547.31,26.04,14250.46,547.94,11.99,6569.34,547.45,11.99,6563.57,56,63.3,62.7,546.4,10.9,547.2,11.2,547.3,0,547.8,51.4,25.6,25.4,11.9,11.8,25.6,25.4,11.9,11.8,231.2,232.5,232,58,57.2,57.5,0,0,0,0,0,0,0,0,0,0,0,0,0,0,0,0,0,56,0,OK
8时26分55秒,46/79 静置,548.56,26.01,14267.4,547.31,26.04,14250.46,547.94,11.99,6569.34,547.45,11.99,6563.57,56,63.3,62.7,546.4,10.9,547.2,11.2,547.3,0,547.8,51.4,25.6,25.4,11.9,11.8,25.6,25.4,11.9,11.8,231.2,232.5,232,58,57.2,57.5,0,0,0,0,0,0,0,0,0,0,0,0,0,0,0,0,0,56,0,OK
8时27分00秒,46/79 静置,549.38,25.97,14265.71,547.04,26.03,14238,551.22,11.92,6573.14,550.74,11.91,6561.57,56,63.3,62.8,546.8,11,547.3,11.4,548.7,0,549,51.4,25.5,25.4,11.8,11.7,25.5,25.4,11.8,11.7,231.3,232.7,232.1,57.7,56.9,57.3,0,0,0,0,0,0,0,0,0,0,0,0,0,0,0,0,0,56,0,OK
8时27分05秒,46/79 静置,549.38,25.97,14265.71,547.04,26.03,14238,551.22,11.92,6573.14,550.74,11.91,6561.57,56,63.3,62.8,546.8,11,547.3,11.4,548.7,0,549,51.4,25.5,25.4,11.8,11.7,25.5,25.4,11.8,11.7,231.3,232.7,232.1,57.7,56.9,57.3,0,0,0,0,0,0,0,0,0,0,0,0,0,0,0,0,0,56,0,OK
8时27分10秒,46/79 静置,547.74,25.98,14231.06,548.13,25.99,14247.73,544.11,12.04,6552.67,551.01,11.84,6523.39,56,63.3,62.8,547.3,11,548.3,11.3,543.8,0,549.1,51.4,25.5,25.4,11.9,11.7,25.5,25.4,11.9,11.7,231.3,232.7,232.2,57.9,57.1,57.4,0,0,0,0,0,0,0,0,0,0,0,0,0,0,0,0,0,56,0,OK
8时27分15秒,46/79 静置,547.74,25.98,14231.06,548.13,25.99,14247.73,544.11,12.04,6552.67,551.01,11.84,6523.39,56,63.3,62.8,547.3,11,548.3,11.3,543.8,0,549.1,51.4,25.5,25.4,11.9,11.7,25.5,25.4,11.9,11.7,231.3,232.7,232.2,57.9,57.1,57.4,0,0,0,0,0,0,0,0,0,0,0,0,0,0,0,0,0,56,0,OK
8时27分20秒,46/79 静置,546.92,26.04,14240.67,547.04,26.03,14236.93,547.66,11.98,6559.64,548.82,11.97,6570.34,56,63.3,62.8,546.4,11,547.9,11.4,547.8,0,547.9,51.4,25.6,25.4,11.9,11.8,25.6,25.4,11.9,11.8,231.4,232.7,232.2,57.9,57.1,57.4,0,0,0,0,0,0,0,0,0,0,0,0,0,0,0,0,0,56,0,OK
8时27分25秒,46/79 静置,546.92,26.04,14240.67,547.04,26.03,14236.93,547.66,11.98,6559.64,548.82,11.97,6570.34,56,63.3,62.8,546.4,11,547.9,11.4,547.8,0,547.9,51.4,25.6,25.4,11.9,11.8,25.6,25.4,11.9,11.8,231.4,232.7,232.2,57.9,57.1,57.4,0,0,0,0,0,0,0,0,0,0,0,0,0,0,0,0,0,56,0,OK
8时27分31秒,46/79 静置,548.29,26,14252.79,547.59,26.01,14243.68,548.21,11.98,6565.66,547.45,12,6571.05,56,63.4,62.9,546.1,11,548.3,11.3,547.2,0,546.9,51.4,25.6,25.3,11.9,11.8,25.6,25.3,11.9,11.8,231.2,232.6,232,58,57.1,57.5,0,0,0,0,0,0,0,0,0,0,0,0,0,0,0,0,0,56,0,OK
8时27分36秒,46/79 静置,548.29,26,14252.79,547.59,26.01,14243.68,548.21,11.98,6565.66,547.45,12,6571.05,56,63.4,62.9,546.1,11,548.3,11.3,547.2,0,546.9,51.4,25.6,25.3,11.9,11.8,25.6,25.3,11.9,11.8,231.2,232.6,232,58,57.1,57.5,0,0,0,0,0,0,0,0,0,0,0,0,0,0,0,0,0,56,0,OK
8时27分41秒,46/79 静置,549.11,26.01,14282.74,547.86,25.96,14225.11,549.3,11.98,6581.44,550.74,11.96,6584.15,56,63.4,62.9,546.9,11.1,548.4,11.3,547.5,0,548.3,51.4,25.5,25.4,11.9,11.8,25.5,25.4,11.9,11.8,231.3,232.6,232.1,57.9,57.1,57.4,0,0,0,0,0,0,0,0,0,0,0,0,0,0,0,0,0,56,0,OK
8时27分46秒,46/79 静置,549.11,26.01,14282.74,547.86,25.96,14225.11,549.3,11.98,6581.44,550.74,11.96,6584.15,56,63.4,62.9,546.9,11.1,548.4,11.3,547.5,0,548.3,51.4,25.5,25.4,11.9,11.8,25.5,25.4,11.9,11.8,231.3,232.6,232.1,57.9,57.1,57.4,0,0,0,0,0,0,0,0,0,0,0,0,0,0,0,0,0,56,0,OK
8时27分51秒,46/79 静置,548.29,26.04,14275.81,549.23,26.02,14289.01,547.94,11.97,6561.31,546.63,12.01,6566.52,56,63.4,62.9,545.4,11,547.4,11.2,548.5,0,546.7,51.4,25.6,25.4,11.8,11.8,25.6,25.4,11.8,11.8,231.4,232.8,232.3,57.9,57.1,57.4,0,0,0,0,0,0,0,0,0,0,0,0,0,0,0,0,0,56,0,OK
8时27分56秒,46/79 静置,548.29,26.04,14275.81,549.23,26.02,14289.01,547.94,11.97,6561.31,546.63,12.01,6566.52,56,63.4,62.9,545.4,11,547.4,11.2,548.5,0,546.7,51.4,25.6,25.4,11.8,11.8,25.6,25.4,11.8,11.8,231.4,232.8,232.3,57.9,57.1,57.4,0,0,0,0,0,0,0,0,0,0,0,0,0,0,0,0,0,56,0,OK
8时28分01秒,46/79 静置,547.74,26.02,14251.92,547.86,26.01,14250.79,549.03,11.95,6558.33,547.18,11.99,6559.74,56,63.4,62.9,545.7,11,547.7,11.2,548.2,0,548.3,51.4,25.6,25.4,11.8,11.8,25.6,25.4,11.8,11.8,231.2,232.7,232.2,57.8,57,57.3,0,0,0,0,0,0,0,0,0,0,0,0,0,0,0,0,0,56,0,OK
8时28分06秒,46/79 静置,547.74,26.02,14251.92,547.86,26.01,14250.79,549.03,11.95,6558.33,547.18,11.99,6559.74,56,63.4,62.9,545.7,11,547.7,11.2,548.2,0,548.3,51.4,25.6,25.4,11.8,11.8,25.6,25.4,11.8,11.8,231.2,232.7,232.2,57.8,57,57.3,0,0,0,0,0,0,0,0,0,0,0,0,0,0,0,0,0,56,0,OK
8时28分11秒,46/79 静置,547.19,26.05,14256.9,547.86,26.04,14265.24,548.48,11.97,6566.79,548.82,12,6584.81,56,63.5,62.9,545.1,10.9,546.8,11.3,547,0,547,51.4,25.6,25.4,11.9,11.8,25.6,25.4,11.9,11.8,230.8,232.4,231.9,58,57.2,57.5,0,0,0,0,0,0,0,0,0,0,0,0,0,0,0,0,0,56,0,OK
8时28分16秒,46/79 静置,547.19,26.05,14256.9,547.86,26.04,14265.24,548.48,11.97,6566.79,548.82,12,6584.81,56,63.5,62.9,545.1,10.9,546.8,11.3,547,0,547,51.4,25.6,25.4,11.9,11.8,25.6,25.4,11.9,11.8,230.8,232.4,231.9,58,57.2,57.5,0,0,0,0,0,0,0,0,0,0,0,0,0,0,0,0,0,56,0,OK
8时28分21秒,46/79 静置,549.38,26,14285.03,547.31,26.04,14249.93,546.57,12.01,6563.62,548,11.98,6566.39,57,63.5,62.9,546.6,11,547,11.2,546.9,0,548.6,51.4,25.5,25.4,11.9,11.7,25.5,25.4,11.9,11.7,230.7,232.6,231.8,58,57.1,57.5,0,0,0,0,0,0,0,0,0,0,0,0,0,0,0,0,0,57,0,OK
8时28分26秒,46/79 静置,549.38,26,14285.03,547.31,26.04,14249.93,546.57,12.01,6563.62,548,11.98,6566.39,57,63.5,62.9,546.6,11,547,11.2,546.9,0,548.6,51.4,25.5,25.4,11.9,11.7,25.5,25.4,11.9,11.7,230.7,232.6,231.8,58,57.1,57.5,0,0,0,0,0,0,0,0,0,0,0,0,0,0,0,0,0,57,0,OK
8时28分31秒,46/79 静置,547.74,26.04,14260.48,548.68,26.02,14274.81,547.39,12.01,6571.87,548,12,6576.56,57,63.5,63,545.5,10.9,547.1,11,546.4,0,547.2,51.4,25.6,25.4,11.9,11.8,25.6,25.4,11.9,11.8,231.1,232.9,232.2,58,57.1,57.5,0,0,0,0,0,0,0,0,0,0,0,0,0,0,0,0,0,57,0,OK
8时28分36秒,46/79 静置,547.74,26.04,14260.48,548.68,26.02,14274.81,547.39,12.01,6571.87,548,12,6576.56,57,63.5,63,545.5,10.9,547.1,11,546.4,0,547.2,51.4,25.6,25.4,11.9,11.8,25.6,25.4,11.9,11.8,231.1,232.9,232.2,58,57.1,57.5,0,0,0,0,0,0,0,0,0,0,0,0,0,0,0,0,0,57,0,OK
8时28分41秒,46/79 静置,548.56,25.97,14248.11,549.77,25.96,14269.41,547.66,11.99,6563.92,546.63,12.02,6568.66,57,63.5,63,546.5,11,548.1,11.2,547.1,0,546.2,51.4,25.5,25.4,11.9,11.8,25.5,25.4,11.9,11.8,230.9,232.7,232.2,58,57.1,57.5,0,0,0,0,0,0,0,0,0,0,0,0,0,0,0,0,0,57,0,OK
8时28分46秒,46/79 静置,548.56,25.97,14248.11,549.77,25.96,14269.41,547.66,11.99,6563.92,546.63,12.02,6568.66,57,63.5,63,546.5,11,548.1,11.2,547.1,0,546.2,51.4,25.5,25.4,11.9,11.8,25.5,25.4,11.9,11.8,230.9,232.7,232.2,58,57.1,57.5,0,0,0,0,0,0,0,0,0,0,0,0,0,0,0,0,0,57,0,OK
8时28分51秒,46/79 静置,546.37,26.02,14217.87,546.22,26.03,14218.81,549.58,12,6593.84,547.73,11.97,6555.61,57,63.5,63.1,545.9,11,547.6,11.1,546.8,0,548.1,51.4,25.6,25.4,11.9,11.8,25.6,25.4,11.9,11.8,230.8,232.7,232,58,57.1,57.5,0,0,0,0,0,0,0,0,0,0,0,0,0,0,0,0,0,57,0,OK
8时28分56秒,46/79 静置,546.37,26.02,14217.87,546.22,26.03,14218.81,549.58,12,6593.84,547.73,11.97,6555.61,57,63.5,63.1,545.9,11,547.6,11.1,546.8,0,548.1,51.4,25.6,25.4,11.9,11.8,25.6,25.4,11.9,11.8,230.8,232.7,232,58,57.1,57.5,0,0,0,0,0,0,0,0,0,0,0,0,0,0,0,0,0,57,0,OK
8时29分01秒,46/79 静置,548.01,25.97,14232.28,548.13,25.99,14246.66,546.84,11.99,6557.83,549.92,11.96,6578.62,57,63.6,63.2,547,11,548.5,11,547.8,0,547.6,51.4,25.5,25.4,11.8,11.8,25.5,25.4,11.8,11.8,230.8,232.7,232,58,57.1,57.5,0,0,0,0,0,0,0,0,0,0,0,0,0,0,0,0,0,57,0,OK
8时29分06秒,46/79 静置,548.01,25.97,14232.28,548.13,25.99,14246.66,546.84,11.99,6557.83,549.92,11.96,6578.62,57,63.6,63.2,547,11,548.5,11,547.8,0,547.6,51.4,25.5,25.4,11.8,11.8,25.5,25.4,11.8,11.8,230.8,232.7,232,58,57.1,57.5,0,0,0,0,0,0,0,0,0,0,0,0,0,0,0,0,0,57,0,OK
8时29分11秒,46/79 静置,549.11,25.99,14273.63,548.68,26.03,14283.38,550.4,11.96,6581.63,546.36,12,6558.97,57,63.6,63.2,546.4,11,547.4,11.2,548.2,0,547.7,51.4,25.5,25.4,11.8,11.8,25.5,25.4,11.8,11.8,231,232.7,232.1,58,57,57.5,0,0,0,0,0,0,0,0,0,0,0,0,0,0,0,0,0,57,0,OK
8时29分16秒,46/79 静置,549.11,25.99,14273.63,548.68,26.03,14283.38,550.4,11.96,6581.63,546.36,12,6558.97,57,63.6,63.2,546.4,11,547.4,11.2,548.2,0,547.7,51.4,25.5,25.4,11.8,11.8,25.5,25.4,11.8,11.8,231,232.7,232.1,58,57,57.5,0,0,0,0,0,0,0,0,0,0,0,0,0,0,0,0,0,57,0,OK
8时29分21秒,46/79 静置,545.82,26,14188.69,547.86,25.99,14241.16,544.93,12.02,6549.78,549.37,11.94,6560.8,57,63.7,63.3,547.2,11,548.1,11.3,545.8,0,548.5,51.4,25.5,25.4,11.9,11.8,25.5,25.4,11.9,11.8,231,232.7,232.2,58,57.1,57.5,0,0,0,0,0,0,0,0,0,0,0,0,0,0,0,0,0,57,0,OK
8时29分26秒,46/79 静置,545.82,26,14188.69,547.86,25.99,14241.16,544.93,12.02,6549.78,549.37,11.94,6560.8,57,63.7,63.3,547.2,11,548.1,11.3,545.8,0,548.5,51.4,25.5,25.4,11.9,11.8,25.5,25.4,11.9,11.8,231,232.7,232.2,58,57.1,57.5,0,0,0,0,0,0,0,0,0,0,0,0,0,0,0,0,0,57,0,OK
8时29分31秒,46/79 静置,549.66,25.94,14260.49,547.59,26,14236.19,547.66,12,6569.27,548,12,6574.95,57,63.7,63.3,546.5,10.9,548.4,11.1,546.4,0,547.5,51.4,25.5,25.4,11.9,11.8,25.5,25.4,11.9,11.8,231.3,233.1,232.4,58,57.1,57.5,0,0,0,0,0,0,0,0,0,0,0,0,0,0,0,0,0,57,0,OK
8时29分36秒,46/79 静置,549.66,25.94,14260.49,547.59,26,14236.19,547.66,12,6569.27,548,12,6574.95,57,63.7,63.3,546.5,10.9,548.4,11.1,546.4,0,547.5,51.4,25.5,25.4,11.9,11.8,25.5,25.4,11.9,11.8,231.3,233.1,232.4,58,57.1,57.5,0,0,0,0,0,0,0,0,0,0,0,0,0,0,0,0,0,57,0,OK
8时29分41秒,46/79 静置,549.93,25.77,14174.14,547.31,26.02,14243.51,547.66,11.99,6566.6,549.92,11.96,6575.94,57,63.8,63.3,547.5,11.1,547.8,11.1,547.5,0,548.4,51.4,25.4,25.4,11.9,11.8,25.4,25.4,11.9,11.8,231.1,233,232.3,57.9,57,57.4,0,0,0,0,0,0,0,0,0,0,0,0,0,0,0,0,0,57,0,OK
8时29分46秒,46/79 静置,549.93,25.77,14174.14,547.31,26.02,14243.51,547.66,11.99,6566.6,549.92,11.96,6575.94,57,63.8,63.3,547.5,11.1,547.8,11.1,547.5,0,548.4,51.4,25.4,25.4,11.9,11.8,25.4,25.4,11.9,11.8,231.1,233,232.3,57.9,57,57.4,0,0,0,0,0,0,0,0,0,0,0,0,0,0,0,0,0,57,0,OK
8时29分51秒,46/79 静置,546.64,26.07,14250.08,549.5,26.01,14290.76,547.66,11.97,6558.04,547.73,11.99,6568.45,57,63.8,63.3,544.6,11,548.3,11.1,548.2,0,548,51.4,25.6,25.4,11.8,11.8,25.6,25.4,11.8,11.8,231.1,232.9,232.3,58,57.1,57.5,0,0,0,0,0,0,0,0,0,0,0,0,0,0,0,0,0,57,0,OK
8时29分56秒,46/79 静置,546.64,26.07,14250.08,549.5,26.01,14290.76,547.66,11.97,6558.04,547.73,11.99,6568.45,57,63.8,63.3,544.6,11,548.3,11.1,548.2,0,548,51.4,25.6,25.4,11.8,11.8,25.6,25.4,11.8,11.8,231.1,232.9,232.3,58,57.1,57.5,0,0,0,0,0,0,0,0,0,0,0,0,0,0,0,0,0,57,0,OK
8时30分01秒,46/79 静置,549.11,26.01,14283.28,548.41,26.03,14275.19,546.57,12,6558.29,549.65,11.97,6580.18,57,63.8,63.4,546.4,11,547.2,11.2,547.5,0,547.4,51.4,25.6,25.4,11.9,11.8,25.6,25.4,11.9,11.8,231.1,233.1,232.4,58,57.1,57.5,0,0,0,0,0,0,0,0,0,0,0,0,0,0,0,0,0,57,0,OK
8时30分06秒,46/79 静置,549.11,26.01,14283.28,548.41,26.03,14275.19,546.57,12,6558.29,549.65,11.97,6580.18,57,63.8,63.4,546.4,11,547.2,11.2,547.5,0,547.4,51.4,25.6,25.4,11.9,11.8,25.6,25.4,11.9,11.8,231.1,233.1,232.4,58,57.1,57.5,0,0,0,0,0,0,0,0,0,0,0,0,0,0,0,0,0,57,0,OK
8时30分11秒,46/79 静置,549.38,25.9,14229.23,547.86,26.02,14257.21,549.58,11.98,6585.79,547.45,11.99,6566.24,57,63.9,63.4,547.2,11,547.5,11.3,547.6,0,548,51.4,25.5,25.4,11.8,11.8,25.5,25.4,11.8,11.8,231,232.9,232.3,58,57,57.5,0,0,0,0,0,0,0,0,0,0,0,0,0,0,0,0,0,57,0,OK
8时30分16秒,46/79 静置,549.38,25.9,14229.23,547.86,26.02,14257.21,549.58,11.98,6585.79,547.45,11.99,6566.24,57,63.9,63.4,547.2,11,547.5,11.3,547.6,0,548,51.4,25.5,25.4,11.8,11.8,25.5,25.4,11.8,11.8,231,232.9,232.3,58,57,57.5,0,0,0,0,0,0,0,0,0,0,0,0,0,0,0,0,0,57,0,OK
8时30分21秒,46/79 静置,548.01,26,14245.65,548.13,26.04,14271.28,549.58,11.97,6580.96,550.19,11.92,6558.26,58,63.9,63.5,547.2,11,546.9,10.9,547.3,0,548.6,51.4,25.5,25.4,11.9,11.7,25.5,25.4,11.9,11.7,231.5,233.2,232.6,57.8,56.9,57.3,0,0,0,0,0,0,0,0,0,0,0,0,0,0,0,0,0,58,0,OK
8时30分26秒,46/79 静置,548.01,26,14245.65,548.13,26.04,14271.28,549.58,11.97,6580.96,550.19,11.92,6558.26,58,63.9,63.5,547.2,11,546.9,10.9,547.3,0,548.6,51.4,25.5,25.4,11.9,11.7,25.5,25.4,11.9,11.7,231.5,233.2,232.6,57.8,56.9,57.3,0,0,0,0,0,0,0,0,0,0,0,0,0,0,0,0,0,58,0,OK
8时30分31秒,46/79 静置,547.46,26.03,14251.19,548.95,26.01,14279.24,546.84,12,6562.64,550.74,11.88,6543.82,58,63.9,63.5,545.9,11,547.4,11,547.3,0,549.1,51.4,25.6,25.4,11.9,11.7,25.6,25.4,11.9,11.7,231.5,232.9,232.5,57.9,57,57.4,0,0,0,0,0,0,0,0,0,0,0,0,0,0,0,0,0,58,0,OK
8时30分36秒,46/79 静置,547.46,26.03,14251.19,548.95,26.01,14279.24,546.84,12,6562.64,550.74,11.88,6543.82,58,63.9,63.5,545.9,11,547.4,11,547.3,0,549.1,51.4,25.6,25.4,11.9,11.7,25.6,25.4,11.9,11.7,231.5,232.9,232.5,57.9,57,57.4,0,0,0,0,0,0,0,0,0,0,0,0,0,0,0,0,0,58,0,OK
8时30分41秒,46/79 静置,549.66,25.96,14270.69,546.22,26.03,14217.21,549.03,11.95,6561.01,546.63,12.01,6567.06,58,64,63.5,547.5,11,547.2,11.1,547.8,0,546.3,51.4,25.5,25.4,11.9,11.8,25.5,25.4,11.9,11.8,231.4,233,232.2,57.8,57,57.4,0,0,0,0,0,0,0,0,0,0,0,0,0,0,0,0,0,58,0,OK
8时30分46秒,46/79 静置,549.66,25.96,14270.69,546.22,26.03,14217.21,549.03,11.95,6561.01,546.63,12.01,6567.06,58,64,63.5,547.5,11,547.2,11.1,547.8,0,546.3,51.4,25.5,25.4,11.9,11.8,25.5,25.4,11.9,11.8,231.4,233,232.2,57.8,57,57.4,0,0,0,0,0,0,0,0,0,0,0,0,0,0,0,0,0,58,0,OK
8时30分51秒,46/79 静置,547.46,25.99,14230.34,547.59,26.01,14244.75,547.39,12,6569.73,549.37,11.98,6582.8,58,64,63.5,546.7,10.9,548.3,11.2,546.5,0,548.4,51.4,25.5,25.4,11.9,11.8,25.5,25.4,11.9,11.8,231.5,233,232.2,57.9,57,57.5,0,0,0,0,0,0,0,0,0,0,0,0,0,0,0,0,0,58,0,OK
8时30分56秒,46/79 静置,547.46,25.99,14230.34,547.59,26.01,14244.75,547.39,12,6569.73,549.37,11.98,6582.8,58,64,63.5,546.7,10.9,548.3,11.2,546.5,0,548.4,51.4,25.5,25.4,11.9,11.8,25.5,25.4,11.9,11.8,231.5,233,232.2,57.9,57,57.5,0,0,0,0,0,0,0,0,0,0,0,0,0,0,0,0,0,58,0,OK
8时31分01秒,46/79 静置,548.29,25.98,14245.83,548.13,25.97,14235.96,547.94,11.98,6562.92,548.82,11.93,6545.15,58,64,63.5,546.6,11,548,11.3,547.6,0,549,51.4,25.5,25.4,11.9,11.7,25.5,25.4,11.9,11.7,231.4,233.3,232.5,57.9,57,57.4,0,0,0,0,0,0,0,0,0,0,0,0,0,0,0,0,0,58,0,OK
8时31分06秒,46/79 静置,548.29,25.98,14245.83,548.13,25.97,14235.96,547.94,11.98,6562.92,548.82,11.93,6545.15,58,64,63.5,546.6,11,548,11.3,547.6,0,549,51.4,25.5,25.4,11.9,11.7,25.5,25.4,11.9,11.7,231.4,233.3,232.5,57.9,57,57.4,0,0,0,0,0,0,0,0,0,0,0,0,0,0,0,0,0,58,0,OK
8时31分11秒,46/79 静置,549.11,26.03,14291.32,547.86,26.03,14262.56,547.66,12,6573.02,548.28,11.97,6561.1,58,64,63.5,545.9,11,547.5,11.3,546,0,548.5,51.4,25.6,25.4,11.9,11.8,25.6,25.4,11.9,11.8,231.5,233.2,231.8,57.9,57.1,57.6,0,0,0,0,0,0,0,0,0,0,0,0,0,0,0,0,0,58,0,OK
8时31分16秒,46/79 静置,549.11,26.03,14291.32,547.86,26.03,14262.56,547.66,12,6573.02,548.28,11.97,6561.1,58,64,63.5,545.9,11,547.5,11.3,546,0,548.5,51.4,25.6,25.4,11.9,11.8,25.6,25.4,11.9,11.8,231.5,233.2,231.8,57.9,57.1,57.6,0,0,0,0,0,0,0,0,0,0,0,0,0,0,0,0,0,58,0,OK
8时31分21秒,46/79 静置,547.74,26.01,14244.43,549.77,26,14292.5,548.21,11.97,6560.31,546.36,12.01,6560.57,58,64.1,63.6,546.7,10.8,548.3,11.1,548.3,0,547,51.4,25.5,25.4,11.8,11.8,25.5,25.4,11.8,11.8,231.2,233.1,232,57.9,57,57.5,0,0,0,0,0,0,0,0,0,0,0,0,0,0,0,0,0,58,0,OK
8时31分26秒,46/79 静置,547.74,26.01,14244.43,549.77,26,14292.5,548.21,11.97,6560.31,546.36,12.01,6560.57,58,64.1,63.6,546.7,10.8,548.3,11.1,548.3,0,547,51.4,25.5,25.4,11.8,11.8,25.5,25.4,11.8,11.8,231.2,233.1,232,57.9,57,57.5,0,0,0,0,0,0,0,0,0,0,0,0,0,0,0,0,0,58,0,OK
8时31分31秒,46/79 静置,550.21,25.96,14284.38,549.23,26.01,14283.65,547.12,11.99,6560.04,550.74,11.87,6539.51,58,64.1,63.6,546.5,10.9,547.8,11.1,547.8,0,549.2,51.4,25.5,25.4,11.8,11.7,25.5,25.4,11.8,11.7,230.7,233.1,232.4,57.9,56.9,57.4,0,0,0,0,0,0,0,0,0,0,0,0,0,0,0,0,0,58,0,OK
8时31分36秒,46/79 静置,550.21,25.96,14284.38,549.23,26.01,14283.65,547.12,11.99,6560.04,550.74,11.87,6539.51,58,64.1,63.6,546.5,10.9,547.8,11.1,547.8,0,549.2,51.4,25.5,25.4,11.8,11.7,25.5,25.4,11.8,11.7,230.7,233.1,232.4,57.9,56.9,57.4,0,0,0,0,0,0,0,0,0,0,0,0,0,0,0,0,0,58,0,OK
8时31分41秒,46/79 静置,546.92,26.03,14233.73,549.23,26.02,14291.15,547.12,12,6567.52,549.37,11.99,6586.55,58,64.1,63.6,546.6,10.9,547.2,11.2,547.1,0,548.5,51.4,25.5,25.4,11.9,11.8,25.5,25.4,11.9,11.8,230.3,232.8,233,58.2,57.1,57.3,0,0,0,0,0,0,0,0,0,0,0,0,0,0,0,0,0,58,0,OK
8时31分46秒,46/79 静置,546.92,26.03,14233.73,549.23,26.02,14291.15,547.12,12,6567.52,549.37,11.99,6586.55,58,64.1,63.6,546.6,10.9,547.2,11.2,547.1,0,548.5,51.4,25.5,25.4,11.9,11.8,25.5,25.4,11.9,11.8,230.3,232.8,233,58.2,57.1,57.3,0,0,0,0,0,0,0,0,0,0,0,0,0,0,0,0,0,58,0,OK
8时31分51秒,46/79 静置,547.74,26.01,14249.24,549.23,25.99,14275.6,547.39,12,6567.06,550.19,11.92,6556.11,58,64.2,63.7,547.1,10.9,547.5,11.1,547.4,0,548.9,51.4,25.5,25.4,11.9,11.7,25.5,25.4,11.9,11.7,230.1,232.8,233.5,58.3,57.1,57.3,0,0,0,0,0,0,0,0,0,0,0,0,0,0,0,0,0,58,0,OK
8时31分56秒,46/79 静置,547.74,26.01,14249.24,549.23,25.99,14275.6,547.39,12,6567.06,550.19,11.92,6556.11,58,64.2,63.7,547.1,10.9,547.5,11.1,547.4,0,548.9,51.4,25.5,25.4,11.9,11.7,25.5,25.4,11.9,11.7,230.1,232.8,233.5,58.3,57.1,57.3,0,0,0,0,0,0,0,0,0,0,0,0,0,0,0,0,0,58,0,OK
8时32分01秒,46/79 静置,547.19,26.04,14249.42,546.49,26.05,14235,547.66,12,6570.34,548.28,11.99,6575.56,58,64.2,63.7,545.6,11,547.4,11.1,546.6,0,547.9,51.4,25.6,25.4,11.9,11.8,25.6,25.4,11.9,11.8,229.6,232.7,233.7,58.3,57.1,57.2,0,0,0,0,0,0,0,0,0,0,0,0,0,0,0,0,0,58,0,OK
8时32分06秒,46/79 静置,547.19,26.04,14249.42,546.49,26.05,14235,547.66,12,6570.34,548.28,11.99,6575.56,58,64.2,63.7,545.6,11,547.4,11.1,546.6,0,547.9,51.4,25.6,25.4,11.9,11.8,25.6,25.4,11.9,11.8,229.6,232.7,233.7,58.3,57.1,57.2,0,0,0,0,0,0,0,0,0,0,0,0,0,0,0,0,0,58,0,OK
8时32分11秒,46/79 静置,548.83,26,14270.25,549.5,25.9,14232.26,546.84,12,6563.17,549.65,11.98,6583.4,58,64.2,63.7,547,11.1,548.7,11,547.1,0,548.4,51.4,25.5,25.4,11.9,11.8,25.5,25.4,11.9,11.8,229.8,232.7,234,58.2,57,57.1,0,0,0,0,0,0,0,0,0,0,0,0,0,0,0,0,0,58,0,OK
8时32分16秒,46/79 静置,548.83,26,14270.25,549.5,25.9,14232.26,546.84,12,6563.17,549.65,11.98,6583.4,58,64.2,63.7,547,11.1,548.7,11,547.1,0,548.4,51.4,25.5,25.4,11.9,11.8,25.5,25.4,11.9,11.8,229.8,232.7,234,58.2,57,57.1,0,0,0,0,0,0,0,0,0,0,0,0,0,0,0,0,0,58,0,OK
8时32分21秒,46/79 静置,548.56,25.94,14227.75,547.31,26.04,14251,548.48,11.99,6578.04,548.55,12,6582.06,59,64.2,63.7,547.5,10.9,547.3,11,548.4,0,547.6,51.4,25.5,25.4,11.8,11.8,25.5,25.4,11.8,11.8,229.7,232.9,233.8,58.3,57.1,57.2,0,0,0,0,0,0,0,0,0,0,0,0,0,0,0,0,0,59,0,OK
8时32分26秒,46/79 静置,548.56,25.94,14227.75,547.31,26.04,14251,548.48,11.99,6578.04,548.55,12,6582.06,59,64.2,63.7,547.5,10.9,547.3,11,548.4,0,547.6,51.4,25.5,25.4,11.8,11.8,25.5,25.4,11.8,11.8,229.7,232.9,233.8,58.3,57.1,57.2,0,0,0,0,0,0,0,0,0,0,0,0,0,0,0,0,0,59,0,OK
8时32分31秒,46/79 静置,549.66,25.97,14277.13,548.13,25.99,14244.52,547.39,11.98,6560.11,546.63,11.99,6553.71,59,64.2,63.7,547.1,11.1,548.1,11.1,546.5,0,548.2,51.4,25.5,25.4,11.9,11.8,25.5,25.4,11.9,11.8,230.1,232.8,233.9,58.2,56.9,57.1,0,0,0,0,0,0,0,0,0,0,0,0,0,0,0,0,0,59,0,OK
8时32分36秒,46/79 静置,549.66,25.97,14277.13,548.13,25.99,14244.52,547.39,11.98,6560.11,546.63,11.99,6553.71,59,64.2,63.7,547.1,11.1,548.1,11.1,546.5,0,548.2,51.4,25.5,25.4,11.9,11.8,25.5,25.4,11.9,11.8,230.1,232.8,233.9,58.2,56.9,57.1,0,0,0,0,0,0,0,0,0,0,0,0,0,0,0,0,0,59,0,OK
8时32分41秒,46/79 静置,547.46,26,14236.22,546.77,26.02,14226.64,546.57,12.02,6567.89,548.28,11.95,6552,59,64.3,63.8,546.9,11,548.3,11,545.6,0,548.3,51.4,25.5,25.4,11.9,11.8,25.5,25.4,11.9,11.8,229.8,232.6,233.8,58.3,57,57.2,0,0,0,0,0,0,0,0,0,0,0,0,0,0,0,0,0,59,0,OK
8时32分46秒,46/79 静置,547.46,26,14236.22,546.77,26.02,14226.64,546.57,12.02,6567.89,548.28,11.95,6552,59,64.3,63.8,546.9,11,548.3,11,545.6,0,548.3,51.4,25.5,25.4,11.9,11.8,25.5,25.4,11.9,11.8,229.8,232.6,233.8,58.3,57,57.2,0,0,0,0,0,0,0,0,0,0,0,0,0,0,0,0,0,59,0,OK
8时32分51秒,46/79 静置,548.01,26,14246.19,546.49,26.03,14222.72,550.12,11.91,6549.35,547.73,12,6570.06,59,64.3,63.8,546.4,11,547.8,11.3,548,0,547.5,51.4,25.5,25.4,11.8,11.7,25.5,25.4,11.8,11.7,229.9,232.6,233.8,58.4,57.1,57.2,0,0,0,0,0,0,0,0,0,0,0,0,0,0,0,0,0,59,0,OK
8时32分56秒,46/79 静置,548.01,26,14246.19,546.49,26.03,14222.72,550.12,11.91,6549.35,547.73,12,6570.06,59,64.3,63.8,546.4,11,547.8,11.3,548,0,547.5,51.4,25.5,25.4,11.8,11.7,25.5,25.4,11.8,11.7,229.9,232.6,233.8,58.4,57.1,57.2,0,0,0,0,0,0,0,0,0,0,0,0,0,0,0,0,0,59,0,OK
8时33分01秒,46/79 静置,549.66,25.99,14284.11,549.5,25.98,14274.66,549.58,11.91,6547.69,547.73,12,6570.06,59,64.3,63.8,546.6,10.9,547.8,11.1,548.3,0,547.4,51.4,25.5,25.4,11.8,11.8,25.5,25.4,11.8,11.8,229.6,232.4,233.8,58.4,57.1,57.3,0,0,0,0,0,0,0,0,0,0,0,0,0,0,0,0,0,59,0,OK
8时33分06秒,46/79 静置,549.66,25.99,14284.11,549.5,25.98,14274.66,549.58,11.91,6547.69,547.73,12,6570.06,59,64.3,63.8,546.6,10.9,547.8,11.1,548.3,0,547.4,51.4,25.5,25.4,11.8,11.8,25.5,25.4,11.8,11.8,229.6,232.4,233.8,58.4,57.1,57.3,0,0,0,0,0,0,0,0,0,0,0,0,0,0,0,0,0,59,0,OK
8时33分11秒,46/79 静置,548.29,26.01,14263.5,549.5,25.9,14232.8,547.12,11.99,6559.51,549.1,11.99,6584.88,59,64.3,63.8,545.9,11.1,548.5,11.1,547.2,0,547.3,51.4,25.6,25.3,11.9,11.8,25.6,25.3,11.9,11.8,229.7,232.8,234,58.4,57.1,57.3,0,0,0,0,0,0,0,0,0,0,0,0,0,0,0,0,0,59,0,OK
8时33分16秒,46/79 静置,548.29,26.01,14263.5,549.5,25.9,14232.8,547.12,11.99,6559.51,549.1,11.99,6584.88,59,64.3,63.8,545.9,11.1,548.5,11.1,547.2,0,547.3,51.4,25.6,25.3,11.9,11.8,25.6,25.3,11.9,11.8,229.7,232.8,234,58.4,57.1,57.3,0,0,0,0,0,0,0,0,0,0,0,0,0,0,0,0,0,59,0,OK
8时33分21秒,46/79 静置,547.19,26.05,14255.3,548.13,26.03,14265.93,547.94,11.98,6564.52,547.45,11.98,6559.29,59,64.4,63.9,545.5,11.1,547.8,11.2,547.5,0,548.1,51.4,25.6,25.4,11.9,11.8,25.6,25.4,11.9,11.8,230,232.9,233.8,58.3,57,57.2,0,0,0,0,0,0,0,0,0,0,0,0,0,0,0,0,0,59,0,OK
8时33分26秒,46/79 静置,547.19,26.05,14255.3,548.13,26.03,14265.93,547.94,11.98,6564.52,547.45,11.98,6559.29,59,64.4,63.9,545.5,11.1,547.8,11.2,547.5,0,548.1,51.4,25.6,25.4,11.9,11.8,25.6,25.4,11.9,11.8,230,232.9,233.8,58.3,57,57.2,0,0,0,0,0,0,0,0,0,0,0,0,0,0,0,0,0,59,0,OK
8时33分31秒,46/79 静置,547.74,26.02,14252.99,549.23,26.01,14286.86,546.57,12,6561.49,548.82,12,6583.2,59,64.4,64,546.1,11,547.7,11,545.8,0,547.6,51.4,25.6,25.4,11.9,11.8,25.6,25.4,11.9,11.8,229.7,232.7,233.5,58.4,57.1,57.2,0,0,0,0,0,0,0,0,0,0,0,0,0,0,0,0,0,59,0,OK
8时33分36秒,46/79 静置,547.74,26.02,14252.99,549.23,26.01,14286.86,546.57,12,6561.49,548.82,12,6583.2,59,64.4,64,546.1,11,547.7,11,545.8,0,547.6,51.4,25.6,25.4,11.9,11.8,25.6,25.4,11.9,11.8,229.7,232.7,233.5,58.4,57.1,57.2,0,0,0,0,0,0,0,0,0,0,0,0,0,0,0,0,0,59,0,OK
8时33分41秒,46/79 静置,549.38,25.99,14278.59,549.5,26,14288.07,547.39,12,6567.06,550.19,11.88,6537.31,59,64.4,64,546.4,10.9,548,10.9,547,0,549.1,51.4,25.6,25.4,11.9,11.7,25.6,25.4,11.9,11.7,229.8,232.8,233.7,58.3,57,57.2,0,0,0,0,0,0,0,0,0,0,0,0,0,0,0,0,0,59,0,OK
8时33分46秒,46/79 静置,549.38,25.99,14278.59,549.5,26,14288.07,547.39,12,6567.06,550.19,11.88,6537.31,59,64.4,64,546.4,10.9,548,10.9,547,0,549.1,51.4,25.6,25.4,11.9,11.7,25.6,25.4,11.9,11.7,229.8,232.8,233.7,58.3,57,57.2,0,0,0,0,0,0,0,0,0,0,0,0,0,0,0,0,0,59,0,OK
8时33分51秒,46/79 静置,548.83,26.01,14274.53,549.23,26,14282.57,546.84,12,6561.57,549.65,11.98,6585.01,59,64.4,64,545.6,11.1,547.6,11,547.3,0,548.2,51.4,25.6,25.4,11.8,11.8,25.6,25.4,11.8,11.8,230,232.7,233.8,58.3,57,57.2,0,0,0,0,0,0,0,0,0,0,0,0,0,0,0,0,0,59,0,OK
8时33分56秒,46/79 静置,548.83,26.01,14274.53,549.23,26,14282.57,546.84,12,6561.57,549.65,11.98,6585.01,59,64.4,64,545.6,11.1,547.6,11,547.3,0,548.2,51.4,25.6,25.4,11.8,11.8,25.6,25.4,11.8,11.8,230,232.7,233.8,58.3,57,57.2,0,0,0,0,0,0,0,0,0,0,0,0,0,0,0,0,0,59,0,OK
8时34分01秒,46/79 静置,548.01,26.01,14256.36,546.49,26.08,14254.21,546.57,12.02,6571.1,548.55,11.96,6557.96,59,64.5,64.1,545.1,11.1,544.6,11.1,545.6,0,548.8,51.4,25.6,25.5,11.9,11.7,25.6,25.5,11.9,11.7,230.1,232.8,233.9,58.2,57,57.1,0,0,0,0,0,0,0,0,0,0,0,0,0,0,0,0,0,59,0,OK
8时34分06秒,46/79 静置,548.01,26.01,14256.36,546.49,26.08,14254.21,546.57,12.02,6571.1,548.55,11.96,6557.96,59,64.5,64.1,545.1,11.1,544.6,11.1,545.6,0,548.8,51.4,25.6,25.5,11.9,11.7,25.6,25.5,11.9,11.7,230.1,232.8,233.9,58.2,57,57.1,0,0,0,0,0,0,0,0,0,0,0,0,0,0,0,0,0,59,0,OK
8时34分11秒,46/79 静置,545.55,26.08,14230.04,545.95,26.06,14227.68,549.03,12,6589.42,547.18,11.99,6561.35,59,64.5,64.1,544.6,11.1,546.9,11,546.2,0,547.5,51.4,25.6,25.4,11.9,11.8,25.6,25.4,11.9,11.8,229.8,232.8,233.5,58.3,57,57.2,0,0,0,0,0,0,0,0,0,0,0,0,0,0,0,0,0,59,0,OK
8时34分16秒,46/79 静置,545.55,26.08,14230.04,545.95,26.06,14227.68,549.03,12,6589.42,547.18,11.99,6561.35,59,64.5,64.1,544.6,11.1,546.9,11,546.2,0,547.5,51.4,25.6,25.4,11.9,11.8,25.6,25.4,11.9,11.8,229.8,232.8,233.5,58.3,57,57.2,0,0,0,0,0,0,0,0,0,0,0,0,0,0,0,0,0,59,0,OK
8时34分21秒,46/79 静置,549.11,26.01,14281.67,548.95,25.95,14244.93,546.57,11.99,6554.55,548,11.97,6561.57,59,64.6,64.2,546.3,11.1,548.2,11.3,547.8,0,548.7,51.4,25.6,25.4,11.8,11.7,25.6,25.4,11.8,11.7,229.6,232.4,233.4,58.4,57.1,57.3,0,0,0,0,0,0,0,0,0,0,0,0,0,0,0,0,0,59,0,OK
8时34分26秒,46/79 静置,549.11,26.01,14281.67,548.95,25.95,14244.93,546.57,11.99,6554.55,548,11.97,6561.57,59,64.6,64.2,546.3,11.1,548.2,11.3,547.8,0,548.7,51.4,25.6,25.4,11.8,11.7,25.6,25.4,11.8,11.7,229.6,232.4,233.4,58.4,57.1,57.3,0,0,0,0,0,0,0,0,0,0,0,0,0,0,0,0,0,59,0,OK
8时34分31秒,46/79 静置,548.29,25.99,14247.43,548.41,26.03,14274.65,549.85,11.96,6577.24,547.73,12,6570.59,60,64.6,64.2,546.9,10.8,546.9,11.1,547.1,0,547,51.4,25.5,25.4,11.9,11.8,25.5,25.4,11.9,11.8,229.4,232.4,233.4,58.4,57.1,57.3,0,0,0,0,0,0,0,0,0,0,0,0,0,0,0,0,0,60,0,OK
8时34分36秒,46/79 静置,548.29,25.99,14247.43,548.41,26.03,14274.65,549.85,11.96,6577.24,547.73,12,6570.59,60,64.6,64.2,546.9,10.8,546.9,11.1,547.1,0,547,51.4,25.5,25.4,11.9,11.8,25.5,25.4,11.9,11.8,229.4,232.4,233.4,58.4,57.1,57.3,0,0,0,0,0,0,0,0,0,0,0,0,0,0,0,0,0,60,0,OK
8时34分41秒,46/79 静置,548.01,25.98,14236.02,549.23,26.01,14285.79,547.39,12,6569.73,546.36,12.01,6564.3,60,64.6,64.2,547.2,10.9,547.7,11.2,547.2,0,546,51.4,25.5,25.4,11.9,11.8,25.5,25.4,11.9,11.8,229.9,232.8,233.8,58.3,57,57.2,0,0,0,0,0,0,0,0,0,0,0,0,0,0,0,0,0,60,0,OK
8时34分46秒,46/79 静置,548.01,25.98,14236.02,549.23,26.01,14285.79,547.39,12,6569.73,546.36,12.01,6564.3,60,64.6,64.2,547.2,10.9,547.7,11.2,547.2,0,546,51.4,25.5,25.4,11.9,11.8,25.5,25.4,11.9,11.8,229.9,232.8,233.8,58.3,57,57.2,0,0,0,0,0,0,0,0,0,0,0,0,0,0,0,0,0,60,0,OK
8时34分51秒,46/79 静置,545.82,26.05,14218.54,546.49,26.03,14226.99,548.76,11.97,6566.85,547.73,12,6570.06,60,64.6,64.3,545.4,10.9,547.4,11.2,547.5,0,547.1,51.4,25.6,25.4,11.9,11.8,25.6,25.4,11.9,11.8,229.8,232.7,233.9,58.3,57,57.2,0,0,0,0,0,0,0,0,0,0,0,0,0,0,0,0,0,60,0,OK
8时34分56秒,46/79 静置,545.82,26.05,14218.54,546.49,26.03,14226.99,548.76,11.97,6566.85,547.73,12,6570.06,60,64.6,64.3,545.4,10.9,547.4,11.2,547.5,0,547.1,51.4,25.6,25.4,11.9,11.8,25.6,25.4,11.9,11.8,229.8,232.7,233.9,58.3,57,57.2,0,0,0,0,0,0,0,0,0,0,0,0,0,0,0,0,0,60,0,OK
8时35分01秒,46/79 静置,547.19,26.01,14230.72,549.5,26.01,14292.9,548.48,11.99,6575.36,546.63,12,6561.18,60,64.7,64.3,547,11,547.5,11.3,547.5,0,548,51.4,25.5,25.4,11.9,11.8,25.5,25.4,11.9,11.8,229.6,232.5,233.6,58.4,57.1,57.3,0,0,0,0,0,0,0,0,0,0,0,0,0,0,0,0,0,60,0,OK
8时35分06秒,46/79 静置,547.19,26.01,14230.72,549.5,26.01,14292.9,548.48,11.99,6575.36,546.63,12,6561.18,60,64.7,64.3,547,11,547.5,11.3,547.5,0,548,51.4,25.5,25.4,11.9,11.8,25.5,25.4,11.9,11.8,229.6,232.5,233.6,58.4,57.1,57.3,0,0,0,0,0,0,0,0,0,0,0,0,0,0,0,0,0,60,0,OK
8时35分11秒,46/79 静置,546.92,26.02,14231.59,549.23,26,14277.21,544.38,12.04,6551.71,547.73,11.98,6560.43,60,64.7,64.3,546.1,10.9,547.5,11.2,543.7,0,548.5,51.4,25.6,25.4,11.9,11.7,25.6,25.4,11.9,11.7,229.8,232.6,233.7,58.3,57.1,57.2,0,0,0,0,0,0,0,0,0,0,0,0,0,0,0,0,0,60,0,OK
8时35分16秒,46/79 静置,546.92,26.02,14231.59,549.23,26,14277.21,544.38,12.04,6551.71,547.73,11.98,6560.43,60,64.7,64.3,546.1,10.9,547.5,11.2,543.7,0,548.5,51.4,25.6,25.4,11.9,11.7,25.6,25.4,11.9,11.7,229.8,232.6,233.7,58.3,57.1,57.2,0,0,0,0,0,0,0,0,0,0,0,0,0,0,0,0,0,60,0,OK
8时35分21秒,46/79 静置,548.83,26.01,14272.92,548.68,25.98,14253.37,547.12,11.99,6561.64,549.65,11.98,6585.55,60,64.7,64.4,546.2,11,547.9,11.1,547.1,0,547.8,51.4,25.6,25.4,11.9,11.8,25.6,25.4,11.9,11.8,229.7,232.4,233.5,58.3,57.1,57.2,0,0,0,0,0,0,0,0,0,0,0,0,0,0,0,0,0,60,0,OK
8时35分26秒,46/79 静置,548.83,26.01,14272.92,548.68,25.98,14253.37,547.12,11.99,6561.64,549.65,11.98,6585.55,60,64.7,64.4,546.2,11,547.9,11.1,547.1,0,547.8,51.4,25.6,25.4,11.9,11.8,25.6,25.4,11.9,11.8,229.7,232.4,233.5,58.3,57.1,57.2,0,0,0,0,0,0,0,0,0,0,0,0,0,0,0,0,0,60,0,OK
8时35分31秒,46/79 静置,549.66,25.86,14211.65,547.04,26.04,14246.01,548.48,11.95,6555.01,548,12,6573.35,60,64.8,64.4,547.1,10.9,546.9,11.1,548.3,0,546.3,51.4,25.5,25.4,11.8,11.8,25.5,25.4,11.8,11.8,229.8,232.7,233.7,58.3,57.1,57.2,0,0,0,0,0,0,0,0,0,0,0,0,0,0,0,0,0,60,0,OK
8时35分36秒,46/79 静置,549.66,25.86,14211.65,547.04,26.04,14246.01,548.48,11.95,6555.01,548,12,6573.35,60,64.8,64.4,547.1,10.9,546.9,11.1,548.3,0,546.3,51.4,25.5,25.4,11.8,11.8,25.5,25.4,11.8,11.8,229.8,232.7,233.7,58.3,57.1,57.2,0,0,0,0,0,0,0,0,0,0,0,0,0,0,0,0,0,60,0,OK
8时35分41秒,46/79 静置,549.11,26.01,14280.06,548.13,25.99,14246.66,548.48,12,6580.18,549.1,11.92,6547.88,60,64.8,64.4,546.3,10.9,548.1,11.2,547.5,0,548.4,51.4,25.6,25.4,11.8,11.7,25.6,25.4,11.8,11.7,229.5,232.4,234,58.3,57.1,57.3,0,0,0,0,0,0,0,0,0,0,0,0,0,0,0,0,0,60,0,OK
8时35分46秒,46/79 静置,549.11,26.01,14280.06,548.13,25.99,14246.66,548.48,12,6580.18,549.1,11.92,6547.88,60,64.8,64.4,546.3,10.9,548.1,11.2,547.5,0,548.4,51.4,25.6,25.4,11.8,11.7,25.6,25.4,11.8,11.7,229.5,232.4,234,58.3,57.1,57.3,0,0,0,0,0,0,0,0,0,0,0,0,0,0,0,0,0,60,0,OK
8时35分51秒,46/79 静置,549.38,26.01,14289.32,549.5,25.99,14280.56,546.29,12,6555.01,549.65,11.93,6559.78,60,64.8,64.4,546.1,11,548.1,11,546.6,0,548.5,51.4,25.6,25.4,11.9,11.7,25.6,25.4,11.9,11.7,229.5,232.3,233.8,58.3,57.1,57.2,0,0,0,0,0,0,0,0,0,0,0,0,0,0,0,0,0,60,0,OK
8时35分56秒,46/79 静置,549.38,26.01,14289.32,549.5,25.99,14280.56,546.29,12,6555.01,549.65,11.93,6559.78,60,64.8,64.4,546.1,11,548.1,11,546.6,0,548.5,51.4,25.6,25.4,11.9,11.7,25.6,25.4,11.9,11.7,229.5,232.3,233.8,58.3,57.1,57.2,0,0,0,0,0,0,0,0,0,0,0,0,0,0,0,0,0,60,0,OK
8时36分01秒,46/79 静置,546.64,26.04,14233.53,548.95,25.98,14259.4,547.39,11.97,6554.77,549.1,11.99,6581.13,60,64.8,64.5,546.3,11.1,548.6,11.3,548.1,0,547.8,51.4,25.6,25.3,11.8,11.8,25.6,25.3,11.8,11.8,230.1,233,234.4,58.2,57,57.1,0,0,0,0,0,0,0,0,0,0,0,0,0,0,0,0,0,60,0,OK
8时36分06秒,46/79 静置,546.64,26.04,14233.53,548.95,25.98,14259.4,547.39,11.97,6554.77,549.1,11.99,6581.13,60,64.8,64.5,546.3,11.1,548.6,11.3,548.1,0,547.8,51.4,25.6,25.3,11.8,11.8,25.6,25.3,11.8,11.8,230.1,233,234.4,58.2,57,57.1,0,0,0,0,0,0,0,0,0,0,0,0,0,0,0,0,0,60,0,OK
8时36分11秒,46/79 静置,547.74,26,14240.15,550.05,25.9,14248.04,547.12,12.01,6572.86,548.55,11.95,6556.35,60,64.9,64.5,547.3,11.1,548.7,11,546,0,548.9,51.4,25.5,25.3,11.9,11.7,25.5,25.3,11.9,11.7,229.7,232.6,234.1,58.2,57,57.2,0,0,0,0,0,0,0,0,0,0,0,0,0,0,0,0,0,60,0,OK
8时36分16秒,46/79 静置,547.74,26,14240.15,550.05,25.9,14248.04,547.12,12.01,6572.86,548.55,11.95,6556.35,60,64.9,64.5,547.3,11.1,548.7,11,546,0,548.9,51.4,25.5,25.3,11.9,11.7,25.5,25.3,11.9,11.7,229.7,232.6,234.1,58.2,57,57.2,0,0,0,0,0,0,0,0,0,0,0,0,0,0,0,0,0,60,0,OK
8时36分21秒,46/79 静置,549.93,25.81,14195.62,547.31,26.02,14238.7,547.39,11.99,6565.46,547.73,12,6573.27,60,64.9,64.5,547.5,11.1,548.3,11.1,546.5,0,546.9,51.4,25.5,25.4,11.9,11.8,25.5,25.4,11.9,11.8,229.7,232.8,233.9,58.3,57.1,57.2,0,0,0,0,0,0,0,0,0,0,0,0,0,0,0,0,0,60,0,OK
8时36分26秒,46/79 静置,549.93,25.81,14195.62,547.31,26.02,14238.7,547.39,11.99,6565.46,547.73,12,6573.27,60,64.9,64.5,547.5,11.1,548.3,11.1,546.5,0,546.9,51.4,25.5,25.4,11.9,11.8,25.5,25.4,11.9,11.8,229.7,232.8,233.9,58.3,57.1,57.2,0,0,0,0,0,0,0,0,0,0,0,0,0,0,0,0,0,60,0,OK
8时36分31秒,46/79 静置,546.92,26.03,14233.73,549.77,25.83,14198.01,549.03,11.94,6556.72,549.37,11.99,6586.55,60,64.9,64.5,546.5,10.9,549.1,11,548.3,0,547.5,51.4,25.6,25.3,11.8,11.8,25.6,25.3,11.8,11.8,229.8,232.8,234,58.3,57.1,57.2,0,0,0,0,0,0,0,0,0,0,0,0,0,0,0,0,0,60,0,OK
8时36分36秒,46/79 静置,546.92,26.03,14233.73,549.77,25.83,14198.01,549.03,11.94,6556.72,549.37,11.99,6586.55,60,64.9,64.5,546.5,10.9,549.1,11,548.3,0,547.5,51.4,25.6,25.3,11.8,11.8,25.6,25.3,11.8,11.8,229.8,232.8,234,58.3,57.1,57.2,0,0,0,0,0,0,0,0,0,0,0,0,0,0,0,0,0,60,0,OK
8时36分41秒,46/79 静置,548.01,26.01,14251.54,549.23,25.98,14271.31,547.39,12,6567.59,550.19,11.93,6562.56,61,65,64.5,546.5,11.1,548.2,11.1,547.5,0,548.9,51.4,25.6,25.4,11.9,11.7,25.6,25.4,11.9,11.7,229.4,232.4,233.5,58.4,57.2,57.3,0,0,0,0,0,0,0,0,0,0,0,0,0,0,0,0,0,61,0,OK
8时36分46秒,46/79 静置,548.01,26.01,14251.54,549.23,25.98,14271.31,547.39,12,6567.59,550.19,11.93,6562.56,61,65,64.5,546.5,11.1,548.2,11.1,547.5,0,548.9,51.4,25.6,25.4,11.9,11.7,25.6,25.4,11.9,11.7,229.4,232.4,233.5,58.4,57.2,57.3,0,0,0,0,0,0,0,0,0,0,0,0,0,0,0,0,0,61,0,OK
8时36分51秒,46/79 静置,547.46,26.01,14237.29,548.68,25.98,14252.3,548.76,12.01,6588.29,547.45,12.01,6574.26,61,65,64.5,546,11,548.1,11.2,546.7,0,546.9,51.4,25.6,25.4,11.9,11.8,25.6,25.4,11.9,11.8,229.2,232.3,233.4,58.4,57.2,57.3,0,0,0,0,0,0,0,0,0,0,0,0,0,0,0,0,0,61,0,OK
8时36分56秒,46/79 静置,547.46,26.01,14237.29,548.68,25.98,14252.3,548.76,12.01,6588.29,547.45,12.01,6574.26,61,65,64.5,546,11,548.1,11.2,546.7,0,546.9,51.4,25.6,25.4,11.9,11.8,25.6,25.4,11.9,11.8,229.2,232.3,233.4,58.4,57.2,57.3,0,0,0,0,0,0,0,0,0,0,0,0,0,0,0,0,0,61,0,OK
8时37分01秒,46/79 静置,548.29,26.03,14271.53,547.59,26.03,14255.98,546.57,12,6559.35,546.08,12.02,6563.14,61,65,64.6,545.6,11,547.4,11.1,547.5,0,545.8,51.4,25.6,25.4,11.9,11.8,25.6,25.4,11.9,11.8,229.4,232.4,233.5,58.4,57.2,57.3,0,0,0,0,0,0,0,0,0,0,0,0,0,0,0,0,0,61,0,OK
8时37分06秒,46/79 静置,548.29,26.03,14271.53,547.59,26.03,14255.98,546.57,12,6559.35,546.08,12.02,6563.14,61,65,64.6,545.6,11,547.4,11.1,547.5,0,545.8,51.4,25.6,25.4,11.9,11.8,25.6,25.4,11.9,11.8,229.4,232.4,233.5,58.4,57.2,57.3,0,0,0,0,0,0,0,0,0,0,0,0,0,0,0,0,0,61,0,OK
8时37分11秒,46/79 静置,549.38,25.98,14271.08,547.31,26.05,14255.27,548.76,11.99,6579.18,549.65,11.98,6583.94,61,65,64.6,547.1,11.1,546.7,11.1,546,0,548.2,51.4,25.6,25.4,11.9,11.8,25.6,25.4,11.9,11.8,230.1,233,234.2,58.2,57,57.1,0,0,0,0,0,0,0,0,0,0,0,0,0,0,0,0,0,61,0,OK
8时37分16秒,46/79 静置,549.38,25.98,14271.08,547.31,26.05,14255.27,548.76,11.99,6579.18,549.65,11.98,6583.94,61,65,64.6,547.1,11.1,546.7,11.1,546,0,548.2,51.4,25.6,25.4,11.9,11.8,25.6,25.4,11.9,11.8,230.1,233,234.2,58.2,57,57.1,0,0,0,0,0,0,0,0,0,0,0,0,0,0,0,0,0,61,0,OK
8时37分21秒,46/79 静置,546.92,26.02,14231.59,550.05,25.95,14275.97,549.3,11.94,6558.91,548,11.97,6562.11,61,65,64.6,546.1,10.9,548,11.3,548.1,0,548.3,51.4,25.6,25.4,11.8,11.8,25.6,25.4,11.8,11.8,229.5,232.4,233.5,58.3,57.1,57.2,0,0,0,0,0,0,0,0,0,0,0,0,0,0,0,0,0,61,0,OK
8时37分26秒,46/79 静置,546.92,26.02,14231.59,550.05,25.95,14275.97,549.3,11.94,6558.91,548,11.97,6562.11,61,65,64.6,546.1,10.9,548,11.3,548.1,0,548.3,51.4,25.6,25.4,11.8,11.8,25.6,25.4,11.8,11.8,229.5,232.4,233.5,58.3,57.1,57.2,0,0,0,0,0,0,0,0,0,0,0,0,0,0,0,0,0,61,0,OK
8时37分31秒,46/79 静置,548.29,26.01,14261.89,549.5,25.96,14265.54,547.66,11.99,6565.53,548.28,12,6576.63,61,65,64.6,546.4,11,548.9,11.2,547.7,0,547.3,51.4,25.6,25.3,11.8,11.8,25.6,25.3,11.8,11.8,229.7,232.6,233.7,58.2,57.1,57.2,0,0,0,0,0,0,0,0,0,0,0,0,0,0,0,0,0,61,0,OK
8时37分36秒,46/79 静置,548.29,26.01,14261.89,549.5,25.96,14265.54,547.66,11.99,6565.53,548.28,12,6576.63,61,65,64.6,546.4,11,548.9,11.2,547.7,0,547.3,51.4,25.6,25.3,11.8,11.8,25.6,25.3,11.8,11.8,229.7,232.6,233.7,58.2,57.1,57.2,0,0,0,0,0,0,0,0,0,0,0,0,0,0,0,0,0,61,0,OK
8时37分41秒,46/79 静置,549.38,25.99,14276.98,548.95,26,14274.95,549.85,11.9,6540.73,547.73,11.99,6565.24,61,65.1,64.6,547.3,11.1,547.7,11.2,548.4,0,547.9,51.4,25.5,25.4,11.8,11.8,25.5,25.4,11.8,11.8,229.9,232.7,233.8,58.3,57.1,57.2,0,0,0,0,0,0,0,0,0,0,0,0,0,0,0,0,0,61,0,OK
8时37分46秒,46/79 静置,549.38,25.99,14276.98,548.95,26,14274.95,549.85,11.9,6540.73,547.73,11.99,6565.24,61,65.1,64.6,547.3,11.1,547.7,11.2,548.4,0,547.9,51.4,25.5,25.4,11.8,11.8,25.5,25.4,11.8,11.8,229.9,232.7,233.8,58.3,57.1,57.2,0,0,0,0,0,0,0,0,0,0,0,0,0,0,0,0,0,61,0,OK
8时37分51秒,46/79 静置,547.19,25.99,14221.1,550.32,25.9,14254.59,548.76,11.99,6577.03,549.37,11.98,6581.72,61,65.1,64.7,546.8,10.8,548.5,11.1,547.4,0,548.2,51.4,25.6,25.4,11.9,11.7,25.6,25.4,11.9,11.7,229.7,232.9,233.7,58.3,57.1,57.2,0,0,0,0,0,0,0,0,0,0,0,0,0,0,0,0,0,61,0,OK
8时37分56秒,46/79 静置,547.19,25.99,14221.1,550.32,25.9,14254.59,548.76,11.99,6577.03,549.37,11.98,6581.72,61,65.1,64.7,546.8,10.8,548.5,11.1,547.4,0,548.2,51.4,25.6,25.4,11.9,11.7,25.6,25.4,11.9,11.7,229.7,232.9,233.7,58.3,57.1,57.2,0,0,0,0,0,0,0,0,0,0,0,0,0,0,0,0,0,61,0,OK
8时38分01秒,46/79 静置,549.38,25.95,14254.98,547.86,26.03,14260.42,547.66,11.99,6567.67,545.54,12.01,6552.29,61,65.1,64.7,546.8,11,547.8,11.3,546.9,0,546.5,51.4,25.6,25.4,11.9,11.8,25.6,25.4,11.9,11.8,229.8,232.9,233.8,58.2,57.1,57.2,0,0,0,0,0,0,0,0,0,0,0,0,0,0,0,0,0,61,0,OK
8时38分06秒,46/79 静置,549.38,25.95,14254.98,547.86,26.03,14260.42,547.66,11.99,6567.67,545.54,12.01,6552.29,61,65.1,64.7,546.8,11,547.8,11.3,546.9,0,546.5,51.4,25.6,25.4,11.9,11.8,25.6,25.4,11.9,11.8,229.8,232.9,233.8,58.2,57.1,57.2,0,0,0,0,0,0,0,0,0,0,0,0,0,0,0,0,0,61,0,OK
8时38分11秒,46/79 静置,547.46,25.95,14206.29,547.04,26.01,14230.52,547.12,12,6567.52,545.26,12.01,6548.48,61,65.1,64.7,547.1,10.9,547.8,11.2,546.1,0,546.6,51.4,25.5,25.4,11.9,11.8,25.5,25.4,11.9,11.8,229.9,232.8,234,58.2,57.1,57.2,0,0,0,0,0,0,0,0,0,0,0,0,0,0,0,0,0,61,0,OK
8时38分16秒,46/79 静置,547.46,25.95,14206.29,547.04,26.01,14230.52,547.12,12,6567.52,545.26,12.01,6548.48,61,65.1,64.7,547.1,10.9,547.8,11.2,546.1,0,546.6,51.4,25.5,25.4,11.9,11.8,25.5,25.4,11.9,11.8,229.9,232.8,234,58.2,57.1,57.2,0,0,0,0,0,0,0,0,0,0,0,0,0,0,0,0,0,61,0,OK
8时38分21秒,46/79 静置,546.92,26.03,14238.54,548.13,25.94,14219.36,544.93,12.02,6548.71,548.55,12,6584.2,61,65.2,64.7,545.7,10.9,548.8,11.1,545.6,0,548.1,51.4,25.6,25.3,11.9,11.8,25.6,25.3,11.9,11.8,229.8,232.6,233.6,58.3,57.1,57.2,0,0,0,0,0,0,0,0,0,0,0,0,0,0,0,0,0,61,0,OK
8时38分26秒,46/79 静置,546.92,26.03,14238.54,548.13,25.94,14219.36,544.93,12.02,6548.71,548.55,12,6584.2,61,65.2,64.7,545.7,10.9,548.8,11.1,545.6,0,548.1,51.4,25.6,25.3,11.9,11.8,25.6,25.3,11.9,11.8,229.8,232.6,233.6,58.3,57.1,57.2,0,0,0,0,0,0,0,0,0,0,0,0,0,0,0,0,0,61,0,OK
8时38分31秒,46/79 静置,549.66,26,14288.94,546.49,26.04,14232.33,543.83,12.04,6547.79,546.36,12.01,6562.17,61,65.2,64.7,546.3,11,547,11.1,544.4,0,546.4,51.4,25.6,25.4,11.9,11.8,25.6,25.4,11.9,11.8,229.9,232.6,233.7,58.2,57.1,57.2,0,0,0,0,0,0,0,0,0,0,0,0,0,0,0,0,0,61,0,OK
8时38分36秒,46/79 静置,549.66,26,14288.94,546.49,26.04,14232.33,543.83,12.04,6547.79,546.36,12.01,6562.17,61,65.2,64.7,546.3,11,547,11.1,544.4,0,546.4,51.4,25.6,25.4,11.9,11.8,25.6,25.4,11.9,11.8,229.9,232.6,233.7,58.2,57.1,57.2,0,0,0,0,0,0,0,0,0,0,0,0,0,0,0,0,0,61,0,OK
8时38分41秒,46/79 静置,547.19,26.03,14241.94,549.77,26,14296.26,550.67,11.96,6588.67,547.73,12.01,6580.22,61,65.2,64.8,546.1,11.1,548,11.1,547.6,0,546.6,51.4,25.6,25.4,11.9,11.8,25.6,25.4,11.9,11.8,229.8,232.8,234,58.2,57.1,57.2,0,0,0,0,0,0,0,0,0,0,0,0,0,0,0,0,0,61,0,OK
8时38分46秒,46/79 静置,547.19,26.03,14241.94,549.77,26,14296.26,550.67,11.96,6588.67,547.73,12.01,6580.22,61,65.2,64.8,546.1,11.1,548,11.1,547.6,0,546.6,51.4,25.6,25.4,11.9,11.8,25.6,25.4,11.9,11.8,229.8,232.8,234,58.2,57.1,57.2,0,0,0,0,0,0,0,0,0,0,0,0,0,0,0,0,0,61,0,OK
8时38分51秒,46/79 静置,546.09,26,14199.53,547.04,25.99,14215.03,550.4,11.92,6559.06,547.18,12.01,6569.36,61,65.2,64.8,547,10.8,548.4,11.1,548.1,0,547.1,51.4,25.6,25.4,11.8,11.8,25.6,25.4,11.8,11.8,229.6,232.8,234.1,58.2,57.1,57.2,0,0,0,0,0,0,0,0,0,0,0,0,0,0,0,0,0,61,0,OK
8时38分56秒,46/79 静置,546.09,26,14199.53,547.04,25.99,14215.03,550.4,11.92,6559.06,547.18,12.01,6569.36,61,65.2,64.8,547,10.8,548.4,11.1,548.1,0,547.1,51.4,25.6,25.4,11.8,11.8,25.6,25.4,11.8,11.8,229.6,232.8,234.1,58.2,57.1,57.2,0,0,0,0,0,0,0,0,0,0,0,0,0,0,0,0,0,61,0,OK
8时39分01秒,46/79 静置,550.48,25.85,14229.65,545.95,26.05,14221.82,546.57,12,6561.49,547.73,11.97,6554.01,62,65.3,64.8,547.5,11,546.7,11.3,546.9,0,548.6,51.4,25.5,25.4,11.9,11.7,25.5,25.4,11.9,11.7,229.8,232.8,234.3,58.1,56.9,57.1,0,0,0,0,0,0,0,0,0,0,0,0,0,0,0,0,0,62,0,OK
8时39分06秒,46/79 静置,550.48,25.85,14229.65,545.95,26.05,14221.82,546.57,12,6561.49,547.73,11.97,6554.01,62,65.3,64.8,547.5,11,546.7,11.3,546.9,0,548.6,51.4,25.5,25.4,11.9,11.7,25.5,25.4,11.9,11.7,229.8,232.8,234.3,58.1,56.9,57.1,0,0,0,0,0,0,0,0,0,0,0,0,0,0,0,0,0,62,0,OK
8时39分11秒,46/79 静置,547.19,26.03,14245.68,549.5,25.89,14225.29,549.3,11.98,6580.37,550.47,11.94,6572.81,62,65.3,64.8,546.6,11,548.5,11,547.6,0,548,51.4,25.6,25.4,11.9,11.8,25.6,25.4,11.9,11.8,229.8,232.8,234,58.2,57.1,57.2,0,0,0,0,0,0,0,0,0,0,0,0,0,0,0,0,0,62,0,OK
8时39分16秒,46/79 静置,547.19,26.03,14245.68,549.5,25.89,14225.29,549.3,11.98,6580.37,550.47,11.94,6572.81,62,65.3,64.8,546.6,11,548.5,11,547.6,0,548,51.4,25.6,25.4,11.9,11.8,25.6,25.4,11.9,11.8,229.8,232.8,234,58.2,57.1,57.2,0,0,0,0,0,0,0,0,0,0,0,0,0,0,0,0,0,62,0,OK
8时39分21秒,46/79 静置,547.46,26.01,14237.83,547.31,26.03,14244.58,548.76,12,6585.07,546.36,12,6556.3,62,65.3,64.9,546.9,10.9,547.8,11.1,546.2,0,547.9,51.4,25.6,25.4,11.9,11.8,25.6,25.4,11.9,11.8,230,232.9,234.4,58.2,57,57.1,0,0,0,0,0,0,0,0,0,0,0,0,0,0,0,0,0,62,0,OK
8时39分26秒,46/79 静置,547.46,26.01,14237.83,547.31,26.03,14244.58,548.76,12,6585.07,546.36,12,6556.3,62,65.3,64.9,546.9,10.9,547.8,11.1,546.2,0,547.9,51.4,25.6,25.4,11.9,11.8,25.6,25.4,11.9,11.8,230,232.9,234.4,58.2,57,57.1,0,0,0,0,0,0,0,0,0,0,0,0,0,0,0,0,0,62,0,OK
8时39分31秒,46/79 静置,548.56,25.97,14243.82,547.04,26.01,14228.92,545.2,12.02,6554.13,547.73,12,6574.87,62,65.4,64.9,546.7,10.9,547.9,11.2,545.2,0,546.7,51.4,25.6,25.4,11.9,11.8,25.6,25.4,11.9,11.8,230.2,232.8,234.3,58.2,57,57.1,0,0,0,0,0,0,0,0,0,0,0,0,0,0,0,0,0,62,0,OK
8时39分36秒,46/79 静置,548.56,25.97,14243.82,547.04,26.01,14228.92,545.2,12.02,6554.13,547.73,12,6574.87,62,65.4,64.9,546.7,10.9,547.9,11.2,545.2,0,546.7,51.4,25.6,25.4,11.9,11.8,25.6,25.4,11.9,11.8,230.2,232.8,234.3,58.2,57,57.1,0,0,0,0,0,0,0,0,0,0,0,0,0,0,0,0,0,62,0,OK
8时39分41秒,46/79 静置,546.92,26.06,14254.02,548.68,26,14267.84,546.57,12.02,6571.63,547.45,12,6568.91,62,65.4,64.9,544.2,11,547.1,11.3,544.3,0,546.7,51.4,25.7,25.4,11.9,11.8,25.7,25.4,11.9,11.8,230.1,233,234.4,58.2,57,57.1,0,0,0,0,0,0,0,0,0,0,0,0,0,0,0,0,0,62,0,OK
8时39分46秒,46/79 静置,546.92,26.06,14254.02,548.68,26,14267.84,546.57,12.02,6571.63,547.45,12,6568.91,62,65.4,64.9,544.2,11,547.1,11.3,544.3,0,546.7,51.4,25.7,25.4,11.9,11.8,25.7,25.4,11.9,11.8,230.1,233,234.4,58.2,57,57.1,0,0,0,0,0,0,0,0,0,0,0,0,0,0,0,0,0,62,0,OK
8时39分51秒,46/79 静置,544.18,26.08,14192.7,544.85,26.09,14217.27,547.12,12,6562.71,547.45,12,6568.38,62,65.4,64.9,543.9,11,545.4,11.1,546.7,0,547.2,51.4,25.7,25.5,11.9,11.8,25.7,25.5,11.9,11.8,229.9,232.6,234.2,58.3,57,57.1,0,0,0,0,0,0,0,0,0,0,0,0,0,0,0,0,0,62,0,OK
8时39分56秒,46/79 静置,544.18,26.08,14192.7,544.85,26.09,14217.27,547.12,12,6562.71,547.45,12,6568.38,62,65.4,64.9,543.9,11,545.4,11.1,546.7,0,547.2,51.4,25.7,25.5,11.9,11.8,25.7,25.5,11.9,11.8,229.9,232.6,234.2,58.3,57,57.1,0,0,0,0,0,0,0,0,0,0,0,0,0,0,0,0,0,62,0,OK
8时40分01秒,46/79 静置,548.01,25.94,14217.83,547.86,25.98,14233.67,546.02,12.01,6558.66,548,11.95,6550.34,62,65.4,65,547.2,10.9,547.9,10.9,546.1,0,547.8,51.4,25.5,25.4,11.9,11.8,25.5,25.4,11.9,11.8,229.9,233,234.3,58.2,56.9,57,0,0,0,0,0,0,0,0,0,0,0,0,0,0,0,0,0,62,0,OK
8时40分06秒,46/79 静置,548.01,25.94,14217.83,547.86,25.98,14233.67,546.02,12.01,6558.66,548,11.95,6550.34,62,65.4,65,547.2,10.9,547.9,10.9,546.1,0,547.8,51.4,25.5,25.4,11.9,11.8,25.5,25.4,11.9,11.8,229.9,233,234.3,58.2,56.9,57,0,0,0,0,0,0,0,0,0,0,0,0,0,0,0,0,0,62,0,OK
8时40分11秒,46/79 静置,548.29,26.01,14259.75,549.77,25.93,14254.92,546.29,12.02,6564.07,548,12,6575.49,62,65.4,65,546.4,10.9,549.1,11.1,545.3,0,547.4,51.4,25.6,25.3,11.9,11.8,25.6,25.3,11.9,11.8,230,233.3,234.4,58.2,57,57.1,0,0,0,0,0,0,0,0,0,0,0,0,0,0,0,0,0,62,0,OK
8时40分16秒,46/79 静置,548.29,26.01,14259.75,549.77,25.93,14254.92,546.29,12.02,6564.07,548,12,6575.49,62,65.4,65,546.4,10.9,549.1,11.1,545.3,0,547.4,51.4,25.6,25.3,11.9,11.8,25.6,25.3,11.9,11.8,230,233.3,234.4,58.2,57,57.1,0,0,0,0,0,0,0,0,0,0,0,0,0,0,0,0,0,62,0,OK
8时40分21秒,46/79 静置,547.46,26.06,14265.09,547.59,26.01,14241.54,549.85,11.89,6535.36,549.37,11.98,6582.8,62,65.4,64.9,545.4,11,548.5,11.3,548.7,0,548.3,51.4,25.6,25.3,11.8,11.7,25.6,25.3,11.8,11.7,229.9,232.8,234.3,58.3,57.1,57.2,0,0,0,0,0,0,0,0,0,0,0,0,0,0,0,0,0,62,0,OK
8时40分26秒,46/79 静置,547.46,26.06,14265.09,547.59,26.01,14241.54,549.85,11.89,6535.36,549.37,11.98,6582.8,62,65.4,64.9,545.4,11,548.5,11.3,548.7,0,548.3,51.4,25.6,25.3,11.8,11.7,25.6,25.3,11.8,11.7,229.9,232.8,234.3,58.3,57.1,57.2,0,0,0,0,0,0,0,0,0,0,0,0,0,0,0,0,0,62,0,OK
8时40分31秒,46/79 静置,547.74,26,14240.69,548.68,25.98,14253.91,548.21,12.01,6583.33,550.47,11.96,6584.1,62,65.4,64.9,546.7,11,548.4,11.1,545.4,0,548.3,51.4,25.6,25.4,11.9,11.7,25.6,25.4,11.9,11.7,230.1,233.1,234.5,58.1,56.9,57,0,0,0,0,0,0,0,0,0,0,0,0,0,0,0,0,0,62,0,OK
8时40分36秒,46/79 静置,547.74,26,14240.69,548.68,25.98,14253.91,548.21,12.01,6583.33,550.47,11.96,6584.1,62,65.4,64.9,546.7,11,548.4,11.1,545.4,0,548.3,51.4,25.6,25.4,11.9,11.7,25.6,25.4,11.9,11.7,230.1,233.1,234.5,58.1,56.9,57,0,0,0,0,0,0,0,0,0,0,0,0,0,0,0,0,0,62,0,OK
8时40分41秒,46/79 静置,548.83,25.95,14241.3,546.77,26.05,14245.32,546.84,12.01,6565.31,548,11.97,6557.29,62,65.5,65,546.9,11.2,546.8,11.2,546.4,0,548.5,51.4,25.6,25.4,11.9,11.7,25.6,25.4,11.9,11.7,229.9,233.1,234.3,58.2,57,57.1,0,0,0,0,0,0,0,0,0,0,0,0,0,0,0,0,0,62,0,OK
8时40分46秒,46/79 静置,548.83,25.95,14241.3,546.77,26.05,14245.32,546.84,12.01,6565.31,548,11.97,6557.29,62,65.5,65,546.9,11.2,546.8,11.2,546.4,0,548.5,51.4,25.6,25.4,11.9,11.7,25.6,25.4,11.9,11.7,229.9,233.1,234.3,58.2,57,57.1,0,0,0,0,0,0,0,0,0,0,0,0,0,0,0,0,0,62,0,OK
8时40分51秒,46/79 静置,544.72,26.12,14226.14,544.31,26.14,14226.42,549.58,11.99,6591.16,546.91,11.99,6558.6,62,65.5,65,541.9,11,543.3,11.3,547.3,0,548.3,51.4,25.7,25.5,11.9,11.7,25.7,25.5,11.9,11.7,230.1,232.8,234.4,58.2,57,57.1,0,0,0,0,0,0,0,0,0,0,0,0,0,0,0,0,0,62,0,OK
8时40分56秒,46/79 静置,544.72,26.12,14226.14,544.31,26.14,14226.42,549.58,11.99,6591.16,546.91,11.99,6558.6,62,65.5,65,541.9,11,543.3,11.3,547.3,0,548.3,51.4,25.7,25.5,11.9,11.7,25.7,25.5,11.9,11.7,230.1,232.8,234.4,58.2,57,57.1,0,0,0,0,0,0,0,0,0,0,0,0,0,0,0,0,0,62,0,OK
8时41分01秒,46/79 静置,546.92,26.03,14236.93,547.31,26.03,14246.18,550.4,11.9,6550.46,548,11.98,6564.25,62,65.5,65,546,11,547.1,11.1,548.4,0,548.9,51.4,25.6,25.4,11.8,11.7,25.6,25.4,11.8,11.7,229.8,232.8,234.4,58.2,57,57.1,0,0,0,0,0,0,0,0,0,0,0,0,0,0,0,0,0,62,0,OK
8时41分06秒,46/79 静置,546.92,26.03,14236.93,547.31,26.03,14246.18,550.4,11.9,6550.46,548,11.98,6564.25,62,65.5,65,546,11,547.1,11.1,548.4,0,548.9,51.4,25.6,25.4,11.8,11.7,25.6,25.4,11.8,11.7,229.8,232.8,234.4,58.2,57,57.1,0,0,0,0,0,0,0,0,0,0,0,0,0,0,0,0,0,62,0,OK
8时41分11秒,46/79 静置,550.21,25.92,14262.35,546.77,26.03,14234.11,549.58,11.96,6575.59,549.1,11.92,6544.67,62,65.5,65,547.4,11.2,547.1,11.1,547.3,0,548.5,51.4,25.6,25.4,11.9,11.7,25.6,25.4,11.9,11.7,230,232.9,234.4,58.1,56.9,57,0,0,0,0,0,0,0,0,0,0,0,0,0,0,0,0,0,62,0,OK
8时41分16秒,46/79 静置,550.21,25.92,14262.35,546.77,26.03,14234.11,549.58,11.96,6575.59,549.1,11.92,6544.67,62,65.5,65,547.4,11.2,547.1,11.1,547.3,0,548.5,51.4,25.6,25.4,11.9,11.7,25.6,25.4,11.9,11.7,230,232.9,234.4,58.1,56.9,57,0,0,0,0,0,0,0,0,0,0,0,0,0,0,0,0,0,62,0,OK
8时41分21秒,46/79 静置,540.89,26.05,14090.57,546.77,26.04,14239.45,546.57,12,6560.96,548.82,11.99,6578.91,62,65.5,64.9,546.3,11,546.4,11.2,546.1,0,547.2,51.4,25.6,25.4,11.9,11.8,25.6,25.4,11.9,11.8,230,232.8,234.5,58.1,57,57.1,0,0,0,0,0,0,0,0,0,0,0,0,0,0,0,0,0,62,0,OK
8时41分26秒,46/79 静置,540.89,26.05,14090.57,546.77,26.04,14239.45,546.57,12,6560.96,548.82,11.99,6578.91,62,65.5,64.9,546.3,11,546.4,11.2,546.1,0,547.2,51.4,25.6,25.4,11.9,11.8,25.6,25.4,11.9,11.8,230,232.8,234.5,58.1,57,57.1,0,0,0,0,0,0,0,0,0,0,0,0,0,0,0,0,0,62,0,OK
8时41分31秒,46/79 静置,546.64,26.03,14229.79,547.59,26.02,14249.56,547.66,11.99,6563.92,550.47,11.87,6535.72,62,65.5,64.9,546.4,11,547.2,11.2,548.1,0,548.9,51.4,25.6,25.4,11.9,11.7,25.6,25.4,11.9,11.7,230,232.9,234.6,58.2,57,57,0,0,0,0,0,0,0,0,0,0,0,0,0,0,0,0,0,62,0,OK
8时41分36秒,46/79 静置,546.64,26.03,14229.79,547.59,26.02,14249.56,547.66,11.99,6563.92,550.47,11.87,6535.72,62,65.5,64.9,546.4,11,547.2,11.2,548.1,0,548.9,51.4,25.6,25.4,11.9,11.7,25.6,25.4,11.9,11.7,230,232.9,234.6,58.2,57,57,0,0,0,0,0,0,0,0,0,0,0,0,0,0,0,0,0,62,0,OK
8时41分41秒,46/79 静置,543.08,26.1,14175.79,543.49,26.12,14194.36,547.12,11.95,6539.2,543.07,12.05,6543.37,63,65.5,64.9,543.6,11.1,544.5,11.3,548.1,0,542.9,51.4,25.7,25.5,11.9,11.8,25.7,25.5,11.9,11.8,230.1,233,234.7,58.1,56.9,57.1,0,0,0,0,0,0,0,0,0,0,0,0,0,0,0,0,0,63,0,OK
8时41分46秒,46/79 静置,543.08,26.1,14175.79,543.49,26.12,14194.36,547.12,11.95,6539.2,543.07,12.05,6543.37,63,65.5,64.9,543.6,11.1,544.5,11.3,548.1,0,542.9,51.4,25.7,25.5,11.9,11.8,25.7,25.5,11.9,11.8,230.1,233,234.7,58.1,56.9,57.1,0,0,0,0,0,0,0,0,0,0,0,0,0,0,0,0,0,63,0,OK
8时41分51秒,46/79 静置,543.63,25.97,14120.55,546.49,26,14210.98,549.85,11.97,6582.61,548,12,6573.35,63,65.5,64.9,546.4,11,547.9,11.1,546.7,0,547.3,51.4,25.6,25.4,11.9,11.8,25.6,25.4,11.9,11.8,229.7,232.7,233.9,58.1,57,57.3,0,0,0,0,0,0,0,0,0,0,0,0,0,0,0,0,0,63,0,OK
8时41分56秒,46/79 静置,543.63,25.97,14120.55,546.49,26,14210.98,549.85,11.97,6582.61,548,12,6573.35,63,65.5,64.9,546.4,11,547.9,11.1,546.7,0,547.3,51.4,25.6,25.4,11.9,11.8,25.6,25.4,11.9,11.8,229.7,232.7,233.9,58.1,57,57.3,0,0,0,0,0,0,0,0,0,0,0,0,0,0,0,0,0,63,0,OK
8时42分01秒,46/79 静置,548.56,26,14260.97,549.77,25.81,14189.42,547.66,11.97,6554.3,549.92,11.97,6582.38,63,65.5,64.9,546.5,10.9,548.9,10.9,548.5,0,548.5,51.4,25.6,25.3,11.8,11.7,25.6,25.3,11.8,11.7,229.7,232.9,233.9,58.2,57.1,57.2,0,0,0,0,0,0,0,0,0,0,0,0,0,0,0,0,0,63,0,OK
8时42分06秒,46/79 静置,548.56,26,14260.97,549.77,25.81,14189.42,547.66,11.97,6554.3,549.92,11.97,6582.38,63,65.5,64.9,546.5,10.9,548.9,10.9,548.5,0,548.5,51.4,25.6,25.3,11.8,11.7,25.6,25.3,11.8,11.7,229.7,232.9,233.9,58.2,57.1,57.2,0,0,0,0,0,0,0,0,0,0,0,0,0,0,0,0,0,63,0,OK
8时42分11秒,46/79 静置,548.29,25.92,14211.02,547.59,26.02,14245.82,545.47,12.02,6555.82,544.17,12.02,6541.69,63,65.5,64.9,547.5,10.9,548.1,11.2,546.4,0,545,51.4,25.5,25.4,11.9,11.8,25.5,25.4,11.9,11.8,229.9,232.9,234.1,58.2,57,57.1,0,0,0,0,0,0,0,0,0,0,0,0,0,0,0,0,0,63,0,OK
8时42分16秒,46/79 静置,548.29,25.92,14211.02,547.59,26.02,14245.82,545.47,12.02,6555.82,544.17,12.02,6541.69,63,65.5,64.9,547.5,10.9,548.1,11.2,546.4,0,545,51.4,25.5,25.4,11.9,11.8,25.5,25.4,11.9,11.8,229.9,232.9,234.1,58.2,57,57.1,0,0,0,0,0,0,0,0,0,0,0,0,0,0,0,0,0,63,0,OK
8时42分21秒,46/79 静置,543.63,26.13,14207.08,549.23,26,14282.57,550.4,11.98,6591.31,540.33,12.07,6520.92,63,65.5,64.9,541.9,11,547.9,11.2,547.6,0,541.7,51.4,25.7,25.4,11.9,11.8,25.7,25.4,11.9,11.8,230.1,232.7,234.1,58.1,56.9,57.1,0,0,0,0,0,0,0,0,0,0,0,0,0,0,0,0,0,63,0,OK
8时42分26秒,46/79 静置,543.63,26.13,14207.08,549.23,26,14282.57,550.4,11.98,6591.31,540.33,12.07,6520.92,63,65.5,64.9,541.9,11,547.9,11.2,547.6,0,541.7,51.4,25.7,25.4,11.9,11.8,25.7,25.4,11.9,11.8,230.1,232.7,234.1,58.1,56.9,57.1,0,0,0,0,0,0,0,0,0,0,0,0,0,0,0,0,0,63,0,OK
8时42分31秒,46/79 静置,545.82,26.02,14203.08,544.58,26.12,14221.84,544.93,12.03,6554.57,550.19,11.93,6562.56,63,65.5,64.9,545.7,11,544.3,11.3,544.5,0,547.6,51.4,25.6,25.5,11.9,11.7,25.6,25.5,11.9,11.7,230.2,232.9,234,58.1,57,57.2,0,0,0,0,0,0,0,0,0,0,0,0,0,0,0,0,0,63,0,OK
8时42分36秒,46/79 静置,545.82,26.02,14203.08,544.58,26.12,14221.84,544.93,12.03,6554.57,550.19,11.93,6562.56,63,65.5,64.9,545.7,11,544.3,11.3,544.5,0,547.6,51.4,25.6,25.5,11.9,11.7,25.6,25.5,11.9,11.7,230.2,232.9,234,58.1,57,57.2,0,0,0,0,0,0,0,0,0,0,0,0,0,0,0,0,0,63,0,OK
8时42分41秒,46/79 静置,548.01,26,14248.33,546.77,26.02,14228.24,547.94,11.98,6565.59,548,11.98,6566.93,63,65.5,64.9,546.6,10.9,547.9,11.2,548,0,548.1,51.4,25.6,25.4,11.9,11.7,25.6,25.4,11.9,11.7,230.3,233,234.2,58.2,57,57.1,0,0,0,0,0,0,0,0,0,0,0,0,0,0,0,0,0,63,0,OK
8时42分46秒,46/79 静置,548.01,26,14248.33,546.77,26.02,14228.24,547.94,11.98,6565.59,548,11.98,6566.93,63,65.5,64.9,546.6,10.9,547.9,11.2,548,0,548.1,51.4,25.6,25.4,11.9,11.7,25.6,25.4,11.9,11.7,230.3,233,234.2,58.2,57,57.1,0,0,0,0,0,0,0,0,0,0,0,0,0,0,0,0,0,63,0,OK
8时42分51秒,46/79 静置,548.29,26.02,14264.57,548.41,25.99,14253.77,549.58,11.98,6583.11,549.37,11.99,6589.23,63,65.5,64.9,546,10.9,548,11,546.8,0,546.8,51.4,25.6,25.4,11.9,11.8,25.6,25.4,11.9,11.8,230.1,232.6,234.1,58.2,57,57.2,0,0,0,0,0,0,0,0,0,0,0,0,0,0,0,0,0,63,0,OK
8时42分57秒,46/79 静置,548.29,26.02,14264.57,548.41,25.99,14253.77,549.58,11.98,6583.11,549.37,11.99,6589.23,63,65.5,64.9,546,10.9,548,11,546.8,0,546.8,51.4,25.6,25.4,11.9,11.8,25.6,25.4,11.9,11.8,230.1,232.6,234.1,58.2,57,57.2,0,0,0,0,0,0,0,0,0,0,0,0,0,0,0,0,0,63,0,OK
8时43分02秒,46/79 静置,547.19,26.05,14254.23,550.87,25.62,14113.82,549.03,11.94,6555.11,546.91,12.01,6567.15,63,65.5,64.9,545.2,11,548.9,10.9,547.9,0,545.7,51.4,25.7,25.2,11.8,11.8,25.7,25.2,11.8,11.8,230.4,233.1,234.1,58.2,57,57,0,0,0,0,0,0,0,0,0,0,0,0,0,0,0,0,0,63,0,OK
8时43分07秒,46/79 静置,547.19,26.05,14254.23,550.87,25.62,14113.82,549.03,11.94,6555.11,546.91,12.01,6567.15,63,65.5,64.9,545.2,11,548.9,10.9,547.9,0,545.7,51.4,25.7,25.2,11.8,11.8,25.7,25.2,11.8,11.8,230.4,233.1,234.1,58.2,57,57,0,0,0,0,0,0,0,0,0,0,0,0,0,0,0,0,0,63,0,OK
8时43分12秒,46/79 静置,548.29,26.02,14266.71,547.04,26.04,14243.88,549.3,11.98,6580.37,546.91,12.02,6571.42,63,65.5,64.9,546.5,11,546.5,11.2,547.9,0,546,51.4,25.6,25.4,11.9,11.8,25.6,25.4,11.9,11.8,230.3,233,234.2,58.2,57,57.1,0,0,0,0,0,0,0,0,0,0,0,0,0,0,0,0,0,63,0,OK
8时43分17秒,46/79 静置,548.29,26.02,14266.71,547.04,26.04,14243.88,549.3,11.98,6580.37,546.91,12.02,6571.42,63,65.5,64.9,546.5,11,546.5,11.2,547.9,0,546,51.4,25.6,25.4,11.9,11.8,25.6,25.4,11.9,11.8,230.3,233,234.2,58.2,57,57.1,0,0,0,0,0,0,0,0,0,0,0,0,0,0,0,0,0,63,0,OK
8时43分22秒,46/79 静置,549.93,25.98,14285.31,547.59,26.03,14251.16,547.94,11.99,6568.27,547.45,11.98,6559.83,63,65.6,64.9,547,10.9,547.6,11.1,547.5,0,548,51.4,25.6,25.4,11.9,11.7,25.6,25.4,11.9,11.7,230.4,232.9,234.3,58.2,57,56.9,0,0,0,0,0,0,0,0,0,0,0,0,0,0,0,0,0,63,0,OK
8时43分27秒,46/79 静置,549.93,25.98,14285.31,547.59,26.03,14251.16,547.94,11.99,6568.27,547.45,11.98,6559.83,63,65.6,64.9,547,10.9,547.6,11.1,547.5,0,548,51.4,25.6,25.4,11.9,11.7,25.6,25.4,11.9,11.7,230.4,232.9,234.3,58.2,57,56.9,0,0,0,0,0,0,0,0,0,0,0,0,0,0,0,0,0,63,0,OK
8时43分32秒,46/79 静置,549.38,25.99,14279.12,546.22,26.06,14233.21,550.12,11.96,6579.98,546.63,12,6562.25,63,65.6,65,546.5,11,545.9,11,547.7,0,547.4,51.4,25.6,25.5,11.9,11.8,25.6,25.5,11.9,11.8,230.4,233.1,233.8,58.1,56.9,57.1,0,0,0,0,0,0,0,0,0,0,0,0,0,0,0,0,0,63,0,OK
8时43分37秒,46/79 静置,549.38,25.99,14279.12,546.22,26.06,14233.21,550.12,11.96,6579.98,546.63,12,6562.25,63,65.6,65,546.5,11,545.9,11,547.7,0,547.4,51.4,25.6,25.5,11.9,11.8,25.6,25.5,11.9,11.8,230.4,233.1,233.8,58.1,56.9,57.1,0,0,0,0,0,0,0,0,0,0,0,0,0,0,0,0,0,63,0,OK
8时43分42秒,46/79 静置,546.37,26.07,14245.62,547.31,26.02,14242.44,547.12,11.99,6557.37,548,11.97,6561.04,63,65.6,65,543.7,11,547.3,11,547.4,0,548,51.4,25.7,25.4,11.9,11.8,25.7,25.4,11.9,11.8,230.3,233.2,234,58.2,57,57.1,0,0,0,0,0,0,0,0,0,0,0,0,0,0,0,0,0,63,0,OK
8时43分47秒,46/79 静置,546.37,26.07,14245.62,547.31,26.02,14242.44,547.12,11.99,6557.37,548,11.97,6561.04,63,65.6,65,543.7,11,547.3,11,547.4,0,548,51.4,25.7,25.4,11.9,11.8,25.7,25.4,11.9,11.8,230.3,233.2,234,58.2,57,57.1,0,0,0,0,0,0,0,0,0,0,0,0,0,0,0,0,0,63,0,OK
8时43分52秒,46/79 静置,547.19,26.01,14234.46,547.59,25.98,14227.1,549.03,11.99,6584.06,545.81,12.01,6554.52,63,65.6,65.1,546.5,10.9,548.1,11.2,546.8,0,546,51.4,25.6,25.4,11.9,11.8,25.6,25.4,11.9,11.8,230.2,232.9,233.8,58.2,57,57.1,0,0,0,0,0,0,0,0,0,0,0,0,0,0,0,0,0,63,0,OK
8时43分57秒,46/79 静置,547.19,26.01,14234.46,547.59,25.98,14227.1,549.03,11.99,6584.06,545.81,12.01,6554.52,63,65.6,65.1,546.5,10.9,548.1,11.2,546.8,0,546,51.4,25.6,25.4,11.9,11.8,25.6,25.4,11.9,11.8,230.2,232.9,233.8,58.2,57,57.1,0,0,0,0,0,0,0,0,0,0,0,0,0,0,0,0,0,63,0,OK
8时44分02秒,46/79 静置,545.27,26.1,14232.49,545.4,26.09,14228.35,546.02,12,6551.19,549.92,11.98,6586.68,63,65.7,65.1,543.6,11,544.8,11.3,547.8,0,547.2,51.4,25.7,25.5,11.8,11.8,25.7,25.5,11.8,11.8,230.2,232.8,233.7,58.1,57,57.1,0,0,0,0,0,0,0,0,0,0,0,0,0,0,0,0,0,63,0,OK
8时44分07秒,46/79 静置,545.27,26.1,14232.49,545.4,26.09,14228.35,546.02,12,6551.19,549.92,11.98,6586.68,63,65.7,65.1,543.6,11,544.8,11.3,547.8,0,547.2,51.4,25.7,25.5,11.8,11.8,25.7,25.5,11.8,11.8,230.2,232.8,233.7,58.1,57,57.1,0,0,0,0,0,0,0,0,0,0,0,0,0,0,0,0,0,63,0,OK
8时44分12秒,46/79 静置,549.38,25.97,14268.39,548.41,26.01,14263.41,549.85,11.99,6591.74,549.37,11.99,6589.23,63,65.7,65.1,546.2,10.9,548.7,11.2,546.7,0,547.3,51.4,25.6,25.3,11.9,11.8,25.6,25.3,11.9,11.8,229.9,232.9,233.6,58.3,57.1,57.2,0,0,0,0,0,0,0,0,0,0,0,0,0,0,0,0,0,63,0,OK
8时44分17秒,46/79 静置,549.38,25.97,14268.39,548.41,26.01,14263.41,549.85,11.99,6591.74,549.37,11.99,6589.23,63,65.7,65.1,546.2,10.9,548.7,11.2,546.7,0,547.3,51.4,25.6,25.3,11.9,11.8,25.6,25.3,11.9,11.8,229.9,232.9,233.6,58.3,57.1,57.2,0,0,0,0,0,0,0,0,0,0,0,0,0,0,0,0,0,63,0,OK
8时44分22秒,46/79 静置,550.48,25.95,14286.64,545.67,26.06,14219.49,546.57,12.02,6569.5,549.37,11.98,6582.26,63,65.7,65.2,546.8,10.9,545.7,11,545.1,0,547.2,51.4,25.6,25.5,11.9,11.8,25.6,25.5,11.9,11.8,230.5,233.1,234,58,56.9,57,0,0,0,0,0,0,0,0,0,0,0,0,0,0,0,0,0,63,0,OK
8时44分27秒,46/79 静置,550.48,25.95,14286.64,545.67,26.06,14219.49,546.57,12.02,6569.5,549.37,11.98,6582.26,63,65.7,65.2,546.8,10.9,545.7,11,545.1,0,547.2,51.4,25.6,25.5,11.9,11.8,25.6,25.5,11.9,11.8,230.5,233.1,234,58,56.9,57,0,0,0,0,0,0,0,0,0,0,0,0,0,0,0,0,0,63,0,OK
8时44分32秒,46/79 静置,546.92,26.07,14257.23,548.68,26.02,14275.34,547.94,12.01,6578.44,548,12,6578.7,63,65.8,65.2,543.8,11,546.7,11.1,545.9,0,548.1,51.4,25.7,25.5,11.9,11.8,25.7,25.5,11.9,11.8,230.3,232.9,233.9,58.2,57.1,57.2,0,0,0,0,0,0,0,0,0,0,0,0,0,0,0,0,0,63,0,OK
8时44分37秒,46/79 静置,546.92,26.07,14257.23,548.68,26.02,14275.34,547.94,12.01,6578.44,548,12,6578.7,63,65.8,65.2,543.8,11,546.7,11.1,545.9,0,548.1,51.4,25.7,25.5,11.9,11.8,25.7,25.5,11.9,11.8,230.3,232.9,233.9,58.2,57.1,57.2,0,0,0,0,0,0,0,0,0,0,0,0,0,0,0,0,0,63,0,OK
8时44分42秒,46/79 静置,549.93,25.94,14264.36,549.5,25.99,14278.95,549.3,11.98,6578.76,547.73,12,6572.2,64,65.8,65.2,547.4,10.8,547.5,11.2,548.7,0,547.8,51.4,25.6,25.4,11.8,11.8,25.6,25.4,11.8,11.8,230.3,233,234,58.1,57,57.1,0,0,0,0,0,0,0,0,0,0,0,0,0,0,0,0,0,64,0,OK
8时44分47秒,46/79 静置,549.93,25.94,14264.36,549.5,25.99,14278.95,549.3,11.98,6578.76,547.73,12,6572.2,64,65.8,65.2,547.4,10.8,547.5,11.2,548.7,0,547.8,51.4,25.6,25.4,11.8,11.8,25.6,25.4,11.8,11.8,230.3,233,234,58.1,57,57.1,0,0,0,0,0,0,0,0,0,0,0,0,0,0,0,0,0,64,0,OK
8时44分52秒,46/79 静置,546.92,26.08,14266.31,542.94,26.1,14170.53,546.02,11.95,6526.66,546.91,11.95,6534.03,64,65.8,65.2,543.2,11,544.7,11.2,546.8,0,547.6,51.4,25.7,25.5,11.9,11.8,25.7,25.5,11.9,11.8,230.4,233,234.1,58.1,56.9,57,0,0,0,0,0,0,0,0,0,0,0,0,0,0,0,0,0,64,0,OK
8时44分57秒,46/79 静置,546.92,26.08,14266.31,542.94,26.1,14170.53,546.02,11.95,6526.66,546.91,11.95,6534.03,64,65.8,65.2,543.2,11,544.7,11.2,546.8,0,547.6,51.4,25.7,25.5,11.9,11.8,25.7,25.5,11.9,11.8,230.4,233,234.1,58.1,56.9,57,0,0,0,0,0,0,0,0,0,0,0,0,0,0,0,0,0,64,0,OK
8时45分02秒,46/79 静置,544.18,26.09,14195.36,548.13,25.99,14243.45,544.11,12.03,6545.23,543.62,12.03,6538.83,64,65.8,65.3,543.4,10.9,547.5,10.9,544.6,0,544.8,51.4,25.7,25.4,11.9,11.8,25.7,25.4,11.9,11.8,230.3,233,233.9,58.2,57,57.2,0,0,0,0,0,0,0,0,0,0,0,0,0,0,0,0,0,64,0,OK
8时45分07秒,46/79 静置,544.18,26.09,14195.36,548.13,25.99,14243.45,544.11,12.03,6545.23,543.62,12.03,6538.83,64,65.8,65.3,543.4,10.9,547.5,10.9,544.6,0,544.8,51.4,25.7,25.4,11.9,11.8,25.7,25.4,11.9,11.8,230.3,233,233.9,58.2,57,57.2,0,0,0,0,0,0,0,0,0,0,0,0,0,0,0,0,0,64,0,OK
8时45分12秒,46/79 静置,546.92,26.05,14247.62,546.49,26.06,14244.07,550.4,11.87,6534.87,549.1,11.98,6578.98,64,65.9,65.3,545.4,11,546.3,11,548.4,0,548,51.4,25.7,25.5,11.8,11.8,25.7,25.5,11.8,11.8,230.1,232.7,233.8,58.3,57.1,57.2,0,0,0,0,0,0,0,0,0,0,0,0,0,0,0,0,0,64,0,OK
8时45分17秒,46/79 静置,546.92,26.05,14247.62,546.49,26.06,14244.07,550.4,11.87,6534.87,549.1,11.98,6578.98,64,65.9,65.3,545.4,11,546.3,11,548.4,0,548,51.4,25.7,25.5,11.8,11.8,25.7,25.5,11.8,11.8,230.1,232.7,233.8,58.3,57.1,57.2,0,0,0,0,0,0,0,0,0,0,0,0,0,0,0,0,0,64,0,OK
8时45分22秒,46/79 静置,549.11,25.95,14250.57,547.86,26.03,14258.28,550.94,11.86,6535.98,549.37,11.97,6573.68,64,65.9,65.3,547.1,11,546.5,11.1,548.4,0,548.1,51.4,25.6,25.4,11.8,11.8,25.6,25.4,11.8,11.8,230,232.6,233.8,58.2,57.1,57.2,0,0,0,0,0,0,0,0,0,0,0,0,0,0,0,0,0,64,0,OK
8时45分27秒,46/79 静置,549.11,25.95,14250.57,547.86,26.03,14258.28,550.94,11.86,6535.98,549.37,11.97,6573.68,64,65.9,65.3,547.1,11,546.5,11.1,548.4,0,548.1,51.4,25.6,25.4,11.8,11.8,25.6,25.4,11.8,11.8,230,232.6,233.8,58.2,57.1,57.2,0,0,0,0,0,0,0,0,0,0,0,0,0,0,0,0,0,64,0,OK
8时45分32秒,46/79 静置,547.46,25.99,14230.34,548.95,25.98,14263.69,547.66,11.99,6563.92,546.08,12.03,6570.07,64,65.9,65.3,547.2,11.2,548.5,11.2,548,0,544.9,51.4,25.6,25.4,11.9,11.8,25.6,25.4,11.9,11.8,230.2,232.7,233.9,58.2,57.2,56.9,0,0,0,0,0,0,0,0,0,0,0,0,0,0,0,0,0,64,0,OK
8时45分37秒,46/79 静置,547.46,25.99,14230.34,548.95,25.98,14263.69,547.66,11.99,6563.92,546.08,12.03,6570.07,64,65.9,65.3,547.2,11.2,548.5,11.2,548,0,544.9,51.4,25.6,25.4,11.9,11.8,25.6,25.4,11.9,11.8,230.2,232.7,233.9,58.2,57.2,56.9,0,0,0,0,0,0,0,0,0,0,0,0,0,0,0,0,0,64,0,OK
8时45分42秒,46/79 静置,547.19,25.99,14223.77,541.85,26.16,14172.7,548.21,11.97,6562.98,547.45,11.97,6553.95,64,65.9,65.3,547,11.1,543.1,11.2,547,0,548.1,51.4,25.6,25.5,11.9,11.8,25.6,25.5,11.9,11.8,230.5,232.3,234.1,58.1,57.1,57.2,0,0,0,0,0,0,0,0,0,0,0,0,0,0,0,0,0,64,0,OK
8时45分47秒,46/79 静置,547.19,25.99,14223.77,541.85,26.16,14172.7,548.21,11.97,6562.98,547.45,11.97,6553.95,64,65.9,65.3,547,11.1,543.1,11.2,547,0,548.1,51.4,25.6,25.5,11.9,11.8,25.6,25.5,11.9,11.8,230.5,232.3,234.1,58.1,57.1,57.2,0,0,0,0,0,0,0,0,0,0,0,0,0,0,0,0,0,64,0,OK
8时45分52秒,46/79 静置,547.19,26.02,14238.73,547.31,26.03,14246.18,548.76,12,6587.75,549.1,12,6590.78,64,65.9,65.4,544.8,11,547,11.1,547.1,0,546.1,51.4,25.7,25.4,11.9,11.8,25.7,25.4,11.9,11.8,230.6,232.4,234.2,58.1,57.2,56.9,0,0,0,0,0,0,0,0,0,0,0,0,0,0,0,0,0,64,0,OK
8时45分57秒,46/79 静置,547.19,26.02,14238.73,547.31,26.03,14246.18,548.76,12,6587.75,549.1,12,6590.78,64,65.9,65.4,544.8,11,547,11.1,547.1,0,546.1,51.4,25.7,25.4,11.9,11.8,25.7,25.4,11.9,11.8,230.6,232.4,234.2,58.1,57.2,56.9,0,0,0,0,0,0,0,0,0,0,0,0,0,0,0,0,0,64,0,OK
8时46分02秒,46/79 静置,547.46,26.01,14241.57,547.86,25.86,14165.19,548.76,11.96,6562.03,546.63,11.99,6555.85,64,65.9,65.4,547.1,11,549.2,11.1,547.9,0,547.9,51.4,25.6,25.3,11.9,11.8,25.6,25.3,11.9,11.8,230.2,232.1,234.2,58.2,57.3,57.1,0,0,0,0,0,0,0,0,0,0,0,0,0,0,0,0,0,64,0,OK
8时46分07秒,46/79 静置,547.46,26.01,14241.57,547.86,25.86,14165.19,548.76,11.96,6562.03,546.63,11.99,6555.85,64,65.9,65.4,547.1,11,549.2,11.1,547.9,0,547.9,51.4,25.6,25.3,11.9,11.8,25.6,25.3,11.9,11.8,230.2,232.1,234.2,58.2,57.3,57.1,0,0,0,0,0,0,0,0,0,0,0,0,0,0,0,0,0,64,0,OK
8时46分12秒,46/79 静置,549.66,25.81,14187.49,550.32,25.88,14241.69,550.4,11.92,6562.82,550.19,11.96,6581.9,64,65.9,65.4,547,11,548.1,11.1,547.2,0,546.8,51.4,25.6,25.3,11.9,11.8,25.6,25.3,11.9,11.8,230.3,231.9,234.1,58.2,57.3,56.9,0,0,0,0,0,0,0,0,0,0,0,0,0,0,0,0,0,64,0,OK
8时46分17秒,46/79 静置,549.66,25.81,14187.49,550.32,25.88,14241.69,550.4,11.92,6562.82,550.19,11.96,6581.9,64,65.9,65.4,547,11,548.1,11.1,547.2,0,546.8,51.4,25.6,25.3,11.9,11.8,25.6,25.3,11.9,11.8,230.3,231.9,234.1,58.2,57.3,56.9,0,0,0,0,0,0,0,0,0,0,0,0,0,0,0,0,0,64,0,OK
8时46分22秒,46/79 静置,542.81,26.11,14172.87,544.85,26.03,14183.22,547.39,12,6570.27,548.82,11.99,6581.59,64,66,65.4,543.1,11,547.1,11.1,547.1,0,547.6,51.4,25.7,25.4,11.9,11.8,25.7,25.4,11.9,11.8,230.5,232.5,234.4,58.1,57.2,57.1,0,0,0,0,0,0,0,0,0,0,0,0,0,0,0,0,0,64,0,OK
8时46分27秒,46/79 静置,542.81,26.11,14172.87,544.85,26.03,14183.22,547.39,12,6570.27,548.82,11.99,6581.59,64,66,65.4,543.1,11,547.1,11.1,547.1,0,547.6,51.4,25.7,25.4,11.9,11.8,25.7,25.4,11.9,11.8,230.5,232.5,234.4,58.1,57.2,57.1,0,0,0,0,0,0,0,0,0,0,0,0,0,0,0,0,0,64,0,OK
8时46分32秒,46/79 静置,548.01,25.98,14234.95,547.31,26.05,14260.08,545.47,12.03,6559.55,548.82,11.98,6572.48,64,66,65.4,547.2,10.9,546.6,11.1,544.6,0,548.2,51.4,25.5,25.4,11.9,11.7,25.5,25.4,11.9,11.7,230.8,232.8,234.5,58.1,57.1,57.1,0,0,0,0,0,0,0,0,0,0,0,0,0,0,0,0,0,64,0,OK
8时46分37秒,46/79 静置,548.01,25.98,14234.95,547.31,26.05,14260.08,545.47,12.03,6559.55,548.82,11.98,6572.48,64,66,65.4,547.2,10.9,546.6,11.1,544.6,0,548.2,51.4,25.5,25.4,11.9,11.7,25.5,25.4,11.9,11.7,230.8,232.8,234.5,58.1,57.1,57.1,0,0,0,0,0,0,0,0,0,0,0,0,0,0,0,0,0,64,0,OK
8时46分42秒,46/79 静置,547.46,26.05,14264.03,544.85,26.14,14244.94,549.85,11.94,6564.89,548.28,11.97,6563.78,64,66,65.5,544.8,10.9,546.5,11.1,547.2,0,549,51.4,25.6,25.4,11.9,11.7,25.7,25.5,11.9,11.7,230.8,232.3,234.4,58.1,57.1,57.1,0,0,0,0,0,0,0,0,0,0,0,0,0,0,0,0,0,64,0,OK
8时46分47秒,46/79 静置,547.46,26.05,14264.03,544.85,26.14,14244.94,549.85,11.94,6564.89,548.28,11.97,6563.78,64,66,65.5,544.8,10.9,546.5,11.1,547.2,0,549,51.4,25.6,25.4,11.9,11.7,25.7,25.5,11.9,11.7,230.8,232.3,234.4,58.1,57.1,57.1,0,0,0,0,0,0,0,0,0,0,0,0,0,0,0,0,0,64,0,OK
8时46分52秒,46/79 静置,547.74,26.03,14259.94,546.77,26.05,14245.32,548.76,11.99,6580.78,548.82,11.98,6572.48,64,66,65.5,545.8,10.8,546.6,11.1,545.9,0,547.7,51.4,25.6,25.4,11.9,11.8,25.6,25.4,11.9,11.8,230.4,232.1,233.8,58.2,57.3,57.2,0,0,0,0,0,0,0,0,0,0,0,0,0,0,0,0,0,64,0,OK
8时46分57秒,46/79 静置,547.74,26.03,14259.94,546.77,26.05,14245.32,548.76,11.99,6580.78,548.82,11.98,6572.48,64,66,65.5,545.8,10.8,546.6,11.1,545.9,0,547.7,51.4,25.6,25.4,11.9,11.8,25.6,25.4,11.9,11.8,230.4,232.1,233.8,58.2,57.3,57.2,0,0,0,0,0,0,0,0,0,0,0,0,0,0,0,0,0,64,0,OK
8时47分02秒,46/79 静置,547.46,26.02,14244.24,547.31,25.96,14206.1,550.12,11.95,6571.38,549.1,11.97,6570.94,64,66.1,65.5,545.7,11,547.9,11.1,546.8,0,548.1,51.4,25.7,25.4,11.9,11.7,25.7,25.4,11.9,11.7,230.5,232.4,234,58.2,57.3,57.2,0,0,0,0,0,0,0,0,0,0,0,0,0,0,0,0,0,64,0,OK
8时47分07秒,46/79 静置,547.46,26.02,14244.24,547.31,25.96,14206.1,550.12,11.95,6571.38,549.1,11.97,6570.94,64,66.1,65.5,545.7,11,547.9,11.1,546.8,0,548.1,51.4,25.7,25.4,11.9,11.7,25.7,25.4,11.9,11.7,230.5,232.4,234,58.2,57.3,57.2,0,0,0,0,0,0,0,0,0,0,0,0,0,0,0,0,0,64,0,OK
8时47分12秒,46/79 静置,546.09,26.11,14260.33,549.5,25.81,14185.04,549.03,11.98,6577.63,547.73,11.99,6566.85,64,66.1,65.6,542.8,11.1,549,11.2,547,0,547.6,51.4,25.7,25.3,11.9,11.8,25.7,25.3,11.9,11.8,230.7,232.2,234.1,58.2,57.2,57.1,0,0,0,0,0,0,0,0,0,0,0,0,0,0,0,0,0,64,0,OK
8时47分17秒,46/79 静置,546.09,26.11,14260.33,549.5,25.81,14185.04,549.03,11.98,6577.63,547.73,11.99,6566.85,64,66.1,65.6,542.8,11.1,549,11.2,547,0,547.6,51.4,25.7,25.3,11.9,11.8,25.7,25.3,11.9,11.8,230.7,232.2,234.1,58.2,57.2,57.1,0,0,0,0,0,0,0,0,0,0,0,0,0,0,0,0,0,64,0,OK
8时47分22秒,46/79 静置,548.83,26,14270.25,549.5,25.96,14262.85,546.57,12,6558.82,548,11.95,6549.8,64,66.1,65.6,546.7,11,548.9,11.2,547,0,548.8,51.4,25.6,25.3,11.9,11.7,25.6,25.3,11.9,11.7,230.8,232.4,234.1,58.1,57.2,57.1,0,0,0,0,0,0,0,0,0,0,0,0,0,0,0,0,0,64,0,OK
8时47分27秒,46/79 静置,548.83,26,14270.25,549.5,25.96,14262.85,546.57,12,6558.82,548,11.95,6549.8,64,66.1,65.6,546.7,11,548.9,11.2,547,0,548.8,51.4,25.6,25.3,11.9,11.7,25.6,25.3,11.9,11.7,230.8,232.4,234.1,58.1,57.2,57.1,0,0,0,0,0,0,0,0,0,0,0,0,0,0,0,0,0,64,0,OK
8时47分32秒,46/79 静置,549.38,25.98,14271.08,546.49,26.05,14237.13,547.94,12,6577.9,547.73,11.98,6559.89,64,66.1,65.6,546.9,11,545.7,11,545.2,0,548.1,51.4,25.6,25.5,11.9,11.8,25.6,25.5,11.9,11.8,230.8,232.5,234.3,58.1,57.1,57,0,0,0,0,0,0,0,0,0,0,0,0,0,0,0,0,0,64,0,OK
8时47分37秒,46/79 静置,549.38,25.98,14271.08,546.49,26.05,14237.13,547.94,12,6577.9,547.73,11.98,6559.89,64,66.1,65.6,546.9,11,545.7,11,545.2,0,548.1,51.4,25.6,25.5,11.9,11.8,25.6,25.5,11.9,11.8,230.8,232.5,234.3,58.1,57.1,57,0,0,0,0,0,0,0,0,0,0,0,0,0,0,0,0,0,64,0,OK
8时47分42秒,46/79 静置,545.27,26.01,14182.43,546.22,26.01,14205.47,550.4,11.97,6587.55,546.63,11.96,6539.3,65,66.1,65.5,545.8,10.8,547.8,11.1,546.6,0,547.4,51.4,25.7,25.4,11.9,11.8,25.7,25.4,11.9,11.8,230.9,232.1,234,58.1,57.2,57.1,0,0,0,0,0,0,0,0,0,0,0,0,0,0,0,0,0,65,0,OK
8时47分47秒,46/79 静置,545.27,26.01,14182.43,546.22,26.01,14205.47,550.4,11.97,6587.55,546.63,11.96,6539.3,65,66.1,65.5,545.8,10.8,547.8,11.1,546.6,0,547.4,51.4,25.7,25.4,11.9,11.8,25.7,25.4,11.9,11.8,230.9,232.1,234,58.1,57.2,57.1,0,0,0,0,0,0,0,0,0,0,0,0,0,0,0,0,0,65,0,OK
8时47分52秒,46/79 静置,549.66,25.83,14197.69,550.87,25.6,14104.67,549.58,11.87,6523.53,549.37,11.95,6567.24,65,66.2,65.6,547.3,10.9,549.7,11.2,548.3,0,548.7,51.4,25.5,25.1,11.8,11.7,25.5,25.1,11.8,11.7,230.8,232.3,233.8,57.8,56.9,56.8,0,0,0,0,0,0,0,0,0,0,0,0,0,0,0,0,0,65,0,OK
8时47分57秒,46/79 静置,549.66,25.83,14197.69,550.87,25.6,14104.67,549.58,11.87,6523.53,549.37,11.95,6567.24,65,66.2,65.6,547.3,10.9,549.7,11.2,548.3,0,548.7,51.4,25.5,25.1,11.8,11.7,25.5,25.1,11.8,11.7,230.8,232.3,233.8,57.8,56.9,56.8,0,0,0,0,0,0,0,0,0,0,0,0,0,0,0,0,0,65,0,OK
8时48分02秒,46/79 静置,546.64,26.07,14250.08,545.67,26.05,14212.57,549.58,11.98,6582.57,544.71,12.04,6557.86,65,66.2,65.6,543.8,11.1,547.3,11,548.1,0,543.9,51.4,25.7,25.4,11.9,11.8,25.7,25.4,11.9,11.8,230.9,232.4,234.1,58,57.1,57,0,0,0,0,0,0,0,0,0,0,0,0,0,0,0,0,0,65,0,OK
8时48分07秒,46/79 静置,546.64,26.07,14250.08,545.67,26.05,14212.57,549.58,11.98,6582.57,544.71,12.04,6557.86,65,66.2,65.6,543.8,11.1,547.3,11,548.1,0,543.9,51.4,25.7,25.4,11.9,11.8,25.7,25.4,11.9,11.8,230.9,232.4,234.1,58,57.1,57,0,0,0,0,0,0,0,0,0,0,0,0,0,0,0,0,0,65,0,OK
8时48分12秒,46/79 静置,550.21,25.87,14235.48,548.13,26.02,14263.25,548.21,11.96,6559.23,550.74,11.87,6538.44,65,66.2,65.6,546.5,11.1,546.8,11.1,547.3,0,548.8,51.4,25.6,25.4,11.9,11.7,25.6,25.4,11.9,11.7,230.5,231.9,233.8,57.9,56.9,56.9,0,0,0,0,0,0,0,0,0,0,0,0,0,0,0,0,0,65,0,OK
8时48分17秒,46/79 静置,550.21,25.87,14235.48,548.13,26.02,14263.25,548.21,11.96,6559.23,550.74,11.87,6538.44,65,66.2,65.6,546.5,11.1,546.8,11.1,547.3,0,548.8,51.4,25.6,25.4,11.9,11.7,25.6,25.4,11.9,11.7,230.5,231.9,233.8,57.9,56.9,56.9,0,0,0,0,0,0,0,0,0,0,0,0,0,0,0,0,0,65,0,OK
8时48分22秒,46/79 静置,549.11,26.04,14299.37,547.86,26.04,14265.24,542.47,12.08,6550.4,545.54,12.02,6559.22,65,66.2,65.6,544.9,10.9,547.6,11.2,539.2,0,545.8,51.4,25.7,25.4,12,11.8,25.7,25.4,12,11.8,230.8,232.1,234,58.1,57.2,57.1,0,0,0,0,0,0,0,0,0,0,0,0,0,0,0,0,0,65,0,OK
8时48分27秒,46/79 静置,549.11,26.04,14299.37,547.86,26.04,14265.24,542.47,12.08,6550.4,545.54,12.02,6559.22,65,66.2,65.6,544.9,10.9,547.6,11.2,539.2,0,545.8,51.4,25.7,25.4,12,11.8,25.7,25.4,12,11.8,230.8,232.1,234,58.1,57.2,57.1,0,0,0,0,0,0,0,0,0,0,0,0,0,0,0,0,0,65,0,OK
8时48分32秒,46/79 静置,549.11,26,14278.99,547.86,26.05,14270.58,547.66,11.98,6560.18,549.1,11.98,6577.37,65,66.2,65.6,546.2,11.1,546.4,11.3,547.7,0,549,51.4,25.7,25.5,11.9,11.7,25.7,25.5,11.9,11.7,230.5,232.1,233.9,58.2,57.3,57.2,0,0,0,0,0,0,0,0,0,0,0,0,0,0,0,0,0,65,0,OK
8时48分37秒,46/79 静置,549.11,26,14278.99,547.86,26.05,14270.58,547.66,11.98,6560.18,549.1,11.98,6577.37,65,66.2,65.6,546.2,11.1,546.4,11.3,547.7,0,549,51.4,25.7,25.5,11.9,11.7,25.7,25.5,11.9,11.7,230.5,232.1,233.9,58.2,57.3,57.2,0,0,0,0,0,0,0,0,0,0,0,0,0,0,0,0,0,65,0,OK
8时48分42秒,46/79 静置,547.46,26.04,14257.08,541.57,26.17,14175.07,547.39,12,6568.13,550.19,11.94,6570.62,65,66.2,65.6,546.4,11,541.6,11.2,546.7,0,548.9,51.4,25.6,25.6,11.9,11.7,25.6,25.6,11.9,11.7,230.5,232.1,234.1,58.1,57.1,57.1,0,0,0,0,0,0,0,0,0,0,0,0,0,0,0,0,0,65,0,OK
8时48分47秒,46/79 静置,547.46,26.04,14257.08,541.57,26.17,14175.07,547.39,12,6568.13,550.19,11.94,6570.62,65,66.2,65.6,546.4,11,541.6,11.2,546.7,0,548.9,51.4,25.6,25.6,11.9,11.7,25.6,25.6,11.9,11.7,230.5,232.1,234.1,58.1,57.1,57.1,0,0,0,0,0,0,0,0,0,0,0,0,0,0,0,0,0,65,0,OK
8时48分52秒,46/79 静置,548.83,25.93,14232.19,544.58,26.08,14204.82,549.3,11.97,6577.15,548.28,11.99,6571.81,65,66.2,65.6,546.8,10.9,546.9,11.1,547.6,0,548,51.4,25.6,25.4,11.9,11.8,25.6,25.4,11.9,11.8,230.6,232.2,234.1,58.2,57.2,57.1,0,0,0,0,0,0,0,0,0,0,0,0,0,0,0,0,0,65,0,OK
8时48分57秒,46/79 静置,548.83,25.93,14232.19,544.58,26.08,14204.82,549.3,11.97,6577.15,548.28,11.99,6571.81,65,66.2,65.6,546.8,10.9,546.9,11.1,547.6,0,548,51.4,25.6,25.4,11.9,11.8,25.6,25.4,11.9,11.8,230.6,232.2,234.1,58.2,57.2,57.1,0,0,0,0,0,0,0,0,0,0,0,0,0,0,0,0,0,65,0,OK
8时49分02秒,46/79 静置,548.83,25.97,14252.02,550.32,26.02,14319.61,549.03,11.94,6555.11,548.55,11.98,6572.96,65,66.2,65.6,546.7,10.9,548.3,11.2,548.4,0,547.9,51.4,25.6,25.4,11.8,11.8,25.6,25.4,11.8,11.8,230.1,232,233.7,58.1,57.1,57.2,0,0,0,0,0,0,0,0,0,0,0,0,0,0,0,0,0,65,0,OK
8时49分07秒,46/79 静置,548.83,25.97,14252.02,550.32,26.02,14319.61,549.03,11.94,6555.11,548.55,11.98,6572.96,65,66.2,65.6,546.7,10.9,548.3,11.2,548.4,0,547.9,51.4,25.6,25.4,11.8,11.8,25.6,25.4,11.8,11.8,230.1,232,233.7,58.1,57.1,57.2,0,0,0,0,0,0,0,0,0,0,0,0,0,0,0,0,0,65,0,OK
8时49分12秒,46/79 静置,549.38,25.98,14274.83,548.68,26.03,14282.84,546.29,12,6556.61,543.62,12.05,6548.38,65,66.3,65.6,546.9,11,546.2,11.1,546.1,0,542.8,51.4,25.6,25.5,11.9,11.8,25.6,25.5,11.9,11.8,230.5,232.3,233.9,58.1,57.2,57.1,0,0,0,0,0,0,0,0,0,0,0,0,0,0,0,0,0,65,0,OK
8时49分17秒,46/79 静置,549.38,25.98,14274.83,548.68,26.03,14282.84,546.29,12,6556.61,543.62,12.05,6548.38,65,66.3,65.6,546.9,11,546.2,11.1,546.1,0,542.8,51.4,25.6,25.5,11.9,11.8,25.6,25.5,11.9,11.8,230.5,232.3,233.9,58.1,57.2,57.1,0,0,0,0,0,0,0,0,0,0,0,0,0,0,0,0,0,65,0,OK
8时49分22秒,46/79 静置,543.63,26.04,14153.46,550.05,26.02,14309.81,546.02,11.99,6549.06,550.19,11.97,6588.35,65,66.3,65.6,545.6,11.2,547.6,11.1,544.9,0,547.6,51.4,25.7,25.4,11.9,11.8,25.7,25.4,11.9,11.8,230.9,232.5,234.3,57.9,57,57,0,0,0,0,0,0,0,0,0,0,0,0,0,0,0,0,0,65,0,OK
8时49分27秒,46/79 静置,543.63,26.04,14153.46,550.05,26.02,14309.81,546.02,11.99,6549.06,550.19,11.97,6588.35,65,66.3,65.6,545.6,11.2,547.6,11.1,544.9,0,547.6,51.4,25.7,25.4,11.9,11.8,25.7,25.4,11.9,11.8,230.9,232.5,234.3,57.9,57,57,0,0,0,0,0,0,0,0,0,0,0,0,0,0,0,0,0,65,0,OK
8时49分32秒,46/79 静置,543.9,26.15,14221.16,548.13,26.02,14262.72,544.65,12.03,6554.47,549.1,12,6590.24,65,66.3,65.6,540.8,11,546.8,11.2,544.5,0,546.9,51.4,25.8,25.4,11.9,11.8,25.8,25.4,11.9,11.8,230.5,232.3,234,58.1,57.2,57,0,0,0,0,0,0,0,0,0,0,0,0,0,0,0,0,0,65,0,OK
8时49分37秒,46/79 静置,543.9,26.15,14221.16,548.13,26.02,14262.72,544.65,12.03,6554.47,549.1,12,6590.24,65,66.3,65.6,540.8,11,546.8,11.2,544.5,0,546.9,51.4,25.8,25.4,11.9,11.8,25.8,25.4,11.9,11.8,230.5,232.3,234,58.1,57.2,57,0,0,0,0,0,0,0,0,0,0,0,0,0,0,0,0,0,65,0,OK
8时49分42秒,46/79 静置,550.21,25.81,14201.63,548.95,25.98,14263.16,549.58,11.81,6491.33,551.01,11.59,6387.79,65,66.3,65.6,547,11,547.6,11.1,548.5,0,549.1,51.4,25.5,25.4,11.7,11.6,25.5,25.4,11.7,11.6,230.5,232.4,234.2,58,57,56.9,0,0,0,0,0,0,0,0,0,0,0,0,0,0,0,0,0,65,0,OK
8时49分47秒,46/79 静置,550.21,25.81,14201.63,548.95,25.98,14263.16,549.58,11.81,6491.33,551.01,11.59,6387.79,65,66.3,65.6,547,11,547.6,11.1,548.5,0,549.1,51.4,25.5,25.4,11.7,11.6,25.5,25.4,11.7,11.6,230.5,232.4,234.2,58,57,56.9,0,0,0,0,0,0,0,0,0,0,0,0,0,0,0,0,0,65,0,OK
8时49分52秒,46/79 静置,549.11,25.91,14225.9,550.87,25.61,14109.52,551.76,11.65,6428.25,549.1,11.95,6559.14,65,66.3,65.6,546.3,10.9,548.8,10.9,549,0,547.9,51.4,25.6,25.1,11.7,11.7,25.6,25.1,11.7,11.7,230.5,232.2,233.9,57.5,56.6,57,0,0,0,0,0,0,0,0,0,0,0,0,0,0,0,0,0,65,0,OK
8时49分57秒,46/79 静置,549.11,25.91,14225.9,550.87,25.61,14109.52,551.76,11.65,6428.25,549.1,11.95,6559.14,65,66.3,65.6,546.3,10.9,548.8,10.9,549,0,547.9,51.4,25.6,25.1,11.7,11.7,25.6,25.1,11.7,11.7,230.5,232.2,233.9,57.5,56.6,57,0,0,0,0,0,0,0,0,0,0,0,0,0,0,0,0,0,65,0,OK
8时50分02秒,46/79 静置,543.63,26,14133.82,545.67,26.01,14193.91,548.48,11.95,6553.94,549.1,11.95,6559.14,65,66.3,65.5,546.3,10.9,547.1,11.2,547.7,0,547.8,51.4,25.6,25.4,11.9,11.8,25.6,25.4,11.9,11.8,230.3,232.1,233.7,58.3,57.3,57.2,0,0,0,0,0,0,0,0,0,0,0,0,0,0,0,0,0,65,0,OK
8时50分07秒,46/79 静置,543.63,26,14133.82,545.67,26.01,14193.91,548.48,11.95,6553.94,549.1,11.95,6559.14,65,66.3,65.5,546.3,10.9,547.1,11.2,547.7,0,547.8,51.4,25.6,25.4,11.9,11.8,25.6,25.4,11.9,11.8,230.3,232.1,233.7,58.3,57.3,57.2,0,0,0,0,0,0,0,0,0,0,0,0,0,0,0,0,0,65,0,OK
8时50分12秒,46/79 静置,549.38,26.01,14289.85,546.77,26.04,14237.85,543.83,12.04,6545.14,549.1,11.82,6491.58,65,66.3,65.5,547.2,10.9,545.4,11.2,544.9,0,548.8,51.4,25.6,25.5,11.9,11.7,25.6,25.5,11.9,11.7,230.3,232.2,233.7,58.2,57.2,57.2,0,0,0,0,0,0,0,0,0,0,0,0,0,0,0,0,0,65,0,OK
8时50分17秒,46/79 静置,549.38,26.01,14289.85,546.77,26.04,14237.85,543.83,12.04,6545.14,549.1,11.82,6491.58,65,66.3,65.5,547.2,10.9,545.4,11.2,544.9,0,548.8,51.4,25.6,25.5,11.9,11.7,25.6,25.5,11.9,11.7,230.3,232.2,233.7,58.2,57.2,57.2,0,0,0,0,0,0,0,0,0,0,0,0,0,0,0,0,0,65,0,OK
8时50分22秒,46/79 静置,549.38,25.96,14264.1,550.59,25.62,14103.59,551.49,11.72,6463.3,547.73,12,6572.73,65,66.3,65.5,546.9,11,549.5,11.2,549.1,0,546.2,51.4,25.6,25.2,11.7,11.8,25.6,25.2,11.7,11.8,230.5,232.2,233.8,57.8,56.9,57.2,0,0,0,0,0,0,0,0,0,0,0,0,0,0,0,0,0,65,0,OK
8时50分27秒,46/79 静置,549.38,25.96,14264.1,550.59,25.62,14103.59,551.49,11.72,6463.3,547.73,12,6572.73,65,66.3,65.5,546.9,11,549.5,11.2,549.1,0,546.2,51.4,25.6,25.2,11.7,11.8,25.6,25.2,11.7,11.8,230.5,232.2,233.8,57.8,56.9,57.2,0,0,0,0,0,0,0,0,0,0,0,0,0,0,0,0,0,65,0,OK
8时50分32秒,46/79 静置,548.83,26,14267.57,546.77,26.06,14247.99,550.67,11.94,6575.76,549.37,11.99,6585.48,65,66.3,65.5,546.3,11.1,546.7,11.1,547.4,0,547.2,51.4,25.7,25.5,11.9,11.8,25.7,25.5,11.9,11.8,230.6,232.3,233.7,58.2,57.2,57,0,0,0,0,0,0,0,0,0,0,0,0,0,0,0,0,0,65,0,OK
8时50分37秒,46/79 静置,548.83,26,14267.57,546.77,26.06,14247.99,550.67,11.94,6575.76,549.37,11.99,6585.48,65,66.3,65.5,546.3,11.1,546.7,11.1,547.4,0,547.2,51.4,25.7,25.5,11.9,11.8,25.7,25.5,11.9,11.8,230.6,232.3,233.7,58.2,57.2,57,0,0,0,0,0,0,0,0,0,0,0,0,0,0,0,0,0,65,0,OK
8时50分42秒,46/79 静置,549.11,26.01,14281.67,550.59,25.82,14218.12,546.57,12,6556.69,546.63,12.01,6563.32,65,66.3,65.5,546,10.9,547.6,11.3,546.8,0,546.7,51.4,25.7,25.4,11.9,11.8,25.7,25.4,11.9,11.8,230.4,232.3,233.8,58.2,57.3,57.2,0,0,0,0,0,0,0,0,0,0,0,0,0,0,0,0,0,65,0,OK
8时50分47秒,46/79 静置,549.11,26.01,14281.67,550.59,25.82,14218.12,546.57,12,6556.69,546.63,12.01,6563.32,65,66.3,65.5,546,10.9,547.6,11.3,546.8,0,546.7,51.4,25.7,25.4,11.9,11.8,25.7,25.4,11.9,11.8,230.4,232.3,233.8,58.2,57.3,57.2,0,0,0,0,0,0,0,0,0,0,0,0,0,0,0,0,0,65,0,OK
8时50分52秒,46/79 静置,549.66,25.94,14256.73,545.4,26.05,14208.64,547.39,11.95,6542.47,547.45,11.99,6565.17,65,66.3,65.5,547.5,11,547.1,11.1,547.6,0,547.6,51.4,25.5,25.4,11.8,11.8,25.5,25.4,11.8,11.8,230.6,232.4,234.1,58.1,57.2,57,0,0,0,0,0,0,0,0,0,0,0,0,0,0,0,0,0,65,0,OK
8时50分57秒,46/79 静置,549.66,25.94,14256.73,545.4,26.05,14208.64,547.39,11.95,6542.47,547.45,11.99,6565.17,65,66.3,65.5,547.5,11,547.1,11.1,547.6,0,547.6,51.4,25.5,25.4,11.8,11.8,25.5,25.4,11.8,11.8,230.6,232.4,234.1,58.1,57.2,57,0,0,0,0,0,0,0,0,0,0,0,0,0,0,0,0,0,65,0,OK
8时51分02秒,46/79 静置,545.27,26.05,14205.86,541.03,26.16,14154.42,546.84,12,6561.03,546.36,12.02,6564.84,65,66.3,65.5,544.5,11,542.8,10.9,546.7,0,545.8,51.4,25.7,25.5,11.9,11.8,25.7,25.5,11.9,11.8,230.6,232.5,234,58.1,57.1,57.1,0,0,0,0,0,0,0,0,0,0,0,0,0,0,0,0,0,65,0,OK
8时51分07秒,46/79 静置,545.27,26.05,14205.86,541.03,26.16,14154.42,546.84,12,6561.03,546.36,12.02,6564.84,65,66.3,65.5,544.5,11,542.8,10.9,546.7,0,545.8,51.4,25.7,25.5,11.9,11.8,25.7,25.5,11.9,11.8,230.6,232.5,234,58.1,57.1,57.1,0,0,0,0,0,0,0,0,0,0,0,0,0,0,0,0,0,65,0,OK
8时51分12秒,46/79 静置,548.83,26,14270.78,549.5,25.82,14186.65,546.57,11.99,6552.95,546.36,11.96,6536.56,66,66.3,65.5,546.2,11,549,10.9,547.7,0,547.8,51.4,25.7,25.3,11.9,11.7,25.7,25.3,11.9,11.7,230.5,232.6,234.3,58.1,57.2,57.1,0,0,0,0,0,0,0,0,0,0,0,0,0,0,0,0,0,66,0,OK
8时51分17秒,46/79 静置,548.83,26,14270.78,549.5,25.82,14186.65,546.57,11.99,6552.95,546.36,11.96,6536.56,66,66.3,65.5,546.2,11,549,10.9,547.7,0,547.8,51.4,25.7,25.3,11.9,11.7,25.7,25.3,11.9,11.7,230.5,232.6,234.3,58.1,57.2,57.1,0,0,0,0,0,0,0,0,0,0,0,0,0,0,0,0,0,66,0,OK
8时51分22秒,46/79 静置,546.09,26.09,14248.06,547.31,26.05,14256.34,547.66,12,6571.95,547.18,12,6566.69,66,66.3,65.5,542.7,11,547.1,11.1,546.2,0,546.6,51.4,25.8,25.4,11.9,11.8,25.8,25.4,11.9,11.8,230.2,232.3,234,58.2,57.2,57.2,0,0,0,0,0,0,0,0,0,0,0,0,0,0,0,0,0,66,0,OK
8时51分27秒,46/79 静置,546.09,26.09,14248.06,547.31,26.05,14256.34,547.66,12,6571.95,547.18,12,6566.69,66,66.3,65.5,542.7,11,547.1,11.1,546.2,0,546.6,51.4,25.8,25.4,11.9,11.8,25.8,25.4,11.9,11.8,230.2,232.3,234,58.2,57.2,57.2,0,0,0,0,0,0,0,0,0,0,0,0,0,0,0,0,0,66,0,OK
8时51分32秒,46/79 静置,548.56,25.96,14241.68,548.68,26.02,14278.56,549.58,11.97,6576.13,545.54,12.03,6562.42,66,66.3,65.5,547.4,10.9,548.3,11,547.3,0,544.6,51.4,25.6,25.4,11.9,11.8,25.6,25.4,11.9,11.8,230.1,232.3,234,58.2,57.2,57.2,0,0,0,0,0,0,0,0,0,0,0,0,0,0,0,0,0,66,0,OK
8时51分37秒,46/79 静置,548.56,25.96,14241.68,548.68,26.02,14278.56,549.58,11.97,6576.13,545.54,12.03,6562.42,66,66.3,65.5,547.4,10.9,548.3,11,547.3,0,544.6,51.4,25.6,25.4,11.9,11.8,25.6,25.4,11.9,11.8,230.1,232.3,234,58.2,57.2,57.2,0,0,0,0,0,0,0,0,0,0,0,0,0,0,0,0,0,66,0,OK
8时51分42秒,46/79 静置,548.83,25.94,14237.01,548.41,26,14257.52,548.76,12,6582.39,549.37,11.95,6564.02,66,66.3,65.5,547.7,11,548.9,11,546.9,0,548.6,51.4,25.5,25.3,11.9,11.7,25.5,25.3,11.9,11.7,230.3,232.4,234.1,58.2,57.3,57.2,0,0,0,0,0,0,0,0,0,0,0,0,0,0,0,0,0,66,0,OK
8时51分47秒,46/79 静置,548.83,25.94,14237.01,548.41,26,14257.52,548.76,12,6582.39,549.37,11.95,6564.02,66,66.3,65.5,547.7,11,548.9,11,546.9,0,548.6,51.4,25.5,25.3,11.9,11.7,25.5,25.3,11.9,11.7,230.3,232.4,234.1,58.2,57.3,57.2,0,0,0,0,0,0,0,0,0,0,0,0,0,0,0,0,0,66,0,OK
8时51分52秒,46/79 静置,548.01,26.02,14259.03,548.41,26.05,14284.83,538.64,12.07,6502.6,549.1,11.99,6585.42,66,66.3,65.6,546,10.9,546.4,10.9,540.9,0,547.4,51.4,25.7,25.5,12,11.8,25.7,25.5,12,11.8,230.3,232.4,234.1,58.2,57.2,57.1,0,0,0,0,0,0,0,0,0,0,0,0,0,0,0,0,0,66,0,OK
8时51分57秒,46/79 静置,548.01,26.02,14259.03,548.41,26.05,14284.83,538.64,12.07,6502.6,549.1,11.99,6585.42,66,66.3,65.6,546,10.9,546.4,10.9,540.9,0,547.4,51.4,25.7,25.5,12,11.8,25.7,25.5,12,11.8,230.3,232.4,234.1,58.2,57.2,57.1,0,0,0,0,0,0,0,0,0,0,0,0,0,0,0,0,0,66,0,OK
8时52分02秒,46/79 静置,549.66,25.93,14253.51,547.59,25.97,14219.61,545.47,12.01,6552.09,543.34,12.04,6542.95,66,66.3,65.6,546.4,10.9,548.2,11,546,0,544.4,51.4,25.6,25.4,11.9,11.8,25.6,25.4,11.9,11.8,230.1,232,234.1,58.2,57.2,57.2,0,0,0,0,0,0,0,0,0,0,0,0,0,0,0,0,0,66,0,OK
8时52分07秒,46/79 静置,549.66,25.93,14253.51,547.59,25.97,14219.61,545.47,12.01,6552.09,543.34,12.04,6542.95,66,66.3,65.6,546.4,10.9,548.2,11,546,0,544.4,51.4,25.6,25.4,11.9,11.8,25.6,25.4,11.9,11.8,230.1,232,234.1,58.2,57.2,57.2,0,0,0,0,0,0,0,0,0,0,0,0,0,0,0,0,0,66,0,OK
8时52分12秒,46/79 静置,546.92,26.03,14233.73,547.31,26.03,14245.65,548.21,12,6579.58,548,12,6574.42,66,66.3,65.6,546.5,10.9,547.7,11,546.1,0,547.9,51.4,25.6,25.4,11.9,11.7,25.6,25.4,11.9,11.7,230.4,232.1,234.2,58.2,57.2,57.1,0,0,0,0,0,0,0,0,0,0,0,0,0,0,0,0,0,66,0,OK
8时52分17秒,46/79 静置,546.92,26.03,14233.73,547.31,26.03,14245.65,548.21,12,6579.58,548,12,6574.42,66,66.3,65.6,546.5,10.9,547.7,11,546.1,0,547.9,51.4,25.6,25.4,11.9,11.7,25.6,25.4,11.9,11.7,230.4,232.1,234.2,58.2,57.2,57.1,0,0,0,0,0,0,0,0,0,0,0,0,0,0,0,0,0,66,0,OK
8时52分22秒,46/79 静置,548.01,26.02,14259.57,547.59,26.05,14264.53,549.3,12,6590.02,551.01,11.9,6555.14,66,66.3,65.7,544.6,10.9,545.7,11.1,547.2,0,549.1,51.4,25.7,25.5,11.9,11.7,25.7,25.5,11.9,11.7,230.6,232.5,234.3,58.1,57.1,57,0,0,0,0,0,0,0,0,0,0,0,0,0,0,0,0,0,66,0,OK
8时52分27秒,46/79 静置,548.01,26.02,14259.57,547.59,26.05,14264.53,549.3,12,6590.02,551.01,11.9,6555.14,66,66.3,65.7,544.6,10.9,545.7,11.1,547.2,0,549.1,51.4,25.7,25.5,11.9,11.7,25.7,25.5,11.9,11.7,230.6,232.5,234.3,58.1,57.1,57,0,0,0,0,0,0,0,0,0,0,0,0,0,0,0,0,0,66,0,OK
8时52分32秒,46/79 静置,549.11,25.86,14199.09,547.86,25.98,14231.53,550.4,11.81,6498.86,548,11.95,6550.34,66,66.3,65.7,547.8,11,548.3,11,549,0,549,51.4,25.5,25.4,11.8,11.7,25.5,25.4,11.8,11.7,230.6,232.6,234.5,58.1,57.2,57.1,0,0,0,0,0,0,0,0,0,0,0,0,0,0,0,0,0,66,0,OK
8时52分37秒,46/79 静置,549.11,25.86,14199.09,547.86,25.98,14231.53,550.4,11.81,6498.86,548,11.95,6550.34,66,66.3,65.7,547.8,11,548.3,11,549,0,549,51.4,25.5,25.4,11.8,11.7,25.5,25.4,11.8,11.7,230.6,232.6,234.5,58.1,57.2,57.1,0,0,0,0,0,0,0,0,0,0,0,0,0,0,0,0,0,66,0,OK
8时52分42秒,46/79 静置,546.37,26.04,14225.34,549.77,25.96,14269.95,547.39,11.98,6557.97,547.45,12,6569.45,66,66.3,65.7,545.8,10.9,547.9,11.1,547.4,0,546.4,51.4,25.7,25.4,11.9,11.8,25.7,25.4,11.9,11.8,230.2,232.2,234.3,58.2,57.3,57.1,0,0,0,0,0,0,0,0,0,0,0,0,0,0,0,0,0,66,0,OK
8时52分47秒,46/79 静置,546.37,26.04,14225.34,549.77,25.96,14269.95,547.39,11.98,6557.97,547.45,12,6569.45,66,66.3,65.7,545.8,10.9,547.9,11.1,547.4,0,546.4,51.4,25.7,25.4,11.9,11.8,25.7,25.4,11.9,11.8,230.2,232.2,234.3,58.2,57.3,57.1,0,0,0,0,0,0,0,0,0,0,0,0,0,0,0,0,0,66,0,OK
8时52分52秒,46/79 静置,549.38,25.92,14241.57,549.23,25.98,14267.02,546.29,11.98,6545.94,549.65,11.89,6537.24,66,66.3,65.7,546.9,10.9,548.4,11.2,547.1,0,546.7,51.4,25.6,25.4,11.9,11.8,25.6,25.4,11.9,11.8,230.3,232.1,234,58.2,57.3,57.2,0,0,0,0,0,0,0,0,0,0,0,0,0,0,0,0,0,66,0,OK
8时52分57秒,46/79 静置,549.38,25.92,14241.57,549.23,25.98,14267.02,546.29,11.98,6545.94,549.65,11.89,6537.24,66,66.3,65.7,546.9,10.9,548.4,11.2,547.1,0,546.7,51.4,25.6,25.4,11.9,11.8,25.6,25.4,11.9,11.8,230.3,232.1,234,58.2,57.3,57.2,0,0,0,0,0,0,0,0,0,0,0,0,0,0,0,0,0,66,0,OK
8时53分02秒,46/79 静置,549.66,25.96,14270.15,541.85,26.02,14099.15,550.4,11.95,6578.41,548.82,11.99,6580.52,66,66.4,65.8,546.6,11,548.1,11,547.2,0,545.7,51.4,25.6,25.4,11.9,11.8,25.6,25.4,11.9,11.8,230.5,231.9,234.1,58.2,57.2,57.2,0,0,0,0,0,0,0,0,0,0,0,0,0,0,0,0,0,66,0,OK
8时53分07秒,46/79 静置,549.66,25.96,14270.15,541.85,26.02,14099.15,550.4,11.95,6578.41,548.82,11.99,6580.52,66,66.4,65.8,546.6,11,548.1,11,547.2,0,545.7,51.4,25.6,25.4,11.9,11.8,25.6,25.4,11.9,11.8,230.5,231.9,234.1,58.2,57.2,57.2,0,0,0,0,0,0,0,0,0,0,0,0,0,0,0,0,0,66,0,OK
8时53分12秒,46/79 静置,538.42,26.29,14153.58,539.66,26.22,14151.87,537.27,12.08,6488.73,544.99,11.93,6499.94,66,66.4,65.8,535.9,11.1,542.1,11,539.1,0,547,51.4,25.9,25.6,12,11.7,25.9,25.6,12,11.7,230.6,232.3,234.2,57.7,56.8,56.9,0,0,0,0,0,0,0,0,0,0,0,0,0,0,0,0,0,66,0,OK
8时53分17秒,46/79 静置,538.42,26.29,14153.58,539.66,26.22,14151.87,537.27,12.08,6488.73,544.99,11.93,6499.94,66,66.4,65.8,535.9,11.1,542.1,11,539.1,0,547,51.4,25.9,25.6,12,11.7,25.9,25.6,12,11.7,230.6,232.3,234.2,57.7,56.8,56.9,0,0,0,0,0,0,0,0,0,0,0,0,0,0,0,0,0,66,0,OK
8时53分22秒,46/79 静置,546.92,26.03,14233.73,544.31,26.04,14171.67,544.38,12.02,6543.73,543.89,12.02,6538.93,66,66.4,65.8,545.8,11.1,547.2,11.1,545.6,0,545.5,51.4,25.7,25.4,11.9,11.8,25.7,25.4,11.9,11.8,230.6,232.3,234.1,58.1,57.2,57,0,0,0,0,0,0,0,0,0,0,0,0,0,0,0,0,0,66,0,OK
8时53分27秒,46/79 静置,546.92,26.03,14233.73,544.31,26.04,14171.67,544.38,12.02,6543.73,543.89,12.02,6538.93,66,66.4,65.8,545.8,11.1,547.2,11.1,545.6,0,545.5,51.4,25.7,25.4,11.9,11.8,25.7,25.4,11.9,11.8,230.6,232.3,234.1,58.1,57.2,57,0,0,0,0,0,0,0,0,0,0,0,0,0,0,0,0,0,66,0,OK
8时53分32秒,46/79 静置,549.11,25.95,14248.96,548.95,25.92,14230.46,547.66,12,6573.55,547.45,12.01,6572.66,66,66.4,65.9,546.6,10.9,549.3,11.1,546.7,0,545.5,51.4,25.7,25.3,11.9,11.8,25.7,25.3,11.9,11.8,230.5,232.1,234.2,58.2,57.3,57.1,0,0,0,0,0,0,0,0,0,0,0,0,0,0,0,0,0,66,0,OK
8时53分37秒,46/79 静置,549.11,25.95,14248.96,548.95,25.92,14230.46,547.66,12,6573.55,547.45,12.01,6572.66,66,66.4,65.9,546.6,10.9,549.3,11.1,546.7,0,545.5,51.4,25.7,25.3,11.9,11.8,25.7,25.3,11.9,11.8,230.5,232.1,234.2,58.2,57.3,57.1,0,0,0,0,0,0,0,0,0,0,0,0,0,0,0,0,0,66,0,OK
8时53分42秒,46/79 静置,545,26.11,14227.46,549.23,26,14278.82,548.21,11.95,6550.13,547.45,12,6571.05,66,66.5,65.9,543.4,11,547.9,11.1,548.1,0,547.1,51.4,25.7,25.4,11.8,11.8,25.7,25.4,11.8,11.8,230.6,232.3,234.2,58.1,57.2,57.1,0,0,0,0,0,0,0,0,0,0,0,0,0,0,0,0,0,66,0,OK
8时53分47秒,46/79 静置,545,26.11,14227.46,549.23,26,14278.82,548.21,11.95,6550.13,547.45,12,6571.05,66,66.5,65.9,543.4,11,547.9,11.1,548.1,0,547.1,51.4,25.7,25.4,11.8,11.8,25.7,25.4,11.8,11.8,230.6,232.3,234.2,58.1,57.2,57.1,0,0,0,0,0,0,0,0,0,0,0,0,0,0,0,0,0,66,0,OK
8时53分52秒,46/79 静置,546.92,26.01,14224.65,549.23,25.98,14270.24,548.76,11.96,6563.63,550.47,11.81,6501.85,66,66.5,65.9,546.8,10.8,548.8,11,549,0,550,51.4,25.6,25.4,11.8,11.6,25.6,25.4,11.8,11.6,230.2,232.1,234,58.3,57.3,57.1,0,0,0,0,0,0,0,0,0,0,0,0,0,0,0,0,0,66,0,OK
8时53分57秒,46/79 静置,546.92,26.01,14224.65,549.23,25.98,14270.24,548.76,11.96,6563.63,550.47,11.81,6501.85,66,66.5,65.9,546.8,10.8,548.8,11,549,0,550,51.4,25.6,25.4,11.8,11.6,25.6,25.4,11.8,11.6,230.2,232.1,234,58.3,57.3,57.1,0,0,0,0,0,0,0,0,0,0,0,0,0,0,0,0,0,66,0,OK
8时54分02秒,46/79 静置,549.11,26.02,14285.42,548.41,25.93,14222.71,547.39,12,6570.8,547.73,11.94,6540.64,66,66.5,65.9,544.9,10.9,548.8,11.2,546.7,0,549.3,51.4,25.7,25.4,11.9,11.6,25.7,25.4,11.9,11.6,230.4,232.2,234.3,58.2,57.3,57.1,0,0,0,0,0,0,0,0,0,0,0,0,0,0,0,0,0,66,0,OK
8时54分07秒,46/79 静置,549.11,26.02,14285.42,548.41,25.93,14222.71,547.39,12,6570.8,547.73,11.94,6540.64,66,66.5,65.9,544.9,10.9,548.8,11.2,546.7,0,549.3,51.4,25.7,25.4,11.9,11.6,25.7,25.4,11.9,11.6,230.4,232.2,234.3,58.2,57.3,57.1,0,0,0,0,0,0,0,0,0,0,0,0,0,0,0,0,0,66,0,OK
8时54分12秒,46/79 静置,549.38,25.9,14228.69,548.95,26.01,14279.24,550.4,11.92,6562.82,547.45,11.97,6554.48,66,66.5,65.9,548.4,10.9,547.8,11,549.1,0,549.1,51.4,25.4,25.4,11.8,11.7,25.4,25.4,11.8,11.7,230.4,232.3,234.2,58.2,57.2,57.1,0,0,0,0,0,0,0,0,0,0,0,0,0,0,0,0,0,66,0,OK
8时54分17秒,46/79 静置,549.38,25.9,14228.69,548.95,26.01,14279.24,550.4,11.92,6562.82,547.45,11.97,6554.48,66,66.5,65.9,548.4,10.9,547.8,11,549.1,0,549.1,51.4,25.4,25.4,11.8,11.7,25.4,25.4,11.8,11.7,230.4,232.3,234.2,58.2,57.2,57.1,0,0,0,0,0,0,0,0,0,0,0,0,0,0,0,0,0,66,0,OK
8时54分22秒,46/79 静置,547.19,26.03,14245.15,550.32,25.91,14256.2,548.48,11.93,6544.83,547.45,12,6569.98,66,66.6,66,545.2,11.1,547.5,11.2,548.5,0,547.3,51.4,25.7,25.4,11.8,11.8,25.7,25.4,11.8,11.8,230.3,232.3,234,58.1,57.2,57.1,0,0,0,0,0,0,0,0,0,0,0,0,0,0,0,0,0,66,0,OK
8时54分27秒,46/79 静置,547.19,26.03,14245.15,550.32,25.91,14256.2,548.48,11.93,6544.83,547.45,12,6569.98,66,66.6,66,545.2,11.1,547.5,11.2,548.5,0,547.3,51.4,25.7,25.4,11.8,11.8,25.7,25.4,11.8,11.8,230.3,232.3,234,58.1,57.2,57.1,0,0,0,0,0,0,0,0,0,0,0,0,0,0,0,0,0,66,0,OK
8时54分32秒,46/79 静置,549.66,25.94,14260.49,549.5,25.95,14260.71,546.29,12,6555.54,548.82,11.92,6544.07,66,66.6,66,547.3,10.9,549.2,10.8,547.2,0,549.1,51.4,25.6,25.2,11.9,11.7,25.6,25.2,11.9,11.7,230.2,232.1,233.9,58.2,57.2,57.1,0,0,0,0,0,0,0,0,0,0,0,0,0,0,0,0,0,66,0,OK
8时54分37秒,46/79 静置,549.66,25.94,14260.49,549.5,25.95,14260.71,546.29,12,6555.54,548.82,11.92,6544.07,66,66.6,66,547.3,10.9,549.2,10.8,547.2,0,549.1,51.4,25.6,25.2,11.9,11.7,25.6,25.2,11.9,11.7,230.2,232.1,233.9,58.2,57.2,57.1,0,0,0,0,0,0,0,0,0,0,0,0,0,0,0,0,0,66,0,OK
8时54分42秒,46/79 静置,547.19,26.01,14231.79,544.58,26.07,14197.9,543.83,12.04,6546.2,547.73,12,6572.2,66,66.6,66.1,545.8,11.2,544.7,11.1,543.4,0,546.5,51.4,25.7,25.5,11.9,11.8,25.7,25.5,11.9,11.8,230.4,232.3,234.1,58.1,57.2,57.1,0,0,0,0,0,0,0,0,0,0,0,0,0,0,0,0,0,66,0,OK
8时54分47秒,46/79 静置,547.19,26.01,14231.79,544.58,26.07,14197.9,543.83,12.04,6546.2,547.73,12,6572.2,66,66.6,66.1,545.8,11.2,544.7,11.1,543.4,0,546.5,51.4,25.7,25.5,11.9,11.8,25.7,25.5,11.9,11.8,230.4,232.3,234.1,58.1,57.2,57.1,0,0,0,0,0,0,0,0,0,0,0,0,0,0,0,0,0,66,0,OK
8时54分52秒,46/79 静置,546.37,26.04,14225.87,544.31,26.13,14221.63,549.03,11.98,6579.77,545.81,12.02,6561.45,66,66.7,66.1,546.7,10.9,542.4,11.2,547.8,0,543.7,51.4,25.6,25.6,11.9,11.8,25.6,25.6,11.9,11.8,230.5,232.3,233.9,58.2,57.2,57.1,0,0,0,0,0,0,0,0,0,0,0,0,0,0,0,0,0,66,0,OK
8时54分57秒,46/79 静置,546.37,26.04,14225.87,544.31,26.13,14221.63,549.03,11.98,6579.77,545.81,12.02,6561.45,66,66.7,66.1,546.7,10.9,542.4,11.2,547.8,0,543.7,51.4,25.6,25.6,11.9,11.8,25.6,25.6,11.9,11.8,230.5,232.3,233.9,58.2,57.2,57.1,0,0,0,0,0,0,0,0,0,0,0,0,0,0,0,0,0,66,0,OK
8时55分02秒,46/79 静置,547.46,26,14231.41,550.87,25.98,14311.79,542.19,11.95,6478.27,548.28,11.98,6569.13,67,66.7,66.2,546.5,10.8,547.8,11,546.5,0,544.9,51.4,25.6,25.4,11.9,11.8,25.6,25.4,11.9,11.8,230.4,231.9,233.9,58.2,57.2,57.1,0,0,0,0,0,0,0,0,0,0,0,0,0,0,0,0,0,67,0,OK
8时55分07秒,46/79 静置,547.46,26,14231.41,550.87,25.98,14311.79,542.19,11.95,6478.27,548.28,11.98,6569.13,67,66.7,66.2,546.5,10.8,547.8,11,546.5,0,544.9,51.4,25.6,25.4,11.9,11.8,25.6,25.4,11.9,11.8,230.4,231.9,233.9,58.2,57.2,57.1,0,0,0,0,0,0,0,0,0,0,0,0,0,0,0,0,0,67,0,OK
8时55分12秒,46/79 静置,544.45,26.11,14214.22,549.77,25.99,14290.35,547.39,12,6568.66,540.06,12.11,6539.23,67,66.7,66.2,542.1,11,547.6,11.2,545.7,0,539.1,51.4,25.8,25.4,11.9,11.9,25.8,25.4,11.9,11.9,230.4,232.2,234,58.2,57.2,57.2,0,0,0,0,0,0,0,0,0,0,0,0,0,0,0,0,0,67,0,OK
8时55分17秒,46/79 静置,544.45,26.11,14214.22,549.77,25.99,14290.35,547.39,12,6568.66,540.06,12.11,6539.23,67,66.7,66.2,542.1,11,547.6,11.2,545.7,0,539.1,51.4,25.8,25.4,11.9,11.9,25.8,25.4,11.9,11.9,230.4,232.2,234,58.2,57.2,57.2,0,0,0,0,0,0,0,0,0,0,0,0,0,0,0,0,0,67,0,OK
8时55分22秒,46/79 静置,543.9,26.13,14214.79,548.13,25.99,14244.52,547.12,12.01,6568.59,550.74,11.85,6526.07,67,66.7,66.2,542,11,548.5,11.2,546.2,0,549,51.4,25.8,25.4,11.9,11.7,25.8,25.4,11.9,11.7,230.3,232.1,233.8,58.2,57.2,57.1,0,0,0,0,0,0,0,0,0,0,0,0,0,0,0,0,0,67,0,OK
8时55分27秒,46/79 静置,543.9,26.13,14214.79,548.13,25.99,14244.52,547.12,12.01,6568.59,550.74,11.85,6526.07,67,66.7,66.2,542,11,548.5,11.2,546.2,0,549,51.4,25.8,25.4,11.9,11.7,25.8,25.4,11.9,11.7,230.3,232.1,233.8,58.2,57.2,57.1,0,0,0,0,0,0,0,0,0,0,0,0,0,0,0,0,0,67,0,OK
8时55分32秒,46/79 静置,548.01,25.98,14234.95,545.4,26.07,14220.36,550.12,11.94,6569.23,549.65,11.98,6583.94,67,66.8,66.2,547.3,10.9,544.8,11.1,548.1,0,548.4,51.4,25.6,25.5,11.9,11.8,25.6,25.5,11.9,11.8,230.5,232.1,234,58.1,57.2,57.1,0,0,0,0,0,0,0,0,0,0,0,0,0,0,0,0,0,67,0,OK
8时55分37秒,46/79 静置,548.01,25.98,14234.95,545.4,26.07,14220.36,550.12,11.94,6569.23,549.65,11.98,6583.94,67,66.8,66.2,547.3,10.9,544.8,11.1,548.1,0,548.4,51.4,25.6,25.5,11.9,11.8,25.6,25.5,11.9,11.8,230.5,232.1,234,58.1,57.2,57.1,0,0,0,0,0,0,0,0,0,0,0,0,0,0,0,0,0,67,0,OK
8时55分42秒,46/79 静置,549.11,26.05,14303.12,546.49,26.09,14255.81,544.11,12.03,6546.82,545.81,12,6552.39,67,66.8,66.2,544.6,11,546,11.2,543.2,0,547.4,51.4,25.7,25.5,11.9,11.8,25.7,25.5,11.9,11.8,230.4,232.1,234.1,58.2,57.3,56.5,0,0,0,0,0,0,0,0,0,0,0,0,0,0,0,0,0,67,0,OK
8时55分47秒,46/79 静置,549.11,26.05,14303.12,546.49,26.09,14255.81,544.11,12.03,6546.82,545.81,12,6552.39,67,66.8,66.2,544.6,11,546,11.2,543.2,0,547.4,51.4,25.7,25.5,11.9,11.8,25.7,25.5,11.9,11.8,230.4,232.1,234.1,58.2,57.3,56.5,0,0,0,0,0,0,0,0,0,0,0,0,0,0,0,0,0,67,0,OK
8时55分52秒,46/79 静置,542.53,26.12,14168.91,542.94,26.05,14141.9,538.37,12.11,6518.24,545.81,11.99,6543.86,67,66.8,66.2,542.4,11.1,545.5,11.1,537.5,0,546.4,51.4,25.8,25.5,12,11.8,25.8,25.5,12,11.8,230.3,232.1,233.9,58,57.2,57,0,0,0,0,0,0,0,0,0,0,0,0,0,0,0,0,0,67,0,OK
8时55分57秒,46/79 静置,542.53,26.12,14168.91,542.94,26.05,14141.9,538.37,12.11,6518.24,545.81,11.99,6543.86,67,66.8,66.2,542.4,11.1,545.5,11.1,537.5,0,546.4,51.4,25.8,25.5,12,11.8,25.8,25.5,12,11.8,230.3,232.1,233.9,58,57.2,57,0,0,0,0,0,0,0,0,0,0,0,0,0,0,0,0,0,67,0,OK
8时56分02秒,46/79 静置,545,26.08,14216.28,548.13,25.95,14226.32,549.03,11.99,6582.45,546.91,12.02,6571.42,67,66.8,66.3,543.3,11,548.4,11,546.5,0,545.2,51.4,25.8,25.4,11.9,11.8,25.8,25.4,11.9,11.8,230.4,232,233.9,58.2,57.4,57.2,0,0,0,0,0,0,0,0,0,0,0,0,0,0,0,0,0,67,0,OK
8时56分07秒,46/79 静置,545,26.08,14216.28,548.13,25.95,14226.32,549.03,11.99,6582.45,546.91,12.02,6571.42,67,66.8,66.3,543.3,11,548.4,11,546.5,0,545.2,51.4,25.8,25.4,11.9,11.8,25.8,25.4,11.9,11.8,230.4,232,233.9,58.2,57.4,57.2,0,0,0,0,0,0,0,0,0,0,0,0,0,0,0,0,0,67,0,OK
8时56分12秒,46/79 静置,546.64,26.07,14251.14,547.86,26.01,14250.79,548.76,12.01,6588.82,547.45,12.02,6578,67,66.8,66.3,544.2,11,548.3,11.1,546.1,0,545.3,51.4,25.7,25.4,11.9,11.8,25.7,25.4,11.9,11.8,230.3,231.9,233.9,58.2,57.3,57.1,0,0,0,0,0,0,0,0,0,0,0,0,0,0,0,0,0,67,0,OK
8时56分17秒,46/79 静置,546.64,26.07,14251.14,547.86,26.01,14250.79,548.76,12.01,6588.82,547.45,12.02,6578,67,66.8,66.3,544.2,11,548.3,11.1,546.1,0,545.3,51.4,25.7,25.4,11.9,11.8,25.7,25.4,11.9,11.8,230.3,231.9,233.9,58.2,57.3,57.1,0,0,0,0,0,0,0,0,0,0,0,0,0,0,0,0,0,67,0,OK
8时56分22秒,46/79 静置,547.19,26.04,14251.02,548.41,25.86,14183.61,543.56,12.03,6540.79,548.28,11.99,6575.02,67,66.8,66.3,545.1,11,548.2,11.1,544.5,0,547.3,51.4,25.7,25.4,11.9,11.8,25.7,25.4,11.9,11.8,230.3,231.9,233.8,58.2,57.4,57.1,0,0,0,0,0,0,0,0,0,0,0,0,0,0,0,0,0,67,0,OK
8时56分27秒,46/79 静置,547.19,26.04,14251.02,548.41,25.86,14183.61,543.56,12.03,6540.79,548.28,11.99,6575.02,67,66.8,66.3,545.1,11,548.2,11.1,544.5,0,547.3,51.4,25.7,25.4,11.9,11.8,25.7,25.4,11.9,11.8,230.3,231.9,233.8,58.2,57.4,57.1,0,0,0,0,0,0,0,0,0,0,0,0,0,0,0,0,0,67,0,OK
8时56分32秒,46/79 静置,548.56,25.97,14248.11,548.95,26.03,14286.75,547.12,11.96,6546.15,550.19,11.92,6557.19,67,66.8,66.3,547.6,10.9,547.2,11.1,546.4,0,548.9,51.4,25.6,25.5,11.9,11.7,25.6,25.5,11.9,11.7,230.5,232.2,233.8,58.1,57,56.9,0,0,0,0,0,0,0,0,0,0,0,0,0,0,0,0,0,67,0,OK
8时56分37秒,46/79 静置,548.56,25.97,14248.11,548.95,26.03,14286.75,547.12,11.96,6546.15,550.19,11.92,6557.19,67,66.8,66.3,547.6,10.9,547.2,11.1,546.4,0,548.9,51.4,25.6,25.5,11.9,11.7,25.6,25.5,11.9,11.7,230.5,232.2,233.8,58.1,57,56.9,0,0,0,0,0,0,0,0,0,0,0,0,0,0,0,0,0,67,0,OK
8时56分42秒,46/79 静置,546.92,26.03,14237.47,546.77,26.01,14221.83,550.67,11.83,6512.84,547.73,11.97,6558.82,67,66.8,66.3,546.7,11,548.5,11.1,549,0,548.7,51.4,25.7,25.4,11.8,11.7,25.7,25.4,11.8,11.7,230.7,232.3,234.2,58.1,57.2,57.1,0,0,0,0,0,0,0,0,0,0,0,0,0,0,0,0,0,67,0,OK
8时56分47秒,46/79 静置,546.92,26.03,14237.47,546.77,26.01,14221.83,550.67,11.83,6512.84,547.73,11.97,6558.82,67,66.8,66.3,546.7,11,548.5,11.1,549,0,548.7,51.4,25.7,25.4,11.8,11.7,25.7,25.4,11.8,11.7,230.7,232.3,234.2,58.1,57.2,57.1,0,0,0,0,0,0,0,0,0,0,0,0,0,0,0,0,0,67,0,OK
8时56分52秒,46/79 静置,545,26.12,14232.78,547.86,25.99,14240.09,543.29,12.04,6542.27,545.81,12.03,6565.18,67,66.8,66.3,542.5,11,547.1,11.3,544.6,0,544.3,51.4,25.8,25.4,11.9,11.8,25.8,25.4,11.9,11.8,230.8,232.6,234.3,58.1,57.2,57,0,0,0,0,0,0,0,0,0,0,0,0,0,0,0,0,0,67,0,OK
8时56分57秒,46/79 静置,545,26.12,14232.78,547.86,25.99,14240.09,543.29,12.04,6542.27,545.81,12.03,6565.18,67,66.8,66.3,542.5,11,547.1,11.3,544.6,0,544.3,51.4,25.8,25.4,11.9,11.8,25.8,25.4,11.9,11.8,230.8,232.6,234.3,58.1,57.2,57,0,0,0,0,0,0,0,0,0,0,0,0,0,0,0,0,0,67,0,OK
8时57分02秒,46/79 静置,549.93,25.94,14267.59,549.5,25.76,14152.84,549.58,11.85,6510.12,549.1,11.92,6545.2,67,66.9,66.3,547,11,549.4,11,549.7,0,549.2,51.4,25.6,25.2,11.7,11.7,25.6,25.2,11.7,11.7,230.7,232.5,234.4,58,57.1,56.9,0,0,0,0,0,0,0,0,0,0,0,0,0,0,0,0,0,67,0,OK
8时57分07秒,46/79 静置,549.93,25.94,14267.59,549.5,25.76,14152.84,549.58,11.85,6510.12,549.1,11.92,6545.2,67,66.9,66.3,547,11,549.4,11,549.7,0,549.2,51.4,25.6,25.2,11.7,11.7,25.6,25.2,11.7,11.7,230.7,232.5,234.4,58,57.1,56.9,0,0,0,0,0,0,0,0,0,0,0,0,0,0,0,0,0,67,0,OK
8时57分12秒,46/79 静置,547.74,25.87,14169.01,549.5,25.96,14266.07,550.12,11.98,6590.18,550.19,11.81,6498.62,67,66.9,66.3,547.6,11,549.2,10.9,547.4,0,549.7,51.4,25.6,25.3,11.9,11.7,25.6,25.3,11.9,11.7,230.5,232.1,234.1,58.2,57.3,57,0,0,0,0,0,0,0,0,0,0,0,0,0,0,0,0,0,67,0,OK
8时57分17秒,46/79 静置,547.74,25.87,14169.01,549.5,25.96,14266.07,550.12,11.98,6590.18,550.19,11.81,6498.62,67,66.9,66.3,547.6,11,549.2,10.9,547.4,0,549.7,51.4,25.6,25.3,11.9,11.7,25.6,25.3,11.9,11.7,230.5,232.1,234.1,58.2,57.3,57,0,0,0,0,0,0,0,0,0,0,0,0,0,0,0,0,0,67,0,OK
8时57分22秒,46/79 静置,549.11,26,14279.53,548.95,26.02,14282.46,547.66,12.01,6575.69,546.36,12.01,6560.04,67,66.9,66.2,547.1,11,547.2,11.2,545.7,0,546.1,51.4,25.6,25.4,11.9,11.8,25.6,25.4,11.9,11.8,230.4,232.4,234.4,58.2,57.2,56.8,0,0,0,0,0,0,0,0,0,0,0,0,0,0,0,0,0,67,0,OK
8时57分27秒,46/79 静置,549.11,26,14279.53,548.95,26.02,14282.46,547.66,12.01,6575.69,546.36,12.01,6560.04,67,66.9,66.2,547.1,11,547.2,11.2,545.7,0,546.1,51.4,25.6,25.4,11.9,11.8,25.6,25.4,11.9,11.8,230.4,232.4,234.4,58.2,57.2,56.8,0,0,0,0,0,0,0,0,0,0,0,0,0,0,0,0,0,67,0,OK
8时57分32秒,46/79 静置,549.38,26.01,14289.85,550.32,26.04,14332.51,546.57,11.98,6546.01,545.81,12.03,6565.18,67,66.9,66.3,546.6,11,546.3,11.1,545.5,0,544.5,51.4,25.6,25.5,11.9,11.8,25.6,25.5,11.9,11.8,230.2,232.3,233.9,58.2,57.2,57.1,0,0,0,0,0,0,0,0,0,0,0,0,0,0,0,0,0,67,0,OK
8时57分37秒,46/79 静置,549.38,26.01,14289.85,550.32,26.04,14332.51,546.57,11.98,6546.01,545.81,12.03,6565.18,67,66.9,66.3,546.6,11,546.3,11.1,545.5,0,544.5,51.4,25.6,25.5,11.9,11.8,25.6,25.5,11.9,11.8,230.2,232.3,233.9,58.2,57.2,57.1,0,0,0,0,0,0,0,0,0,0,0,0,0,0,0,0,0,67,0,OK
8时57分42秒,46/79 静置,542.26,26.14,14173.39,549.5,26.04,14307.93,546.57,11.95,6532.13,541.98,12.05,6530.17,67,66.9,66.3,541.1,11.2,546.8,11.1,546.6,0,543.5,51.4,25.8,25.4,11.9,11.8,25.8,25.4,11.9,11.8,230.4,232.3,234.2,58.1,57.1,56.9,0,0,0,0,0,0,0,0,0,0,0,0,0,0,0,0,0,67,0,OK
8时57分47秒,46/79 静置,542.26,26.14,14173.39,549.5,26.04,14307.93,546.57,11.95,6532.13,541.98,12.05,6530.17,67,66.9,66.3,541.1,11.2,546.8,11.1,546.6,0,543.5,51.4,25.8,25.4,11.9,11.8,25.8,25.4,11.9,11.8,230.4,232.3,234.2,58.1,57.1,56.9,0,0,0,0,0,0,0,0,0,0,0,0,0,0,0,0,0,67,0,OK
8时57分52秒,46/79 静置,550.21,25.82,14206.47,547.86,25.9,14191.94,549.3,11.95,6566.42,550.47,11.87,6535.72,67,66.9,66.3,547.8,10.9,549.2,10.9,548.1,0,548.3,51.4,25.6,25.3,11.9,11.7,25.6,25.3,11.9,11.7,230.5,232.4,234.4,58.1,57.2,57.1,0,0,0,0,0,0,0,0,0,0,0,0,0,0,0,0,0,67,0,OK
8时57分57秒,46/79 静置,550.21,25.82,14206.47,547.86,25.9,14191.94,549.3,11.95,6566.42,550.47,11.87,6535.72,67,66.9,66.3,547.8,10.9,549.2,10.9,548.1,0,548.3,51.4,25.6,25.3,11.9,11.7,25.6,25.3,11.9,11.7,230.5,232.4,234.4,58.1,57.2,57.1,0,0,0,0,0,0,0,0,0,0,0,0,0,0,0,0,0,67,0,OK
8时58分02秒,46/79 静置,549.93,25.98,14287.46,546.22,26.14,14277.48,543.56,12.04,6542.38,545.26,12.03,6558.59,67,66.9,66.3,545.5,11,543.5,11.2,543.9,0,544.2,51.4,25.7,25.5,12,11.8,25.7,25.5,12,11.8,230.5,232.5,234.2,58.1,57.1,57.1,0,0,0,0,0,0,0,0,0,0,0,0,0,0,0,0,0,67,0,OK
8时58分07秒,46/79 静置,549.93,25.98,14287.46,546.22,26.14,14277.48,543.56,12.04,6542.38,545.26,12.03,6558.59,67,66.9,66.3,545.5,11,543.5,11.2,543.9,0,544.2,51.4,25.7,25.5,12,11.8,25.7,25.5,12,11.8,230.5,232.5,234.2,58.1,57.1,57.1,0,0,0,0,0,0,0,0,0,0,0,0,0,0,0,0,0,67,0,OK
8时58分12秒,46/79 静置,546.92,26.01,14223.05,545.4,26,14182.01,549.03,11.98,6576.56,550.19,11.99,6599.1,67,66.9,66.3,546.3,11.1,548,11.1,546.6,0,547.1,51.4,25.7,25.4,11.9,11.8,25.7,25.4,11.9,11.8,230.3,232.3,234.2,58.2,57.2,57,0,0,0,0,0,0,0,0,0,0,0,0,0,0,0,0,0,67,0,OK
8时58分17秒,46/79 静置,546.92,26.01,14223.05,545.4,26,14182.01,549.03,11.98,6576.56,550.19,11.99,6599.1,67,66.9,66.3,546.3,11.1,548,11.1,546.6,0,547.1,51.4,25.7,25.4,11.9,11.8,25.7,25.4,11.9,11.8,230.3,232.3,234.2,58.2,57.2,57,0,0,0,0,0,0,0,0,0,0,0,0,0,0,0,0,0,67,0,OK
8时58分22秒,46/79 静置,545.27,26.05,14205.86,547.04,26.01,14229.99,547.66,11.96,6552.69,545.26,12.02,6552.74,67,66.9,66.3,545.5,11,547.3,11,547,0,546.1,51.4,25.7,25.4,11.9,11.8,25.7,25.4,11.9,11.8,230.3,232.1,234.3,58.2,57.2,57.1,0,0,0,0,0,0,0,0,0,0,0,0,0,0,0,0,0,67,0,OK
8时58分27秒,46/79 静置,545.27,26.05,14205.86,547.04,26.01,14229.99,547.66,11.96,6552.69,545.26,12.02,6552.74,67,66.9,66.3,545.5,11,547.3,11,547,0,546.1,51.4,25.7,25.4,11.9,11.8,25.7,25.4,11.9,11.8,230.3,232.1,234.3,58.2,57.2,57.1,0,0,0,0,0,0,0,0,0,0,0,0,0,0,0,0,0,67,0,OK
8时58分32秒,46/79 静置,549.38,25.93,14245.32,549.77,25.77,14165.79,545.2,12.03,6558.39,545.26,12.02,6554.87,67,67,66.3,546.4,11.1,548.9,11,545.2,0,545.5,51.4,25.6,25.3,11.9,11.8,25.6,25.3,11.9,11.8,230.1,232,233.8,58.2,57.3,57.2,0,0,0,0,0,0,0,0,0,0,0,0,0,0,0,0,0,67,0,OK
8时58分37秒,46/79 静置,549.38,25.93,14245.32,549.77,25.77,14165.79,545.2,12.03,6558.39,545.26,12.02,6554.87,67,67,66.3,546.4,11.1,548.9,11,545.2,0,545.5,51.4,25.6,25.3,11.9,11.8,25.6,25.3,11.9,11.8,230.1,232,233.8,58.2,57.3,57.2,0,0,0,0,0,0,0,0,0,0,0,0,0,0,0,0,0,67,0,OK
8时58分42秒,46/79 静置,550.75,25.67,14139.94,550.32,25.71,14147.1,549.03,11.94,6553.5,547.73,12,6571.66,67,67,66.3,547.5,11,549.5,11,547.3,0,545.2,51.4,25.5,25.2,11.9,11.8,25.5,25.2,11.9,11.8,230,232.1,233.9,58,57.1,57,0,0,0,0,0,0,0,0,0,0,0,0,0,0,0,0,0,67,0,OK
8时58分47秒,46/79 静置,550.75,25.67,14139.94,550.32,25.71,14147.1,549.03,11.94,6553.5,547.73,12,6571.66,67,67,66.3,547.5,11,549.5,11,547.3,0,545.2,51.4,25.5,25.2,11.9,11.8,25.5,25.2,11.9,11.8,230,232.1,233.9,58,57.1,57,0,0,0,0,0,0,0,0,0,0,0,0,0,0,0,0,0,67,0,OK
8时58分52秒,46/79 静置,549.93,25.91,14246.1,550.05,25.96,14279.73,552.31,11.57,6389.32,548.55,11.99,6577.24,67,67,66.3,546.8,11,548.6,11,549.6,0,547.3,51.4,25.6,25.4,11.7,11.8,25.6,25.4,11.7,11.8,229.9,231.9,233.9,57.9,57,56.9,0,0,0,0,0,0,0,0,0,0,0,0,0,0,0,0,0,67,0,OK
8时58分57秒,46/79 静置,549.93,25.91,14246.1,550.05,25.96,14279.73,552.31,11.57,6389.32,548.55,11.99,6577.24,67,67,66.3,546.8,11,548.6,11,549.6,0,547.3,51.4,25.6,25.4,11.7,11.8,25.6,25.4,11.7,11.8,229.9,231.9,233.9,57.9,57,56.9,0,0,0,0,0,0,0,0,0,0,0,0,0,0,0,0,0,67,0,OK
8时59分02秒,46/79 静置,544.18,26.06,14182.08,548.41,26,14258.59,549.03,11.98,6574.95,549.92,11.9,6545.32,67,67,66.4,543.5,11.1,548,11.1,547.4,0,548.2,51.4,25.8,25.4,11.9,11.7,25.8,25.4,11.9,11.7,229.9,232,233.9,58.3,57.4,57.2,0,0,0,0,0,0,0,0,0,0,0,0,0,0,0,0,0,67,0,OK
8时59分07秒,46/79 静置,544.18,26.06,14182.08,548.41,26,14258.59,549.03,11.98,6574.95,549.92,11.9,6545.32,67,67,66.4,543.5,11.1,548,11.1,547.4,0,548.2,51.4,25.8,25.4,11.9,11.7,25.8,25.4,11.9,11.7,229.9,232,233.9,58.3,57.4,57.2,0,0,0,0,0,0,0,0,0,0,0,0,0,0,0,0,0,67,0,OK
8时59分12秒,46/79 静置,548.29,25.96,14235.65,548.95,26.01,14277.63,542.74,12.04,6537.28,549.65,11.89,6534.56,67,67,66.4,547,10.9,547.5,11.1,542.8,0,548.9,51.4,25.7,25.4,12,11.7,25.7,25.4,12,11.7,229.9,232.2,233.8,58.2,57.3,57.2,0,0,0,0,0,0,0,0,0,0,0,0,0,0,0,0,0,67,0,OK
8时59分17秒,46/79 静置,548.29,25.96,14235.65,548.95,26.01,14277.63,542.74,12.04,6537.28,549.65,11.89,6534.56,67,67,66.4,547,10.9,547.5,11.1,542.8,0,548.9,51.4,25.7,25.4,12,11.7,25.7,25.4,12,11.7,229.9,232.2,233.8,58.2,57.3,57.2,0,0,0,0,0,0,0,0,0,0,0,0,0,0,0,0,0,67,0,OK
8时59分22秒,46/79 静置,545,26.05,14196.59,541.85,26.06,14118.73,546.57,12.02,6570.03,546.91,12.01,6569.28,68,67,66.4,545.1,10.9,547.8,11.1,545,0,546.2,51.4,25.7,25.4,12,11.8,25.7,25.4,12,11.8,230.1,232.3,234.2,58.1,57.2,57,0,0,0,0,0,0,0,0,0,0,0,0,0,0,0,0,0,68,0,OK
8时59分27秒,46/79 静置,545,26.05,14196.59,541.85,26.06,14118.73,546.57,12.02,6570.03,546.91,12.01,6569.28,68,67,66.4,545.1,10.9,547.8,11.1,545,0,546.2,51.4,25.7,25.4,12,11.8,25.7,25.4,12,11.8,230.1,232.3,234.2,58.1,57.2,57,0,0,0,0,0,0,0,0,0,0,0,0,0,0,0,0,0,68,0,OK
8时59分32秒,46/79 静置,548.83,26.02,14279.36,550.32,25.48,14022.42,545.2,12.01,6547.21,545.54,12.03,6560.29,68,67.1,66.5,545.8,11.1,549.9,10.8,546.1,0,544.4,51.4,25.7,25,11.9,11.8,25.7,25,11.9,11.8,230.2,232.2,233.9,58,57.3,57.2,0,0,0,0,0,0,0,0,0,0,0,0,0,0,0,0,0,68,0,OK
8时59分37秒,46/79 静置,548.83,26.02,14279.36,550.32,25.48,14022.42,545.2,12.01,6547.21,545.54,12.03,6560.29,68,67.1,66.5,545.8,11.1,549.9,10.8,546.1,0,544.4,51.4,25.7,25,11.9,11.8,25.7,25,11.9,11.8,230.2,232.2,233.9,58,57.3,57.2,0,0,0,0,0,0,0,0,0,0,0,0,0,0,0,0,0,68,0,OK
8时59分42秒,46/79 静置,549.93,25.94,14263.29,547.31,26,14230.68,547.12,11.97,6550.96,548.28,11.94,6546.64,68,67.1,66.5,547.2,10.9,547.6,11.2,547.5,0,547.4,51.4,25.6,25.4,11.9,11.8,25.6,25.4,11.9,11.8,230,232.2,233.7,58.2,57.4,57.3,0,0,0,0,0,0,0,0,0,0,0,0,0,0,0,0,0,68,0,OK
8时59分47秒,46/79 静置,549.93,25.94,14263.29,547.31,26,14230.68,547.12,11.97,6550.96,548.28,11.94,6546.64,68,67.1,66.5,547.2,10.9,547.6,11.2,547.5,0,547.4,51.4,25.6,25.4,11.9,11.8,25.6,25.4,11.9,11.8,230,232.2,233.7,58.2,57.4,57.3,0,0,0,0,0,0,0,0,0,0,0,0,0,0,0,0,0,68,0,OK
8时59分52秒,46/79 静置,542.53,26.03,14120.17,542.39,26.06,14134.01,546.57,12.01,6566.83,548.28,11.94,6548.25,68,67.1,66.5,544.7,11,546.3,11.1,546.6,0,548,51.4,25.7,25.5,11.9,11.7,25.7,25.5,11.9,11.7,230.3,232.1,233.8,58.2,57.3,57.2,0,0,0,0,0,0,0,0,0,0,0,0,0,0,0,0,0,68,0,OK
8时59分58秒,46/79 静置,542.53,26.03,14120.17,542.39,26.06,14134.01,546.57,12.01,6566.83,548.28,11.94,6548.25,68,67.1,66.5,544.7,11,546.3,11.1,546.6,0,548,51.4,25.7,25.5,11.9,11.7,25.7,25.5,11.9,11.7,230.3,232.1,233.8,58.2,57.3,57.2,0,0,0,0,0,0,0,0,0,0,0,0,0,0,0,0,0,68,0,OK
9时00分03秒,46/79 静置,549.66,25.96,14270.69,547.59,25.99,14230.31,547.12,12,6562.71,552.11,11.6,6404.8,68,67.1,66.6,547,11,548.4,11,546.9,0,549.4,51.4,25.6,25.4,11.9,11.6,25.6,25.4,11.9,11.6,230,231.7,233.5,58.1,57.3,57.2,0,0,0,0,0,0,0,0,0,0,0,0,0,0,0,0,0,68,0,OK
9时00分08秒,46/79 静置,549.66,25.96,14270.69,547.59,25.99,14230.31,547.12,12,6562.71,552.11,11.6,6404.8,68,67.1,66.6,547,11,548.4,11,546.9,0,549.4,51.4,25.6,25.4,11.9,11.6,25.6,25.4,11.9,11.6,230,231.7,233.5,58.1,57.3,57.2,0,0,0,0,0,0,0,0,0,0,0,0,0,0,0,0,0,68,0,OK
9时00分13秒,46/79 静置,549.66,25.89,14228.29,548.95,25.96,14252.44,548.76,12,6584.53,548.55,11.96,6561.71,68,67.2,66.6,546.6,10.8,548.6,11.1,546.9,0,547.6,51.4,25.6,25.3,11.9,11.8,25.6,25.3,11.9,11.8,230,232.2,233.7,58,57.3,57.2,0,0,0,0,0,0,0,0,0,0,0,0,0,0,0,0,0,68,0,OK
9时00分18秒,46/79 静置,549.66,25.89,14228.29,548.95,25.96,14252.44,548.76,12,6584.53,548.55,11.96,6561.71,68,67.2,66.6,546.6,10.8,548.6,11.1,546.9,0,547.6,51.4,25.6,25.3,11.9,11.8,25.6,25.3,11.9,11.8,230,232.2,233.7,58,57.3,57.2,0,0,0,0,0,0,0,0,0,0,0,0,0,0,0,0,0,68,0,OK
9时00分23秒,46/79 静置,548.01,26.01,14254.75,548.41,26.01,14263.41,551.22,11.76,6482.71,547.73,11.97,6555.61,68,67.2,66.6,546.3,10.9,547.3,11.1,548.3,0,548.4,51.4,25.7,25.5,11.8,11.7,25.7,25.5,11.8,11.7,230.1,232.4,233.8,58.2,57,56.9,0,0,0,0,0,0,0,0,0,0,0,0,0,0,0,0,0,68,0,OK
9时00分28秒,46/79 静置,548.01,26.01,14254.75,548.41,26.01,14263.41,551.22,11.76,6482.71,547.73,11.97,6555.61,68,67.2,66.6,546.3,10.9,547.3,11.1,548.3,0,548.4,51.4,25.7,25.5,11.8,11.7,25.7,25.5,11.8,11.7,230.1,232.4,233.8,58.2,57,56.9,0,0,0,0,0,0,0,0,0,0,0,0,0,0,0,0,0,68,0,OK
9时00分33秒,46/79 静置,548.56,26.04,14283.47,551.96,25.14,13875,550.94,11.58,6377.27,548.82,11.98,6576.23,68,67.2,66.6,546.2,11.1,550.3,10.9,549.9,0,547.8,51.4,25.6,24.8,11.6,11.7,25.6,24.8,11.6,11.7,230.1,232.2,233.5,57.4,57,56.9,0,0,0,0,0,0,0,0,0,0,0,0,0,0,0,0,0,68,0,OK
9时00分38秒,46/79 静置,548.56,26.04,14283.47,551.96,25.14,13875,550.94,11.58,6377.27,548.82,11.98,6576.23,68,67.2,66.6,546.2,11.1,550.3,10.9,549.9,0,547.8,51.4,25.6,24.8,11.6,11.7,25.6,24.8,11.6,11.7,230.1,232.2,233.5,57.4,57,56.9,0,0,0,0,0,0,0,0,0,0,0,0,0,0,0,0,0,68,0,OK
9时00分43秒,46/79 静置,547.74,25.98,14228.38,550.05,25.91,14253.41,546.29,12.02,6566.21,549.37,11.96,6573.14,68,67.2,66.6,546.5,11,548.4,11,546,0,547.4,51.4,25.7,25.3,11.9,11.8,25.7,25.3,11.9,11.8,229.8,231.6,233.3,58.3,57.5,57.3,0,0,0,0,0,0,0,0,0,0,0,0,0,0,0,0,0,68,0,OK
9时00分48秒,46/79 静置,547.74,25.98,14228.38,550.05,25.91,14253.41,546.29,12.02,6566.21,549.37,11.96,6573.14,68,67.2,66.6,546.5,11,548.4,11,546,0,547.4,51.4,25.7,25.3,11.9,11.8,25.7,25.3,11.9,11.8,229.8,231.6,233.3,58.3,57.5,57.3,0,0,0,0,0,0,0,0,0,0,0,0,0,0,0,0,0,68,0,OK
9时00分53秒,46/79 静置,550.48,25.77,14186.65,548.95,25.89,14213.3,547.12,12.02,6575,547.73,12.02,6583.43,68,67.2,66.6,547,10.8,548.2,10.9,545.4,0,544.7,51.4,25.6,25.4,11.9,11.8,25.6,25.4,11.9,11.8,230.3,232,233.6,58,57.4,57.1,0,0,0,0,0,0,0,0,0,0,0,0,0,0,0,0,0,68,0,OK
9时00分58秒,46/79 静置,550.48,25.77,14186.65,548.95,25.89,14213.3,547.12,12.02,6575,547.73,12.02,6583.43,68,67.2,66.6,547,10.8,548.2,10.9,545.4,0,544.7,51.4,25.6,25.4,11.9,11.8,25.6,25.4,11.9,11.8,230.3,232,233.6,58,57.4,57.1,0,0,0,0,0,0,0,0,0,0,0,0,0,0,0,0,0,68,0,OK
9时01分03秒,46/79 静置,547.74,26,14241.22,549.5,25.96,14264.46,548.21,11.98,6566.19,547.18,11.99,6561.35,68,67.2,66.7,546.3,10.9,547.8,11.1,546.9,0,545.7,51.4,25.7,25.4,11.9,11.8,25.7,25.4,11.9,11.8,230.6,231.8,233.5,58,57.5,57.2,0,0,0,0,0,0,0,0,0,0,0,0,0,0,0,0,0,68,0,OK
9时01分08秒,46/79 静置,547.74,26,14241.22,549.5,25.96,14264.46,548.21,11.98,6566.19,547.18,11.99,6561.35,68,67.2,66.7,546.3,10.9,547.8,11.1,546.9,0,545.7,51.4,25.7,25.4,11.9,11.8,25.7,25.4,11.9,11.8,230.6,231.8,233.5,58,57.5,57.2,0,0,0,0,0,0,0,0,0,0,0,0,0,0,0,0,0,68,0,OK
9时01分13秒,46/79 静置,543.36,26.15,14211.08,550.59,25.87,14245.54,550.4,11.97,6585.93,542.25,12.07,6547.23,68,67.2,66.7,540.4,11.1,548.9,11,547.2,0,540.1,51.4,25.9,25.4,11.9,11.9,25.9,25.4,11.9,11.9,230.5,231.7,233.6,57.9,57.5,57.2,0,0,0,0,0,0,0,0,0,0,0,0,0,0,0,0,0,68,0,OK
9时01分18秒,46/79 静置,543.36,26.15,14211.08,550.59,25.87,14245.54,550.4,11.97,6585.93,542.25,12.07,6547.23,68,67.2,66.7,540.4,11.1,548.9,11,547.2,0,540.1,51.4,25.9,25.4,11.9,11.9,25.9,25.4,11.9,11.9,230.5,231.7,233.6,57.9,57.5,57.2,0,0,0,0,0,0,0,0,0,0,0,0,0,0,0,0,0,68,0,OK
9时01分23秒,46/79 静置,549.38,25.9,14227.62,550.05,25.81,14194.86,548.48,11.94,6548.04,549.65,11.98,6585.01,68,67.2,66.7,547.4,10.9,548.9,10.9,548.6,0,548.7,51.4,25.6,25.4,11.9,11.7,25.6,25.4,11.9,11.7,230.6,231.7,233.7,58.1,57.5,57.1,0,0,0,0,0,0,0,0,0,0,0,0,0,0,0,0,0,68,0,OK
9时01分28秒,46/79 静置,549.38,25.9,14227.62,550.05,25.81,14194.86,548.48,11.94,6548.04,549.65,11.98,6585.01,68,67.2,66.7,547.4,10.9,548.9,10.9,548.6,0,548.7,51.4,25.6,25.4,11.9,11.7,25.6,25.4,11.9,11.7,230.6,231.7,233.7,58.1,57.5,57.1,0,0,0,0,0,0,0,0,0,0,0,0,0,0,0,0,0,68,0,OK
9时01分33秒,46/79 静置,549.93,25.97,14284.23,549.77,25.76,14164.18,550.4,11.94,6571.42,549.1,11.9,6536.62,68,67.2,66.7,546.8,10.9,549.9,10.8,547.8,0,549.6,51.4,25.7,25.2,11.9,11.6,25.7,25.2,11.9,11.6,230.8,231.8,234,58.1,57.4,57.1,0,0,0,0,0,0,0,0,0,0,0,0,0,0,0,0,0,68,0,OK
9时01分38秒,46/79 静置,549.93,25.97,14284.23,549.77,25.76,14164.18,550.4,11.94,6571.42,549.1,11.9,6536.62,68,67.2,66.7,546.8,10.9,549.9,10.8,547.8,0,549.6,51.4,25.7,25.2,11.9,11.6,25.7,25.2,11.9,11.6,230.8,231.8,234,58.1,57.4,57.1,0,0,0,0,0,0,0,0,0,0,0,0,0,0,0,0,0,68,0,OK
9时01分43秒,46/79 静置,547.19,26.03,14241.94,547.86,26.06,14275.4,543.83,12.06,6557.88,543.89,12.03,6545.3,68,67.3,66.7,544.6,11,545.4,11,542.5,0,545.4,51.4,25.7,25.5,12,11.8,25.7,25.5,12,11.8,230.9,231.9,233.9,58.1,57.4,57.1,0,0,0,0,0,0,0,0,0,0,0,0,0,0,0,0,0,68,0,OK
9时01分48秒,46/79 静置,547.19,26.03,14241.94,547.86,26.06,14275.4,543.83,12.06,6557.88,543.89,12.03,6545.3,68,67.3,66.7,544.6,11,545.4,11,542.5,0,545.4,51.4,25.7,25.5,12,11.8,25.7,25.5,12,11.8,230.9,231.9,233.9,58.1,57.4,57.1,0,0,0,0,0,0,0,0,0,0,0,0,0,0,0,0,0,68,0,OK
9时01分53秒,46/79 静置,544.18,26.12,14215.02,544.31,26.06,14186.55,548.76,11.98,6573.82,549.1,12,6588.64,68,67.3,66.8,543,11.1,547.2,11.1,547.3,0,545.3,51.4,25.8,25.5,11.9,11.8,25.8,25.5,11.9,11.8,230.9,231.8,233.8,58,57.4,57,0,0,0,0,0,0,0,0,0,0,0,0,0,0,0,0,0,68,0,OK
9时01分58秒,46/79 静置,544.18,26.12,14215.02,544.31,26.06,14186.55,548.76,11.98,6573.82,549.1,12,6588.64,68,67.3,66.8,543,11.1,547.2,11.1,547.3,0,545.3,51.4,25.8,25.5,11.9,11.8,25.8,25.5,11.9,11.8,230.9,231.8,233.8,58,57.4,57,0,0,0,0,0,0,0,0,0,0,0,0,0,0,0,0,0,68,0,OK
9时02分03秒,46/79 静置,548.01,26.03,14265.99,549.5,25.89,14225.83,540.83,12.05,6516.33,549.1,11.99,6584.35,68,67.3,66.7,545.6,10.9,549.2,11.1,542.8,0,547.9,51.4,25.7,25.3,12,11.8,25.7,25.3,12,11.8,230.7,231.7,233.8,58.1,57.5,57,0,0,0,0,0,0,0,0,0,0,0,0,0,0,0,0,0,68,0,OK
9时02分08秒,46/79 静置,548.01,26.03,14265.99,549.5,25.89,14225.83,540.83,12.05,6516.33,549.1,11.99,6584.35,68,67.3,66.7,545.6,10.9,549.2,11.1,542.8,0,547.9,51.4,25.7,25.3,12,11.8,25.7,25.3,12,11.8,230.7,231.7,233.8,58.1,57.5,57,0,0,0,0,0,0,0,0,0,0,0,0,0,0,0,0,0,68,0,OK
9时02分13秒,46/79 静置,549.93,25.65,14103.79,549.77,25.94,14258.67,547.12,11.98,6556.3,550.74,11.66,6422.8,68,67.3,66.8,548.9,11,549.4,11,548.4,0,550.9,51.4,25.3,25.2,11.8,11.4,25.3,25.2,11.8,11.4,230.7,231.6,233.6,58.1,57.4,57.1,0,0,0,0,0,0,0,0,0,0,0,0,0,0,0,0,0,68,0,OK
9时02分18秒,46/79 静置,549.93,25.65,14103.79,549.77,25.94,14258.67,547.12,11.98,6556.3,550.74,11.66,6422.8,68,67.3,66.8,548.9,11,549.4,11,548.4,0,550.9,51.4,25.3,25.2,11.8,11.4,25.3,25.2,11.8,11.4,230.7,231.6,233.6,58.1,57.4,57.1,0,0,0,0,0,0,0,0,0,0,0,0,0,0,0,0,0,68,0,OK
9时02分23秒,46/79 静置,544.45,26.04,14176.47,544.31,26.19,14252.99,547.66,12,6573.02,543.89,12.05,6554.86,68,67.3,66.8,543.7,10.9,541.4,11.2,545,0,541.9,51.4,25.8,25.6,11.9,11.8,25.8,25.6,11.9,11.8,230.9,231.9,233.9,58,57.3,57,0,0,0,0,0,0,0,0,0,0,0,0,0,0,0,0,0,68,0,OK
9时02分28秒,46/79 静置,544.45,26.04,14176.47,544.31,26.19,14252.99,547.66,12,6573.02,543.89,12.05,6554.86,68,67.3,66.8,543.7,10.9,541.4,11.2,545,0,541.9,51.4,25.8,25.6,11.9,11.8,25.8,25.6,11.9,11.8,230.9,231.9,233.9,58,57.3,57,0,0,0,0,0,0,0,0,0,0,0,0,0,0,0,0,0,68,0,OK
9时02分33秒,46/79 静置,547.19,26.09,14276.67,549.77,26.02,14302.7,549.03,11.98,6578.7,546.91,12.03,6581.57,68,67.4,66.8,542.8,11,546.8,11.1,547.5,0,543.5,51.4,25.8,25.5,11.9,11.8,25.8,25.5,11.9,11.8,230.8,231.7,233.6,57.8,57.1,56.7,0,0,0,0,0,0,0,0,0,0,0,0,0,0,0,0,0,68,0,OK
9时02分38秒,46/79 静置,547.19,26.09,14276.67,549.77,26.02,14302.7,549.03,11.98,6578.7,546.91,12.03,6581.57,68,67.4,66.8,542.8,11,546.8,11.1,547.5,0,543.5,51.4,25.8,25.5,11.9,11.8,25.8,25.5,11.9,11.8,230.8,231.7,233.6,57.8,57.1,56.7,0,0,0,0,0,0,0,0,0,0,0,0,0,0,0,0,0,68,0,OK
9时02分43秒,46/79 静置,551.03,25.96,14302.5,548.95,26,14272.27,549.58,12.02,6604.04,551.29,11.99,6607.39,68,67.4,66.8,545.9,10.9,547.6,10.9,544.4,0,546,51.4,25.7,25.4,12,11.8,25.7,25.4,12,11.8,230.7,231.6,234,58,57.3,56.9,0,0,0,0,0,0,0,0,0,0,0,0,0,0,0,0,0,68,0,OK
9时02分48秒,46/79 静置,551.03,25.96,14302.5,548.95,26,14272.27,549.58,12.02,6604.04,551.29,11.99,6607.39,68,67.4,66.8,545.9,10.9,547.6,10.9,544.4,0,546,51.4,25.7,25.4,12,11.8,25.7,25.4,12,11.8,230.7,231.6,234,58,57.3,56.9,0,0,0,0,0,0,0,0,0,0,0,0,0,0,0,0,0,68,0,OK
9时02分53秒,46/79 静置,547.74,26.05,14267.97,545.13,26.09,14224.94,547.94,11.99,6569.88,550.74,11.85,6527.68,68,67.4,66.8,544.2,11.1,544.5,11.3,547.1,0,549.1,51.4,25.8,25.5,11.9,11.7,25.8,25.5,11.9,11.7,230.7,231.7,234,58,57.3,56.9,0,0,0,0,0,0,0,0,0,0,0,0,0,0,0,0,0,68,0,OK
9时02分58秒,46/79 静置,547.74,26.05,14267.97,545.13,26.09,14224.94,547.94,11.99,6569.88,550.74,11.85,6527.68,68,67.4,66.8,544.2,11.1,544.5,11.3,547.1,0,549.1,51.4,25.8,25.5,11.9,11.7,25.8,25.5,11.9,11.7,230.7,231.7,234,58,57.3,56.9,0,0,0,0,0,0,0,0,0,0,0,0,0,0,0,0,0,68,0,OK
9时03分03秒,46/79 静置,547.46,25.97,14220.19,550.05,25.91,14253.95,542.74,11.99,6509.18,544.71,12.03,6552,68,67.4,66.8,546.5,11,548.2,11.1,544.2,0,545.9,51.4,25.7,25.4,12,11.8,25.7,25.4,12,11.8,230.7,231.5,234,58.2,57.5,57.1,0,0,0,0,0,0,0,0,0,0,0,0,0,0,0,0,0,68,0,OK
9时03分08秒,46/79 静置,547.46,25.97,14220.19,550.05,25.91,14253.95,542.74,11.99,6509.18,544.71,12.03,6552,68,67.4,66.8,546.5,11,548.2,11.1,544.2,0,545.9,51.4,25.7,25.4,12,11.8,25.7,25.4,12,11.8,230.7,231.5,234,58.2,57.5,57.1,0,0,0,0,0,0,0,0,0,0,0,0,0,0,0,0,0,68,0,OK
9时03分13秒,46/79 静置,549.66,25.95,14264.79,550.32,25.71,14149.79,547.66,11.99,6563.92,548,12,6573.35,68,67.4,66.8,546.4,11.1,549.3,11.1,547.3,0,546.2,51.4,25.7,25.3,11.9,11.8,25.7,25.3,11.9,11.8,230.7,231.5,233.9,58.2,57.2,56.9,0,0,0,0,0,0,0,0,0,0,0,0,0,0,0,0,0,68,0,OK
9时03分18秒,46/79 静置,549.66,25.95,14264.79,550.32,25.71,14149.79,547.66,11.99,6563.92,548,12,6573.35,68,67.4,66.8,546.4,11.1,549.3,11.1,547.3,0,546.2,51.4,25.7,25.3,11.9,11.8,25.7,25.3,11.9,11.8,230.7,231.5,233.9,58.2,57.2,56.9,0,0,0,0,0,0,0,0,0,0,0,0,0,0,0,0,0,68,0,OK
9时03分23秒,46/79 静置,547.46,26.04,14256.54,549.5,25.8,14177.53,547.66,11.99,6566.6,544.71,12.03,6552,68,67.5,66.9,544.7,10.9,549.4,10.9,547.7,0,543.4,51.4,25.8,25.3,11.9,11.8,25.8,25.3,11.9,11.8,230.5,231.5,233.9,58.1,57.4,57.1,0,0,0,0,0,0,0,0,0,0,0,0,0,0,0,0,0,68,0,OK
9时03分28秒,46/79 静置,547.46,26.04,14256.54,549.5,25.8,14177.53,547.66,11.99,6566.6,544.71,12.03,6552,68,67.5,66.9,544.7,10.9,549.4,10.9,547.7,0,543.4,51.4,25.8,25.3,11.9,11.8,25.8,25.3,11.9,11.8,230.5,231.5,233.9,58.1,57.4,57.1,0,0,0,0,0,0,0,0,0,0,0,0,0,0,0,0,0,68,0,OK
9时03分33秒,46/79 静置,549.93,25.74,14154.27,547.31,26.02,14241.37,547.39,11.99,6562.25,548.82,11.97,6569.26,68,67.5,66.9,547.8,11,547.7,11,547.4,0,548.5,51.4,25.5,25.4,11.9,11.8,25.5,25.4,11.9,11.7,230.7,231.5,234,57.9,57.3,56.9,0,0,0,0,0,0,0,0,0,0,0,0,0,0,0,0,0,68,0,OK
9时03分38秒,46/79 静置,549.93,25.74,14154.27,547.31,26.02,14241.37,547.39,11.99,6562.25,548.82,11.97,6569.26,68,67.5,66.9,547.8,11,547.7,11,547.4,0,548.5,51.4,25.5,25.4,11.9,11.8,25.5,25.4,11.9,11.7,230.7,231.5,234,57.9,57.3,56.9,0,0,0,0,0,0,0,0,0,0,0,0,0,0,0,0,0,68,0,OK
9时03分43秒,46/79 静置,549.38,26,14282.88,547.31,26.04,14253.13,550.4,11.76,6473.6,548,11.99,6568.53,68,67.5,66.9,546.2,11,546.5,11.2,549.5,0,548.9,51.4,25.7,25.5,11.7,11.7,25.7,25.5,11.7,11.7,230.9,231.9,234.3,58.1,57.5,57.1,0,0,0,0,0,0,0,0,0,0,0,0,0,0,0,0,0,68,0,OK
9时03分48秒,46/79 静置,549.38,26,14282.88,547.31,26.04,14253.13,550.4,11.76,6473.6,548,11.99,6568.53,68,67.5,66.9,546.2,11,546.5,11.2,549.5,0,548.9,51.4,25.7,25.5,11.7,11.7,25.7,25.5,11.7,11.7,230.9,231.9,234.3,58.1,57.5,57.1,0,0,0,0,0,0,0,0,0,0,0,0,0,0,0,0,0,68,0,OK
9时03分53秒,46/79 静置,547.46,26.02,14242.64,549.23,26,14279.89,546.02,11.99,6546.93,548.55,12,6580.46,68,67.5,66.9,546.8,10.9,548.2,11.2,548.2,0,548.4,51.4,25.7,25.4,11.8,11.7,25.7,25.4,11.8,11.7,230.6,231.6,233.9,57.8,57.3,56.9,0,0,0,0,0,0,0,0,0,0,0,0,0,0,0,0,0,68,0,OK
9时03分58秒,46/79 静置,547.46,26.02,14242.64,549.23,26,14279.89,546.02,11.99,6546.93,548.55,12,6580.46,68,67.5,66.9,546.8,10.9,548.2,11.2,548.2,0,548.4,51.4,25.7,25.4,11.8,11.7,25.7,25.4,11.8,11.7,230.6,231.6,233.9,57.8,57.3,56.9,0,0,0,0,0,0,0,0,0,0,0,0,0,0,0,0,0,68,0,OK
9时04分03秒,46/79 静置,550.21,25.9,14252.14,548.95,25.91,14223.49,547.66,11.99,6564.46,550.74,11.86,6530.37,69,67.5,67,546.9,10.9,548.6,11.1,547,0,548.6,51.4,25.7,25.4,11.9,11.7,25.7,25.4,11.9,11.7,230.8,231.6,234.2,58,57.3,56.9,0,0,0,0,0,0,0,0,0,0,0,0,0,0,0,0,0,69,0,OK
9时04分08秒,46/79 静置,550.21,25.9,14252.14,548.95,25.91,14223.49,547.66,11.99,6564.46,550.74,11.86,6530.37,69,67.5,67,546.9,10.9,548.6,11.1,547,0,548.6,51.4,25.7,25.4,11.9,11.7,25.7,25.4,11.9,11.7,230.8,231.6,234.2,58,57.3,56.9,0,0,0,0,0,0,0,0,0,0,0,0,0,0,0,0,0,69,0,OK
9时04分13秒,46/79 静置,548.83,26,14267.57,549.23,25.97,14262.73,549.85,11.92,6553.62,547.18,12.01,6572.03,69,67.6,67,547.3,11.1,548.5,11,548.7,0,546.2,51.4,25.6,25.4,11.8,11.8,25.6,25.4,11.8,11.8,230.7,231.4,233.7,57.9,57.4,57.1,0,0,0,0,0,0,0,0,0,0,0,0,0,0,0,0,0,69,0,OK
9时04分18秒,46/79 静置,548.83,26,14267.57,549.23,25.97,14262.73,549.85,11.92,6553.62,547.18,12.01,6572.03,69,67.6,67,547.3,11.1,548.5,11,548.7,0,546.2,51.4,25.6,25.4,11.8,11.8,25.6,25.4,11.8,11.8,230.7,231.4,233.7,57.9,57.4,57.1,0,0,0,0,0,0,0,0,0,0,0,0,0,0,0,0,0,69,0,OK
9时04分23秒,46/79 静置,542.53,26.19,14210.77,548.68,25.92,14221.76,547.12,11.96,6544.01,546.63,11.99,6555.85,69,67.6,67,541.1,11.1,548.6,11.1,546.8,0,547.5,51.4,25.8,25.4,11.9,11.8,25.8,25.4,11.9,11.8,230.7,231.6,233.7,58.1,57.5,57.1,0,0,0,0,0,0,0,0,0,0,0,0,0,0,0,0,0,69,0,OK
9时04分28秒,46/79 静置,542.53,26.19,14210.77,548.68,25.92,14221.76,547.12,11.96,6544.01,546.63,11.99,6555.85,69,67.6,67,541.1,11.1,548.6,11.1,546.8,0,547.5,51.4,25.8,25.4,11.9,11.8,25.8,25.4,11.9,11.8,230.7,231.6,233.7,58.1,57.5,57.1,0,0,0,0,0,0,0,0,0,0,0,0,0,0,0,0,0,69,0,OK
9时04分33秒,46/79 静置,550.21,25.96,14285.45,550.32,25.79,14193.86,547.94,12.01,6580.04,550.74,11.9,6553.5,69,67.6,67,546.4,11,548.9,11.1,545.4,0,548.4,51.4,25.7,25.3,11.9,11.7,25.7,25.3,11.9,11.7,230.9,231.8,234,57.8,57.5,57.1,0,0,0,0,0,0,0,0,0,0,0,0,0,0,0,0,0,69,0,OK
9时04分38秒,46/79 静置,550.21,25.96,14285.45,550.32,25.79,14193.86,547.94,12.01,6580.04,550.74,11.9,6553.5,69,67.6,67,546.4,11,548.9,11.1,545.4,0,548.4,51.4,25.7,25.3,11.9,11.7,25.7,25.3,11.9,11.7,230.9,231.8,234,57.8,57.5,57.1,0,0,0,0,0,0,0,0,0,0,0,0,0,0,0,0,0,69,0,OK
9时04分43秒,46/79 静置,549.11,26.01,14280.6,542.67,26.11,14170.82,546.57,12.05,6584.44,545.81,12.05,6575.31,69,67.6,67,546.5,11,545.6,11,543.3,0,544.4,51.4,25.7,25.5,12,11.8,25.7,25.5,12,11.8,231.1,231.8,233.9,58,57.4,57,0,0,0,0,0,0,0,0,0,0,0,0,0,0,0,0,0,69,0,OK
9时04分48秒,46/79 静置,549.11,26.01,14280.6,542.67,26.11,14170.82,546.57,12.05,6584.44,545.81,12.05,6575.31,69,67.6,67,546.5,11,545.6,11,543.3,0,544.4,51.4,25.7,25.5,12,11.8,25.7,25.5,12,11.8,231.1,231.8,233.9,58,57.4,57,0,0,0,0,0,0,0,0,0,0,0,0,0,0,0,0,0,69,0,OK
9时04分53秒,46/79 静置,545.55,26.11,14245.49,546.49,26.04,14228.59,547.39,11.96,6546.21,547.18,12.01,6572.57,69,67.7,67.1,543.9,10.9,548,11.3,548,0,546.9,51.4,25.8,25.4,11.9,11.8,25.8,25.4,11.9,11.8,230.9,231.6,233.8,58.1,57.5,57.1,0,0,0,0,0,0,0,0,0,0,0,0,0,0,0,0,0,69,0,OK
9时04分58秒,46/79 静置,545.55,26.11,14245.49,546.49,26.04,14228.59,547.39,11.96,6546.21,547.18,12.01,6572.57,69,67.7,67.1,543.9,10.9,548,11.3,548,0,546.9,51.4,25.8,25.4,11.9,11.8,25.8,25.4,11.9,11.8,230.9,231.6,233.8,58.1,57.5,57.1,0,0,0,0,0,0,0,0,0,0,0,0,0,0,0,0,0,69,0,OK
9时05分03秒,46/79 静置,544.18,26.19,14249.57,547.86,26.13,14313.39,545.75,12.02,6557.5,543.07,12.02,6528.52,69,67.7,67.1,539.2,11.2,543.2,11.2,544.6,0,545.2,51.4,25.9,25.6,12,11.8,25.9,25.6,12,11.8,231.2,231.7,234,58,57.3,57,0,0,0,0,0,0,0,0,0,0,0,0,0,0,0,0,0,69,0,OK
9时05分08秒,46/79 静置,544.18,26.19,14249.57,547.86,26.13,14313.39,545.75,12.02,6557.5,543.07,12.02,6528.52,69,67.7,67.1,539.2,11.2,543.2,11.2,544.6,0,545.2,51.4,25.9,25.6,12,11.8,25.9,25.6,12,11.8,231.2,231.7,234,58,57.3,57,0,0,0,0,0,0,0,0,0,0,0,0,0,0,0,0,0,69,0,OK
9时05分13秒,46/79 静置,549.93,25.93,14261.68,547.59,25.97,14221.22,546.57,12.02,6568.43,544.17,12.03,6545.95,69,67.7,67.1,546.3,11.1,546.9,11.1,545.4,0,545.8,51.4,25.7,25.4,11.9,11.8,25.7,25.4,11.9,11.8,231.1,231.6,233.9,58.1,57.4,57.1,0,0,0,0,0,0,0,0,0,0,0,0,0,0,0,0,0,69,0,OK
9时05分18秒,46/79 静置,549.93,25.93,14261.68,547.59,25.97,14221.22,546.57,12.02,6568.43,544.17,12.03,6545.95,69,67.7,67.1,546.3,11.1,546.9,11.1,545.4,0,545.8,51.4,25.7,25.4,11.9,11.8,25.7,25.4,11.9,11.8,231.1,231.6,233.9,58.1,57.4,57.1,0,0,0,0,0,0,0,0,0,0,0,0,0,0,0,0,0,69,0,OK
9时05分23秒,46/79 静置,545.55,26.02,14193.81,548.41,25.97,14242.52,550.4,11.94,6574.11,546.63,11.99,6552.64,69,67.7,67.1,545.6,10.7,548.3,11.1,546.9,0,547.1,51.4,25.7,25.4,11.9,11.8,25.7,25.4,11.9,11.8,231.1,231.6,234,57.9,57.2,57,0,0,0,0,0,0,0,0,0,0,0,0,0,0,0,0,0,69,0,OK
9时05分28秒,46/79 静置,545.55,26.02,14193.81,548.41,25.97,14242.52,550.4,11.94,6574.11,546.63,11.99,6552.64,69,67.7,67.1,545.6,10.7,548.3,11.1,546.9,0,547.1,51.4,25.7,25.4,11.9,11.8,25.7,25.4,11.9,11.8,231.1,231.6,234,57.9,57.2,57,0,0,0,0,0,0,0,0,0,0,0,0,0,0,0,0,0,69,0,OK
9时05分33秒,46/79 静置,540.34,26.22,14169.7,547.04,26.08,14264.18,548.21,12.01,6586.54,546.63,12.02,6571.33,69,67.7,67.2,538.2,11.2,545.1,11.2,544.8,0,546.2,51.4,25.9,25.5,12,11.8,25.9,25.5,12,11.8,230.9,231.5,233.9,57.9,57.3,56.8,0,0,0,0,0,0,0,0,0,0,0,0,0,0,0,0,0,69,0,OK
9时05分38秒,46/79 静置,540.34,26.22,14169.7,547.04,26.08,14264.18,548.21,12.01,6586.54,546.63,12.02,6571.33,69,67.7,67.2,538.2,11.2,545.1,11.2,544.8,0,546.2,51.4,25.9,25.5,12,11.8,25.9,25.5,12,11.8,230.9,231.5,233.9,57.9,57.3,56.8,0,0,0,0,0,0,0,0,0,0,0,0,0,0,0,0,0,69,0,OK
9时05分43秒,46/79 静置,550.21,25.94,14273.09,547.59,26.04,14256.51,547.66,12,6569.27,547.18,11.99,6561.88,69,67.8,67.2,545.8,11,547.6,11,547.7,0,548.4,51.4,25.7,25.5,11.8,11.8,25.7,25.5,11.8,11.8,231,231.6,234.1,58,57.3,57.1,0,0,0,0,0,0,0,0,0,0,0,0,0,0,0,0,0,69,0,OK
9时05分48秒,46/79 静置,550.21,25.94,14273.09,547.59,26.04,14256.51,547.66,12,6569.27,547.18,11.99,6561.88,69,67.8,67.2,545.8,11,547.6,11,547.7,0,548.4,51.4,25.7,25.5,11.8,11.8,25.7,25.5,11.8,11.8,231,231.6,234.1,58,57.3,57.1,0,0,0,0,0,0,0,0,0,0,0,0,0,0,0,0,0,69,0,OK
9时05分53秒,46/79 静置,546.64,26.08,14254.35,547.59,26.05,14262.93,547.66,11.96,6547.34,549.37,11.96,6569.38,69,67.8,67.2,544.6,11.1,547.5,11.1,548.5,0,548.6,51.4,25.8,25.4,11.8,11.8,25.8,25.4,11.8,11.8,231.3,231.8,234.4,58,57.3,57,0,0,0,0,0,0,0,0,0,0,0,0,0,0,0,0,0,69,0,OK
9时05分58秒,46/79 静置,546.64,26.08,14254.35,547.59,26.05,14262.93,547.66,11.96,6547.34,549.37,11.96,6569.38,69,67.8,67.2,544.6,11.1,547.5,11.1,548.5,0,548.6,51.4,25.8,25.4,11.8,11.8,25.8,25.4,11.8,11.8,231.3,231.8,234.4,58,57.3,57,0,0,0,0,0,0,0,0,0,0,0,0,0,0,0,0,0,69,0,OK
9时06分03秒,46/79 静置,548.83,26.03,14287.93,549.5,25.83,14190.95,549.85,11.94,6565.97,549.65,11.89,6534.56,69,67.8,67.2,546.2,11.1,548.9,11,548.6,0,548.9,51.4,25.7,25.3,11.8,11.7,25.7,25.3,11.8,11.7,231.2,232,234.4,58.1,57.4,57.1,0,0,0,0,0,0,0,0,0,0,0,0,0,0,0,0,0,69,0,OK
9时06分08秒,46/79 静置,548.83,26.03,14287.93,549.5,25.83,14190.95,549.85,11.94,6565.97,549.65,11.89,6534.56,69,67.8,67.2,546.2,11.1,548.9,11,548.6,0,548.9,51.4,25.7,25.3,11.8,11.7,25.7,25.3,11.8,11.7,231.2,232,234.4,58.1,57.4,57.1,0,0,0,0,0,0,0,0,0,0,0,0,0,0,0,0,0,69,0,OK
9时06分13秒,46/79 静置,549.38,25.87,14215.28,547.31,26,14229.62,548.48,12,6582.32,549.1,11.99,6583.27,69,67.8,67.2,548.2,10.6,548,11.1,546.6,0,548.6,51.4,25.5,25.4,11.9,11.8,25.5,25.4,11.9,11.8,231.2,232,234.4,57.9,57.2,56.8,0,0,0,0,0,0,0,0,0,0,0,0,0,0,0,0,0,69,0,OK
9时06分18秒,46/79 静置,549.38,25.87,14215.28,547.31,26,14229.62,548.48,12,6582.32,549.1,11.99,6583.27,69,67.8,67.2,548.2,10.6,548,11.1,546.6,0,548.6,51.4,25.5,25.4,11.9,11.8,25.5,25.4,11.9,11.8,231.2,232,234.4,57.9,57.2,56.8,0,0,0,0,0,0,0,0,0,0,0,0,0,0,0,0,0,69,0,OK
9时06分23秒,46/79 静置,545,26.11,14231.18,544.85,26.11,14225.25,543.01,12.06,6548.52,550.47,11.89,6545.93,69,67.8,67.2,543.2,11.1,544.7,11,542.3,0,549,51.4,25.8,25.5,12,11.7,25.8,25.5,12,11.7,231,231.7,234.1,58.1,57.4,57.1,0,0,0,0,0,0,0,0,0,0,0,0,0,0,0,0,0,69,0,OK
9时06分28秒,46/79 静置,545,26.11,14231.18,544.85,26.11,14225.25,543.01,12.06,6548.52,550.47,11.89,6545.93,69,67.8,67.2,543.2,11.1,544.7,11,542.3,0,549,51.4,25.8,25.5,12,11.7,25.8,25.5,12,11.7,231,231.7,234.1,58.1,57.4,57.1,0,0,0,0,0,0,0,0,0,0,0,0,0,0,0,0,0,69,0,OK
9时06分33秒,46/79 静置,549.93,25.95,14271.88,545.4,26.1,14237.4,550.4,11.9,6549.38,547.45,12,6568.38,69,67.9,67.2,546.3,11,543.3,11.2,547.9,0,546.3,51.4,25.7,25.6,11.9,11.8,25.7,25.6,11.9,11.8,231.3,232.2,234.4,57.9,57.3,57,0,0,0,0,0,0,0,0,0,0,0,0,0,0,0,0,0,69,0,OK
9时06分38秒,46/79 静置,549.93,25.95,14271.88,545.4,26.1,14237.4,550.4,11.9,6549.38,547.45,12,6568.38,69,67.9,67.2,546.3,11,543.3,11.2,547.9,0,546.3,51.4,25.7,25.6,11.9,11.8,25.7,25.6,11.9,11.8,231.3,232.2,234.4,57.9,57.3,57,0,0,0,0,0,0,0,0,0,0,0,0,0,0,0,0,0,69,0,OK
9时06分43秒,46/79 静置,549.66,26,14293.77,538.29,26.09,14042.43,546.84,12,6561.03,546.91,12,6560.2,69,67.9,67.2,545.8,11,544.4,11.2,547.8,0,548,51.4,25.7,25.5,11.9,11.8,25.7,25.5,11.9,11.8,231.1,231.9,234.2,58.1,56.9,56.6,0,0,0,0,0,0,0,0,0,0,0,0,0,0,0,0,0,69,0,OK
9时06分48秒,46/79 静置,549.66,26,14293.77,538.29,26.09,14042.43,546.84,12,6561.03,546.91,12,6560.2,69,67.9,67.2,545.8,11,544.4,11.2,547.8,0,548,51.4,25.7,25.5,11.9,11.8,25.7,25.5,11.9,11.8,231.1,231.9,234.2,58.1,56.9,56.6,0,0,0,0,0,0,0,0,0,0,0,0,0,0,0,0,0,69,0,OK
9时06分53秒,46/79 静置,546.64,26.08,14258.08,546.22,26.1,14255.08,546.57,12,6558.29,548,11.96,6555.15,69,67.9,67.2,543.7,11,543.5,11,547.2,0,549.1,51.4,25.8,25.6,11.9,11.6,25.8,25.6,11.9,11.6,231.3,231.9,234.2,58,57.4,57,0,0,0,0,0,0,0,0,0,0,0,0,0,0,0,0,0,69,0,OK
9时06分58秒,46/79 静置,546.64,26.08,14258.08,546.22,26.1,14255.08,546.57,12,6558.29,548,11.96,6555.15,69,67.9,67.2,543.7,11,543.5,11,547.2,0,549.1,51.4,25.8,25.6,11.9,11.6,25.8,25.6,11.9,11.6,231.3,231.9,234.2,58,57.4,57,0,0,0,0,0,0,0,0,0,0,0,0,0,0,0,0,0,69,0,OK
9时07分03秒,46/79 静置,543.08,26.1,14176.86,547.04,26.05,14251.89,548.48,12.03,6596.79,551.84,11.91,6574.08,69,67.9,67.2,544.9,10.9,547.4,10.9,546,0,546.8,51.4,25.7,25.4,11.9,11.8,25.7,25.4,11.9,11.8,231.3,232,234.2,57.9,57.4,57.1,0,0,0,0,0,0,0,0,0,0,0,0,0,0,0,0,0,69,0,OK
9时07分08秒,46/79 静置,543.08,26.1,14176.86,547.04,26.05,14251.89,548.48,12.03,6596.79,551.84,11.91,6574.08,69,67.9,67.2,544.9,10.9,547.4,10.9,546,0,546.8,51.4,25.7,25.4,11.9,11.8,25.7,25.4,11.9,11.8,231.3,232,234.2,57.9,57.4,57.1,0,0,0,0,0,0,0,0,0,0,0,0,0,0,0,0,0,69,0,OK
9时07分13秒,46/79 静置,547.74,26.04,14263.69,548.95,26.02,14286.21,549.3,11.97,6576.08,548.28,11.97,6562.71,69,67.9,67.2,545.8,10.9,547.4,11,548,0,548.5,51.4,25.7,25.4,11.9,11.7,25.7,25.4,11.9,11.7,231.3,231.9,234.2,57.7,57.2,56.8,0,0,0,0,0,0,0,0,0,0,0,0,0,0,0,0,0,69,0,OK
9时07分18秒,46/79 静置,547.74,26.04,14263.69,548.95,26.02,14286.21,549.3,11.97,6576.08,548.28,11.97,6562.71,69,67.9,67.2,545.8,10.9,547.4,11,548,0,548.5,51.4,25.7,25.4,11.9,11.7,25.7,25.4,11.9,11.7,231.3,231.9,234.2,57.7,57.2,56.8,0,0,0,0,0,0,0,0,0,0,0,0,0,0,0,0,0,69,0,OK
9时07分23秒,46/79 静置,548.83,26,14271.85,548.68,26.01,14269.45,547.94,11.96,6551.68,549.65,11.82,6494.3,69,68,67.2,547,10.9,548.5,11.1,548.1,0,549.1,51.4,25.7,25.4,11.9,11.7,25.7,25.4,11.9,11.7,231.4,231.8,234.2,58.1,56.2,55.9,0,0,0,0,0,0,0,0,0,0,0,0,0,0,0,0,0,69,0,OK
9时07分28秒,46/79 静置,548.83,26,14271.85,548.68,26.01,14269.45,547.94,11.96,6551.68,549.65,11.82,6494.3,69,68,67.2,547,10.9,548.5,11.1,548.1,0,549.1,51.4,25.7,25.4,11.9,11.7,25.7,25.4,11.9,11.7,231.4,231.8,234.2,58.1,56.2,55.9,0,0,0,0,0,0,0,0,0,0,0,0,0,0,0,0,0,69,0,OK
9时07分33秒,46/79 静置,547.46,25.95,14204.68,539.66,26.08,14073.88,549.3,11.95,6562.67,548.82,11.94,6554.26,69,68,67.2,547.6,10.8,546.5,11.1,546.2,0,548.6,51.4,25.6,25.5,11.9,11.7,25.6,25.5,11.9,11.7,231.6,232.3,234.5,57.8,57.3,56.9,0,0,0,0,0,0,0,0,0,0,0,0,0,0,0,0,0,69,0,OK
9时07分38秒,46/79 静置,547.46,25.95,14204.68,539.66,26.08,14073.88,549.3,11.95,6562.67,548.82,11.94,6554.26,69,68,67.2,547.6,10.8,546.5,11.1,546.2,0,548.6,51.4,25.6,25.5,11.9,11.7,25.6,25.5,11.9,11.7,231.6,232.3,234.5,57.8,57.3,56.9,0,0,0,0,0,0,0,0,0,0,0,0,0,0,0,0,0,69,0,OK
9时07分43秒,46/79 静置,548.01,25.95,14220.5,546.49,26.08,14252.61,551.49,11.49,6335.66,547.73,11.99,6568.45,69,68,67.2,547.5,10.9,545.5,11.1,548.8,0,548.3,51.4,25.6,25.5,11.7,11.8,25.6,25.5,11.7,11.8,231.6,232.3,234.4,57.6,57.3,56.9,0,0,0,0,0,0,0,0,0,0,0,0,0,0,0,0,0,69,0,OK
9时07分48秒,46/79 静置,548.01,25.95,14220.5,546.49,26.08,14252.61,551.49,11.49,6335.66,547.73,11.99,6568.45,69,68,67.2,547.5,10.9,545.5,11.1,548.8,0,548.3,51.4,25.6,25.5,11.7,11.8,25.6,25.5,11.7,11.8,231.6,232.3,234.4,57.6,57.3,56.9,0,0,0,0,0,0,0,0,0,0,0,0,0,0,0,0,0,69,0,OK
9时07分53秒,46/79 静置,547.19,26.06,14257.44,550.05,25.71,14140.61,550.67,11.94,6574.15,548.82,11.96,6562.3,69,68,67.3,544.2,11.2,549.3,11.1,547.3,0,548.7,51.4,25.8,25.2,11.9,11.7,25.8,25.2,11.9,11.7,231.6,232.1,234.5,57.8,57.2,56.8,0,0,0,0,0,0,0,0,0,0,0,0,0,0,0,0,0,69,0,OK
9时07分58秒,46/79 静置,547.19,26.06,14257.44,550.05,25.71,14140.61,550.67,11.94,6574.15,548.82,11.96,6562.3,69,68,67.3,544.2,11.2,549.3,11.1,547.3,0,548.7,51.4,25.8,25.2,11.9,11.7,25.8,25.2,11.9,11.7,231.6,232.1,234.5,57.8,57.2,56.8,0,0,0,0,0,0,0,0,0,0,0,0,0,0,0,0,0,69,0,OK
9时08分03秒,46/79 静置,546.92,26.02,14231.59,545.95,26.01,14200.49,550.94,11.72,6454.74,546.08,12.03,6567.94,69,68,67.3,546.4,11,547.6,11.2,547,0,544.1,51.4,25.7,25.4,11.8,11.8,25.7,25.4,11.8,11.8,231.4,232.1,234.4,57.8,57.4,57.1,0,0,0,0,0,0,0,0,0,0,0,0,0,0,0,0,0,69,0,OK
9时08分08秒,46/79 静置,546.92,26.02,14231.59,545.95,26.01,14200.49,550.94,11.72,6454.74,546.08,12.03,6567.94,69,68,67.3,546.4,11,547.6,11.2,547,0,544.1,51.4,25.7,25.4,11.8,11.8,25.7,25.4,11.8,11.8,231.4,232.1,234.4,57.8,57.4,57.1,0,0,0,0,0,0,0,0,0,0,0,0,0,0,0,0,0,69,0,OK
9时08分13秒,46/79 静置,548.01,25.96,14225.85,548.68,25.96,14243.19,550.4,11.76,6472.52,549.37,11.95,6566.7,69,68.1,67.3,547.8,10.9,548.9,11,548.5,0,548.1,51.4,25.6,25.4,11.8,11.8,25.6,25.4,11.8,11.8,231.4,232.1,234.4,57.9,56.7,56.4,0,0,0,0,0,0,0,0,0,0,0,0,0,0,0,0,0,69,0,OK
9时08分18秒,46/79 静置,548.01,25.96,14225.85,548.68,25.96,14243.19,550.4,11.76,6472.52,549.37,11.95,6566.7,69,68.1,67.3,547.8,10.9,548.9,11,548.5,0,548.1,51.4,25.6,25.4,11.8,11.8,25.6,25.4,11.8,11.8,231.4,232.1,234.4,57.9,56.7,56.4,0,0,0,0,0,0,0,0,0,0,0,0,0,0,0,0,0,69,0,OK
9时08分23秒,46/79 静置,549.38,25.9,14230.84,549.5,25.93,14246.22,548.21,11.98,6568.87,548.82,11.98,6574.62,69,68.1,67.4,547.1,11.1,549.5,10.7,548,0,548.2,51.4,25.7,25.3,11.9,11.8,25.7,25.3,11.9,11.8,231.3,232.1,234.7,58,57.4,57,0,0,0,0,0,0,0,0,0,0,0,0,0,0,0,0,0,69,0,OK
9时08分28秒,46/79 静置,549.38,25.9,14230.84,549.5,25.93,14246.22,548.21,11.98,6568.87,548.82,11.98,6574.62,69,68.1,67.4,547.1,11.1,549.5,10.7,548,0,548.2,51.4,25.7,25.3,11.9,11.8,25.7,25.3,11.9,11.8,231.3,232.1,234.7,58,57.4,57,0,0,0,0,0,0,0,0,0,0,0,0,0,0,0,0,0,69,0,OK
9时08分33秒,46/79 静置,548.56,26.04,14282.4,548.68,26.02,14274.81,543.01,12.03,6534.74,546.08,12.03,6570.61,69,68.1,67.4,545.8,11.1,547.4,10.9,544.9,0,545.9,51.4,25.7,25.5,11.9,11.8,25.7,25.5,11.9,11.8,231.5,232.1,234.7,58,56.8,56.4,0,0,0,0,0,0,0,0,0,0,0,0,0,0,0,0,0,69,0,OK
9时08分38秒,46/79 静置,548.56,26.04,14282.4,548.68,26.02,14274.81,543.01,12.03,6534.74,546.08,12.03,6570.61,69,68.1,67.4,545.8,11.1,547.4,10.9,544.9,0,545.9,51.4,25.7,25.5,11.9,11.8,25.7,25.5,11.9,11.8,231.5,232.1,234.7,58,56.8,56.4,0,0,0,0,0,0,0,0,0,0,0,0,0,0,0,0,0,69,0,OK
9时08分43秒,46/79 静置,550.21,25.53,14046.35,548.41,25.89,14200.75,548.76,11.98,6575.96,550.74,11.63,6407.75,69,68.1,67.4,549.1,11,549.7,10.9,547.7,0,551,51.4,25.2,25.2,11.9,11.4,25.2,25.2,11.9,11.4,231.5,232.3,234.9,57.8,57.1,56.9,0,0,0,0,0,0,0,0,0,0,0,0,0,0,0,0,0,69,0,OK
9时08分48秒,46/79 静置,550.21,25.53,14046.35,548.41,25.89,14200.75,548.76,11.98,6575.96,550.74,11.63,6407.75,69,68.1,67.4,549.1,11,549.7,10.9,547.7,0,551,51.4,25.2,25.2,11.9,11.4,25.2,25.2,11.9,11.4,231.5,232.3,234.9,57.8,57.1,56.9,0,0,0,0,0,0,0,0,0,0,0,0,0,0,0,0,0,69,0,OK
9时08分53秒,46/79 静置,547.46,26.05,14261.35,550.87,25.73,14174.61,542.19,12.07,6542.87,548.55,12,6579.92,70,68.1,67.4,546,10.8,548.1,10.9,541.5,0,546.1,51.4,25.7,25.4,12,11.8,25.7,25.4,12,11.8,231.4,232.2,234.6,57.8,57.3,56.9,0,0,0,0,0,0,0,0,0,0,0,0,0,0,0,0,0,70,0,OK
9时08分58秒,46/79 静置,547.46,26.05,14261.35,550.87,25.73,14174.61,542.19,12.07,6542.87,548.55,12,6579.92,70,68.1,67.4,546,10.8,548.1,10.9,541.5,0,546.1,51.4,25.7,25.4,12,11.8,25.7,25.4,12,11.8,231.4,232.2,234.6,57.8,57.3,56.9,0,0,0,0,0,0,0,0,0,0,0,0,0,0,0,0,0,70,0,OK
9时09分03秒,46/79 静置,544.72,26.08,14204.86,546.49,26.13,14278.23,548.76,11.97,6568.99,539.78,12.08,6520.11,70,68.1,67.4,544.1,11,544.8,11.2,547.2,0,539.6,51.4,25.8,25.5,11.9,11.9,25.8,25.5,11.9,11.9,231.5,232.2,234.9,57.8,57.2,56.9,0,0,0,0,0,0,0,0,0,0,0,0,0,0,0,0,0,70,0,OK
9时09分08秒,46/79 静置,544.72,26.08,14204.86,546.49,26.13,14278.23,548.76,11.97,6568.99,539.78,12.08,6520.11,70,68.1,67.4,544.1,11,544.8,11.2,547.2,0,539.6,51.4,25.8,25.5,11.9,11.9,25.8,25.5,11.9,11.9,231.5,232.2,234.9,57.8,57.2,56.9,0,0,0,0,0,0,0,0,0,0,0,0,0,0,0,0,0,70,0,OK
9时09分13秒,46/79 静置,537.33,26.18,14064.96,547.31,26.06,14265.43,550.12,11.92,6559.02,547.45,12.02,6578.54,70,68.1,67.4,541,11,543.5,11.2,545.9,0,545.4,51.4,25.9,25.6,11.9,11.8,25.9,25.6,11.9,11.8,231.5,232.3,234.9,57.7,57,56.8,0,0,0,0,0,0,0,0,0,0,0,0,0,0,0,0,0,70,0,OK
9时09分18秒,46/79 静置,537.33,26.18,14064.96,547.31,26.06,14265.43,550.12,11.92,6559.02,547.45,12.02,6578.54,70,68.1,67.4,541,11,543.5,11.2,545.9,0,545.4,51.4,25.9,25.6,11.9,11.8,25.9,25.6,11.9,11.8,231.5,232.3,234.9,57.7,57,56.8,0,0,0,0,0,0,0,0,0,0,0,0,0,0,0,0,0,70,0,OK
9时09分23秒,46/79 静置,547.74,26,14239.62,548.95,25.93,14233.67,547.94,12,6575.23,550.19,11.81,6498.62,70,68.1,67.4,547.2,11,549.6,11.1,545.2,0,549.4,51.4,25.7,25.3,11.9,11.7,25.7,25.3,11.9,11.7,231.5,232.3,234.7,58,57.3,56.7,0,0,0,0,0,0,0,0,0,0,0,0,0,0,0,0,0,70,0,OK
9时09分28秒,46/79 静置,547.74,26,14239.62,548.95,25.93,14233.67,547.94,12,6575.23,550.19,11.81,6498.62,70,68.1,67.4,547.2,11,549.6,11.1,545.2,0,549.4,51.4,25.7,25.3,11.9,11.7,25.7,25.3,11.9,11.7,231.5,232.3,234.7,58,57.3,56.7,0,0,0,0,0,0,0,0,0,0,0,0,0,0,0,0,0,70,0,OK
9时09分33秒,46/79 静置,549.66,25.95,14263.18,547.59,26.02,14245.82,546.57,12.02,6570.56,549.1,11.89,6529.65,70,68.1,67.4,546.9,11,547.6,11.2,545.2,0,549.6,51.4,25.7,25.5,11.9,11.6,25.7,25.5,11.9,11.6,231.2,231.9,234.6,58,57.3,56.9,0,0,0,0,0,0,0,0,0,0,0,0,0,0,0,0,0,70,0,OK
9时09分38秒,46/79 静置,549.66,25.95,14263.18,547.59,26.02,14245.82,546.57,12.02,6570.56,549.1,11.89,6529.65,70,68.1,67.4,546.9,11,547.6,11.2,545.2,0,549.6,51.4,25.7,25.5,11.9,11.6,25.7,25.5,11.9,11.6,231.2,231.9,234.6,58,57.3,56.9,0,0,0,0,0,0,0,0,0,0,0,0,0,0,0,0,0,70,0,OK
9时09分43秒,46/79 静置,548.83,26.02,14281.5,542.94,26.18,14216.13,547.12,12,6563.25,542.52,12.07,6550.02,70,68.1,67.4,545.5,11,541.7,11.2,547.5,0,541.1,51.4,25.7,25.6,11.9,11.8,25.7,25.6,11.9,11.8,231.1,232,234.6,58,57.3,57,0,0,0,0,0,0,0,0,0,0,0,0,0,0,0,0,0,70,0,OK
9时09分48秒,46/79 静置,548.83,26.02,14281.5,542.94,26.18,14216.13,547.12,12,6563.25,542.52,12.07,6550.02,70,68.1,67.4,545.5,11,541.7,11.2,547.5,0,541.1,51.4,25.7,25.6,11.9,11.8,25.7,25.6,11.9,11.8,231.1,232,234.6,58,57.3,57,0,0,0,0,0,0,0,0,0,0,0,0,0,0,0,0,0,70,0,OK
9时09分53秒,46/79 静置,545.82,26.08,14233.46,544.85,26.05,14191.73,546.84,11.98,6551.96,544.17,12.03,6543.82,70,68.1,67.4,545.2,11,546.7,11,546.4,0,545.6,51.4,25.8,25.5,11.9,11.8,25.8,25.5,11.9,11.8,231.2,232.2,234.8,58,57.3,57,0,0,0,0,0,0,0,0,0,0,0,0,0,0,0,0,0,70,0,OK
9时09分58秒,46/79 静置,545.82,26.08,14233.46,544.85,26.05,14191.73,546.84,11.98,6551.96,544.17,12.03,6543.82,70,68.1,67.4,545.2,11,546.7,11,546.4,0,545.6,51.4,25.8,25.5,11.9,11.8,25.8,25.5,11.9,11.8,231.2,232.2,234.8,58,57.3,57,0,0,0,0,0,0,0,0,0,0,0,0,0,0,0,0,0,70,0,OK
9时10分03秒,46/79 静置,548.29,26.04,14278.49,547.59,26.01,14242.07,549.85,11.88,6533.21,541.7,12.03,6515.76,70,68.1,67.4,546.1,11,548.4,11.1,548.9,0,547.6,51.4,25.7,25.4,11.8,11.8,25.7,25.4,11.8,11.8,231.3,231.9,234.6,58,57.3,57,0,0,0,0,0,0,0,0,0,0,0,0,0,0,0,0,0,70,0,OK
9时10分08秒,46/79 静置,548.29,26.04,14278.49,547.59,26.01,14242.07,549.85,11.88,6533.21,541.7,12.03,6515.76,70,68.1,67.4,546.1,11,548.4,11.1,548.9,0,547.6,51.4,25.7,25.4,11.8,11.8,25.7,25.4,11.8,11.8,231.3,231.9,234.6,58,57.3,57,0,0,0,0,0,0,0,0,0,0,0,0,0,0,0,0,0,70,0,OK
9时10分13秒,46/79 静置,544.18,26.09,14197.49,551.14,25.73,14181.64,549.3,11.97,6577.69,549.65,11.89,6537.78,70,68.1,67.5,544,11.2,549.2,11.1,548.3,0,549.9,51.4,25.8,25.2,11.9,11.6,25.8,25.2,11.9,11.6,231.2,232,234.3,58.1,57.4,57.1,0,0,0,0,0,0,0,0,0,0,0,0,0,0,0,0,0,70,0,OK
9时10分18秒,46/79 静置,544.18,26.09,14197.49,551.14,25.73,14181.64,549.3,11.97,6577.69,549.65,11.89,6537.78,70,68.1,67.5,544,11.2,549.2,11.1,548.3,0,549.9,51.4,25.8,25.2,11.9,11.6,25.8,25.2,11.9,11.6,231.2,232,234.3,58.1,57.4,57.1,0,0,0,0,0,0,0,0,0,0,0,0,0,0,0,0,0,70,0,OK
9时10分23秒,46/79 静置,549.66,25.86,14214.33,550.05,25.89,14242.13,549.85,11.89,6535.36,546.91,12,6562.87,70,68.1,67.5,548.3,10.8,549.6,10.9,549.5,0,548.3,51.4,25.5,25.3,11.7,11.8,25.5,25.3,11.7,11.8,231.2,232,234.3,58.1,57.3,56.9,0,0,0,0,0,0,0,0,0,0,0,0,0,0,0,0,0,70,0,OK
9时10分28秒,46/79 静置,549.66,25.86,14214.33,550.05,25.89,14242.13,549.85,11.89,6535.36,546.91,12,6562.87,70,68.1,67.5,548.3,10.8,549.6,10.9,549.5,0,548.3,51.4,25.5,25.3,11.7,11.8,25.5,25.3,11.7,11.8,231.2,232,234.3,58.1,57.3,56.9,0,0,0,0,0,0,0,0,0,0,0,0,0,0,0,0,0,70,0,OK
9时10分33秒,46/79 静置,546.37,26.01,14212.53,546.49,25.99,14205.65,545.2,12.03,6559.98,546.63,12.02,6568.12,70,68.1,67.5,546.3,11,547.7,11.2,543,0,547.3,51.4,25.7,25.4,12,11.8,25.7,25.4,12,11.8,231.4,232.2,234.5,57.9,57.2,56.9,0,0,0,0,0,0,0,0,0,0,0,0,0,0,0,0,0,70,0,OK
9时10分38秒,46/79 静置,546.37,26.01,14212.53,546.49,25.99,14205.65,545.2,12.03,6559.98,546.63,12.02,6568.12,70,68.1,67.5,546.3,11,547.7,11.2,543,0,547.3,51.4,25.7,25.4,12,11.8,25.7,25.4,12,11.8,231.4,232.2,234.5,57.9,57.2,56.9,0,0,0,0,0,0,0,0,0,0,0,0,0,0,0,0,0,70,0,OK
9时10分43秒,46/79 静置,550.48,25.82,14211.92,549.77,25.94,14260.82,547.94,11.97,6558.64,545.81,12.01,6554.52,70,68.1,67.5,547.2,10.9,548.4,11.1,548.2,0,546.6,51.4,25.6,25.4,11.9,11.8,25.6,25.4,11.9,11.8,231.6,232.3,234.8,58,57.3,56.9,0,0,0,0,0,0,0,0,0,0,0,0,0,0,0,0,0,70,0,OK
9时10分48秒,46/79 静置,550.48,25.82,14211.92,549.77,25.94,14260.82,547.94,11.97,6558.64,545.81,12.01,6554.52,70,68.1,67.5,547.2,10.9,548.4,11.1,548.2,0,546.6,51.4,25.6,25.4,11.9,11.8,25.6,25.4,11.9,11.8,231.6,232.3,234.8,58,57.3,56.9,0,0,0,0,0,0,0,0,0,0,0,0,0,0,0,0,0,70,0,OK
9时10分53秒,46/79 静置,550.21,26,14307.48,548.95,25.94,14237.96,544.11,12.01,6535.67,549.65,11.98,6587.16,70,68.1,67.5,546,11.1,548.2,11,545.5,0,545.6,51.4,25.7,25.4,11.9,11.8,25.7,25.4,11.9,11.8,231,231.7,234.3,58.1,57.5,57.1,0,0,0,0,0,0,0,0,0,0,0,0,0,0,0,0,0,70,0,OK
9时10分58秒,46/79 静置,550.21,26,14307.48,548.95,25.94,14237.96,544.11,12.01,6535.67,549.65,11.98,6587.16,70,68.1,67.5,546,11.1,548.2,11,545.5,0,545.6,51.4,25.7,25.4,11.9,11.8,25.7,25.4,11.9,11.8,231,231.7,234.3,58.1,57.5,57.1,0,0,0,0,0,0,0,0,0,0,0,0,0,0,0,0,0,70,0,OK
9时11分03秒,46/79 静置,547.46,26.04,14253.87,545.4,26.04,14204.91,545.2,12,6545.08,546.91,11.94,6529.76,70,68.1,67.4,546.1,11,548.2,10.9,546,0,548.2,51.4,25.7,25.3,11.9,11.7,25.7,25.3,11.9,11.7,231.1,231.9,234.8,57.9,57.2,56.9,0,0,0,0,0,0,0,0,0,0,0,0,0,0,0,0,0,70,0,OK
9时11分08秒,46/79 静置,547.46,26.04,14253.87,545.4,26.04,14204.91,545.2,12,6545.08,546.91,11.94,6529.76,70,68.1,67.4,546.1,11,548.2,10.9,546,0,548.2,51.4,25.7,25.3,11.9,11.7,25.7,25.3,11.9,11.7,231.1,231.9,234.8,57.9,57.2,56.9,0,0,0,0,0,0,0,0,0,0,0,0,0,0,0,0,0,70,0,OK
9时11分13秒,46/79 静置,548.56,25.97,14243.82,541.3,26.11,14130.91,550.12,11.94,6570.31,547.18,11.95,6541.04,70,68.1,67.4,547.3,10.9,544.3,11.2,547.6,0,547,51.4,25.7,25.6,11.9,11.8,25.7,25.6,11.9,11.8,231,231.6,234.6,58,57.3,57,0,0,0,0,0,0,0,0,0,0,0,0,0,0,0,0,0,70,0,OK
9时11分18秒,46/79 静置,548.56,25.97,14243.82,541.3,26.11,14130.91,550.12,11.94,6570.31,547.18,11.95,6541.04,70,68.1,67.4,547.3,10.9,544.3,11.2,547.6,0,547,51.4,25.7,25.6,11.9,11.8,25.7,25.6,11.9,11.8,231,231.6,234.6,58,57.3,57,0,0,0,0,0,0,0,0,0,0,0,0,0,0,0,0,0,70,0,OK
9时11分23秒,46/79 静置,547.19,26.02,14238.2,550.59,25.74,14172.95,551.22,11.81,6511.24,547.18,11.91,6518.6,70,68.2,67.5,546.2,11.1,547.9,11.1,547.8,0,548.3,51.4,25.7,25.4,11.9,11.7,25.7,25.4,11.9,11.7,231.1,231.7,234.7,57.7,57.1,56.7,0,0,0,0,0,0,0,0,0,0,0,0,0,0,0,0,0,70,0,OK
9时11分28秒,46/79 静置,547.19,26.02,14238.2,550.59,25.74,14172.95,551.22,11.81,6511.24,547.18,11.91,6518.6,70,68.2,67.5,546.2,11.1,547.9,11.1,547.8,0,548.3,51.4,25.7,25.4,11.9,11.7,25.7,25.4,11.9,11.7,231.1,231.7,234.7,57.7,57.1,56.7,0,0,0,0,0,0,0,0,0,0,0,0,0,0,0,0,0,70,0,OK
9时11分33秒,46/79 静置,545,26.05,14197.65,544.58,26.13,14227.69,543.29,12.04,6541.21,547.73,11.97,6555.08,70,68.2,67.5,545.7,11,545.6,11.1,545.5,0,547.2,51.4,25.7,25.5,11.9,11.8,25.7,25.5,11.9,11.8,231,231.7,234.7,58,57.3,56.9,0,0,0,0,0,0,0,0,0,0,0,0,0,0,0,0,0,70,0,OK
9时11分38秒,46/79 静置,545,26.05,14197.65,544.58,26.13,14227.69,543.29,12.04,6541.21,547.73,11.97,6555.08,70,68.2,67.5,545.7,11,545.6,11.1,545.5,0,547.2,51.4,25.7,25.5,11.9,11.8,25.7,25.5,11.9,11.8,231,231.7,234.7,58,57.3,56.9,0,0,0,0,0,0,0,0,0,0,0,0,0,0,0,0,0,70,0,OK
9时11分43秒,46/79 静置,549.93,25.79,14180.05,550.87,25.38,13980.94,550.94,11.67,6427.3,549.37,11.85,6510.91,70,68.2,67.5,547.4,11,549.2,11.2,548,0,549,51.4,25.6,25.1,11.8,11.6,25.6,25.1,11.8,11.6,230.9,231.6,234.6,57.5,57.5,57.1,0,0,0,0,0,0,0,0,0,0,0,0,0,0,0,0,0,70,0,OK
9时11分48秒,46/79 静置,549.93,25.79,14180.05,550.87,25.38,13980.94,550.94,11.67,6427.3,549.37,11.85,6510.91,70,68.2,67.5,547.4,11,549.2,11.2,548,0,549,51.4,25.6,25.1,11.8,11.6,25.6,25.1,11.8,11.6,230.9,231.6,234.6,57.5,57.5,57.1,0,0,0,0,0,0,0,0,0,0,0,0,0,0,0,0,0,70,0,OK
9时11分53秒,46/79 静置,545.27,26.1,14231.96,548.68,26.02,14276.95,547.66,12.03,6587.46,546.36,12.04,6577.64,70,68.2,67.5,542.9,11,547.3,10.9,544.7,0,544.4,51.4,25.9,25.5,12,11.8,25.9,25.5,12,11.8,230.9,231.6,234.5,58.1,57.4,57,0,0,0,0,0,0,0,0,0,0,0,0,0,0,0,0,0,70,0,OK
9时11分58秒,46/79 静置,545.27,26.1,14231.96,548.68,26.02,14276.95,547.66,12.03,6587.46,546.36,12.04,6577.64,70,68.2,67.5,542.9,11,547.3,10.9,544.7,0,544.4,51.4,25.9,25.5,12,11.8,25.9,25.5,12,11.8,230.9,231.6,234.5,58.1,57.4,57,0,0,0,0,0,0,0,0,0,0,0,0,0,0,0,0,0,70,0,OK
9时12分03秒,46/79 静置,549.38,25.94,14251.76,543.49,26.12,14194.89,545.2,12.02,6552,544.44,12.03,6547.11,70,68.2,67.5,547.3,10.9,544.4,11.2,544.7,0,545.2,51.4,25.7,25.5,12,11.8,25.7,25.5,12,11.8,231,231.8,234.7,58,57.1,56.8,0,0,0,0,0,0,0,0,0,0,0,0,0,0,0,0,0,70,0,OK
9时12分08秒,46/79 静置,549.38,25.94,14251.76,543.49,26.12,14194.89,545.2,12.02,6552,544.44,12.03,6547.11,70,68.2,67.5,547.3,10.9,544.4,11.2,544.7,0,545.2,51.4,25.7,25.5,12,11.8,25.7,25.5,12,11.8,231,231.8,234.7,58,57.1,56.8,0,0,0,0,0,0,0,0,0,0,0,0,0,0,0,0,0,70,0,OK
9时12分13秒,46/79 静置,550.75,25.96,14294.83,545.95,26.05,14219.69,547.12,11.99,6561.11,549.37,11.93,6552.22,70,68.2,67.5,547.1,10.9,547.1,11.2,546.7,0,548.6,51.4,25.7,25.5,11.9,11.7,25.7,25.5,11.9,11.7,231,231.7,234.7,58,57.4,57,0,0,0,0,0,0,0,0,0,0,0,0,0,0,0,0,0,70,0,OK
9时12分18秒,46/79 静置,550.75,25.96,14294.83,545.95,26.05,14219.69,547.12,11.99,6561.11,549.37,11.93,6552.22,70,68.2,67.5,547.1,10.9,547.1,11.2,546.7,0,548.6,51.4,25.7,25.5,11.9,11.7,25.7,25.5,11.9,11.7,231,231.7,234.7,58,57.4,57,0,0,0,0,0,0,0,0,0,0,0,0,0,0,0,0,0,70,0,OK
9时12分23秒,46/79 静置,550.48,25.41,13987.21,547.59,25.94,14206.78,545.2,12.02,6555.72,549.65,11.85,6514.69,70,68.2,67.5,549.3,10.9,549.1,11,545.5,0,549.4,51.4,25.1,25.3,11.9,11.7,25.1,25.3,11.9,11.7,231.1,231.7,234.6,58.1,57.4,57.1,0,0,0,0,0,0,0,0,0,0,0,0,0,0,0,0,0,70,0,OK
9时12分28秒,46/79 静置,550.48,25.41,13987.21,547.59,25.94,14206.78,545.2,12.02,6555.72,549.65,11.85,6514.69,70,68.2,67.5,549.3,10.9,549.1,11,545.5,0,549.4,51.4,25.1,25.3,11.9,11.7,25.1,25.3,11.9,11.7,231.1,231.7,234.6,58.1,57.4,57.1,0,0,0,0,0,0,0,0,0,0,0,0,0,0,0,0,0,70,0,OK
9时12分33秒,46/79 静置,547.19,26.03,14244.08,548.68,26.03,14282.31,549.58,11.96,6573.45,539.24,12.01,6475.05,70,68.2,67.5,546.9,10.8,547.6,10.9,548.2,0,548.5,51.4,25.6,25.5,11.9,11.7,25.6,25.5,11.9,11.7,231.1,231.8,234.7,57.7,57,56.7,0,0,0,0,0,0,0,0,0,0,0,0,0,0,0,0,0,70,0,OK
9时12分38秒,46/79 静置,547.19,26.03,14244.08,548.68,26.03,14282.31,549.58,11.96,6573.45,539.24,12.01,6475.05,70,68.2,67.5,546.9,10.8,547.6,10.9,548.2,0,548.5,51.4,25.6,25.5,11.9,11.7,25.6,25.5,11.9,11.7,231.1,231.8,234.7,57.7,57,56.7,0,0,0,0,0,0,0,0,0,0,0,0,0,0,0,0,0,70,0,OK
9时12分43秒,46/79 静置,547.74,26.03,14259.41,548.95,26.02,14281.92,549.58,11.98,6581.5,550.19,11.66,6412.65,70,68.2,67.5,546.5,10.7,548.1,11,548.1,0,550.9,51.4,25.6,25.5,11.9,11.3,25.6,25.5,11.9,11.3,231.2,232.1,234.9,58,57.1,56.7,0,0,0,0,0,0,0,0,0,0,0,0,0,0,0,0,0,70,0,OK
9时12分48秒,46/79 静置,547.74,26.03,14259.41,548.95,26.02,14281.92,549.58,11.98,6581.5,550.19,11.66,6412.65,70,68.2,67.5,546.5,10.7,548.1,11,548.1,0,550.9,51.4,25.6,25.5,11.9,11.3,25.6,25.5,11.9,11.3,231.2,232.1,234.9,58,57.1,56.7,0,0,0,0,0,0,0,0,0,0,0,0,0,0,0,0,0,70,0,OK
9时12分53秒,46/79 静置,548.56,25.94,14228.29,546.77,26.02,14229.31,550.4,11.97,6587.55,547.18,11.96,6544.25,70,68.2,67.5,547.9,10.8,548.1,11.1,547.8,0,549.3,51.4,25.6,25.5,11.9,11.7,25.6,25.5,11.9,11.7,230.5,231.2,233.9,58.2,57.5,57.2,0,0,0,0,0,0,0,0,0,0,0,0,0,0,0,0,0,70,0,OK
9时12分58秒,46/79 静置,548.56,25.94,14228.29,546.77,26.02,14229.31,550.4,11.97,6587.55,547.18,11.96,6544.25,70,68.2,67.5,547.9,10.8,548.1,11.1,547.8,0,549.3,51.4,25.6,25.5,11.9,11.7,25.6,25.5,11.9,11.7,230.5,231.2,233.9,58.2,57.5,57.2,0,0,0,0,0,0,0,0,0,0,0,0,0,0,0,0,0,70,0,OK
9时13分03秒,46/79 静置,548.29,26.03,14273.13,545.13,26.07,14209.5,547.66,11.98,6562.85,549.92,11.97,6581.31,70,68.2,67.6,544.9,11,545,11.2,548,0,546.5,51.4,25.8,25.5,11.9,11.8,25.8,25.5,11.9,11.8,230.7,231.5,234,58.1,57.4,57.1,0,0,0,0,0,0,0,0,0,0,0,0,0,0,0,0,0,70,0,OK
9时13分08秒,46/79 静置,548.29,26.03,14273.13,545.13,26.07,14209.5,547.66,11.98,6562.85,549.92,11.97,6581.31,70,68.2,67.6,544.9,11,545,11.2,548,0,546.5,51.4,25.8,25.5,11.9,11.8,25.8,25.5,11.9,11.8,230.7,231.5,234,58.1,57.4,57.1,0,0,0,0,0,0,0,0,0,0,0,0,0,0,0,0,0,70,0,OK
9时13分13秒,46/79 静置,547.19,26.01,14230.18,548.41,25.96,14237.17,549.58,11.89,6535.34,549.92,12,6598.49,70,68.2,67.6,545.8,11.1,548,11,548.5,0,547.1,51.4,25.8,25.4,11.8,11.8,25.8,25.4,11.8,11.8,230.7,231.5,233.7,58.2,57.3,57,0,0,0,0,0,0,0,0,0,0,0,0,0,0,0,0,0,70,0,OK
9时13分18秒,46/79 静置,547.19,26.01,14230.18,548.41,25.96,14237.17,549.58,11.89,6535.34,549.92,12,6598.49,70,68.2,67.6,545.8,11.1,548,11,548.5,0,547.1,51.4,25.8,25.4,11.8,11.8,25.8,25.4,11.8,11.8,230.7,231.5,233.7,58.2,57.3,57,0,0,0,0,0,0,0,0,0,0,0,0,0,0,0,0,0,70,0,OK
9时13分23秒,46/79 静置,548.01,25.97,14232.28,552.23,25.08,13848.98,550.67,11.83,6513.92,548.82,11.94,6552.65,70,68.2,67.6,546.5,11,549.4,11.2,548.1,0,548.5,51.4,25.7,25.1,11.8,11.7,25.7,25.1,11.8,11.7,230.6,231.5,233.8,58,57.3,57,0,0,0,0,0,0,0,0,0,0,0,0,0,0,0,0,0,70,0,OK
9时13分28秒,46/79 静置,548.01,25.97,14232.28,552.23,25.08,13848.98,550.67,11.83,6513.92,548.82,11.94,6552.65,70,68.2,67.6,546.5,11,549.4,11.2,548.1,0,548.5,51.4,25.7,25.1,11.8,11.7,25.7,25.1,11.8,11.7,230.6,231.5,233.8,58,57.3,57,0,0,0,0,0,0,0,0,0,0,0,0,0,0,0,0,0,70,0,OK
9时13分33秒,46/79 静置,550.21,25.88,14239.24,547.86,25.97,14226.71,551.22,11.82,6516.08,549.65,11.85,6512.55,70,68.2,67.6,546.9,11,548.2,11.2,547.8,0,547.6,51.4,25.7,25.4,11.9,11.7,25.7,25.4,11.9,11.7,230.9,231.7,233.9,57.8,57.2,56.8,0,0,0,0,0,0,0,0,0,0,0,0,0,0,0,0,0,70,0,OK
9时13分38秒,46/79 静置,550.21,25.88,14239.24,547.86,25.97,14226.71,551.22,11.82,6516.08,549.65,11.85,6512.55,70,68.2,67.6,546.9,11,548.2,11.2,547.8,0,547.6,51.4,25.7,25.4,11.9,11.7,25.7,25.4,11.9,11.7,230.9,231.7,233.9,57.8,57.2,56.8,0,0,0,0,0,0,0,0,0,0,0,0,0,0,0,0,0,70,0,OK
9时13分43秒,46/79 静置,549.66,26.02,14304.51,546.22,26.04,14226.28,546.84,11.99,6555.16,543.62,12.03,6537.76,70,68.3,67.6,545.2,11,547.5,11,547.1,0,545.2,51.4,25.8,25.4,11.9,11.8,25.8,25.4,11.9,11.8,230.8,231.8,234.2,58.1,57.4,57,0,0,0,0,0,0,0,0,0,0,0,0,0,0,0,0,0,70,0,OK
9时13分48秒,46/79 静置,549.66,26.02,14304.51,546.22,26.04,14226.28,546.84,11.99,6555.16,543.62,12.03,6537.76,70,68.3,67.6,545.2,11,547.5,11,547.1,0,545.2,51.4,25.8,25.4,11.9,11.8,25.8,25.4,11.9,11.8,230.8,231.8,234.2,58.1,57.4,57,0,0,0,0,0,0,0,0,0,0,0,0,0,0,0,0,0,70,0,OK
9时13分53秒,46/79 静置,547.74,25.99,14236.94,550.59,25.77,14189.62,547.66,11.95,6542,544.44,12.01,6537.54,70,68.3,67.6,547.1,11,550.8,10.7,549,0,548.1,51.4,25.7,24.8,11.8,11.7,25.7,24.8,11.8,11.7,230.9,231.9,234.3,57.9,57.2,56.8,0,0,0,0,0,0,0,0,0,0,0,0,0,0,0,0,0,70,0,OK
9时13分58秒,46/79 静置,547.74,25.99,14236.94,550.59,25.77,14189.62,547.66,11.95,6542,544.44,12.01,6537.54,70,68.3,67.6,547.1,11,550.8,10.7,549,0,548.1,51.4,25.7,24.8,11.8,11.7,25.7,24.8,11.8,11.7,230.9,231.9,234.3,57.9,57.2,56.8,0,0,0,0,0,0,0,0,0,0,0,0,0,0,0,0,0,70,0,OK
9时14分03秒,46/79 静置,538.42,26.18,14094.69,542.67,26.14,14186.71,542.74,12.04,6535.16,546.91,12,6563.41,70,68.3,67.6,540.3,11.2,544.3,11.2,541.4,0,547.4,51.4,25.9,25.6,12,11.8,25.9,25.6,12,11.8,230.9,231.7,234.3,57.9,57.2,56.9,0,0,0,0,0,0,0,0,0,0,0,0,0,0,0,0,0,70,0,OK
9时14分08秒,46/79 静置,538.42,26.18,14094.69,542.67,26.14,14186.71,542.74,12.04,6535.16,546.91,12,6563.41,70,68.3,67.6,540.3,11.2,544.3,11.2,541.4,0,547.4,51.4,25.9,25.6,12,11.8,25.9,25.6,12,11.8,230.9,231.7,234.3,57.9,57.2,56.9,0,0,0,0,0,0,0,0,0,0,0,0,0,0,0,0,0,70,0,OK
9时14分13秒,46/79 静置,545.55,26.04,14204.46,547.86,26.02,14255.6,541.37,12.04,6518.16,547.45,12,6569.45,70,68.3,67.6,545.7,10.8,547.6,10.9,543.2,0,547.1,51.4,25.8,25.4,12,11.7,25.8,25.4,12,11.7,230.9,231.8,234.3,58.1,57.4,57.1,0,0,0,0,0,0,0,0,0,0,0,0,0,0,0,0,0,70,0,OK
9时14分18秒,46/79 静置,545.55,26.04,14204.46,547.86,26.02,14255.6,541.37,12.04,6518.16,547.45,12,6569.45,70,68.3,67.6,545.7,10.8,547.6,10.9,543.2,0,547.1,51.4,25.8,25.4,12,11.7,25.8,25.4,12,11.7,230.9,231.8,234.3,58.1,57.4,57.1,0,0,0,0,0,0,0,0,0,0,0,0,0,0,0,0,0,70,0,OK
9时14分23秒,46/79 静置,549.93,25.94,14266.51,544.85,26.09,14213.01,547.39,12,6571.34,549.1,11.99,6585.42,71,68.3,67.6,547.6,11,544.7,11.3,546,0,547.1,51.4,25.7,25.5,11.9,11.8,25.7,25.5,11.9,11.8,231,232.1,234.5,57.5,56.8,56.5,0,0,0,0,0,0,0,0,0,0,0,0,0,0,0,0,0,71,0,OK
9时14分28秒,46/79 静置,549.93,25.94,14266.51,544.85,26.09,14213.01,547.39,12,6571.34,549.1,11.99,6585.42,71,68.3,67.6,547.6,11,544.7,11.3,546,0,547.1,51.4,25.7,25.5,11.9,11.8,25.7,25.5,11.9,11.8,231,232.1,234.5,57.5,56.8,56.5,0,0,0,0,0,0,0,0,0,0,0,0,0,0,0,0,0,71,0,OK
9时14分33秒,46/79 静置,546.92,26.06,14250.29,549.5,25.98,14275.73,541.92,12.05,6531.1,544.99,12.04,6562.74,71,68.3,67.6,544.9,11,548.1,11.1,543.7,0,544.5,51.4,25.8,25.4,12,11.8,25.8,25.4,12,11.8,231,231.9,234.5,58.1,57.4,57,0,0,0,0,0,0,0,0,0,0,0,0,0,0,0,0,0,71,0,OK
9时14分38秒,46/79 静置,546.92,26.06,14250.29,549.5,25.98,14275.73,541.92,12.05,6531.1,544.99,12.04,6562.74,71,68.3,67.6,544.9,11,548.1,11.1,543.7,0,544.5,51.4,25.8,25.4,12,11.8,25.8,25.4,12,11.8,231,231.9,234.5,58.1,57.4,57,0,0,0,0,0,0,0,0,0,0,0,0,0,0,0,0,0,71,0,OK
9时14分43秒,46/79 静置,548.83,25.92,14223.08,550.59,25.44,14006.27,547.39,11.97,6551.56,550.47,11.91,6557.22,71,68.3,67.6,548,10.9,550.7,10.4,548.3,0,549.8,51.4,25.6,24.8,11.9,11.6,25.6,24.8,11.9,11.6,231,231.8,234.3,57.9,57.2,56.8,0,0,0,0,0,0,0,0,0,0,0,0,0,0,0,0,0,71,0,OK
9时14分48秒,46/79 静置,548.83,25.92,14223.08,550.59,25.44,14006.27,547.39,11.97,6551.56,550.47,11.91,6557.22,71,68.3,67.6,548,10.9,550.7,10.4,548.3,0,549.8,51.4,25.6,24.8,11.9,11.6,25.6,24.8,11.9,11.6,231,231.8,234.3,57.9,57.2,56.8,0,0,0,0,0,0,0,0,0,0,0,0,0,0,0,0,0,71,0,OK
9时14分53秒,46/79 静置,544.18,26.09,14200.14,545.67,26.07,14225.35,547.66,12.02,6582.11,546.91,12.01,6566.08,71,68.3,67.6,543.6,11.1,544.9,11.2,545.5,0,545.9,51.4,25.9,25.5,12,11.8,25.9,25.5,12,11.8,231,232.1,234.5,57.8,57.1,56.7,0,0,0,0,0,0,0,0,0,0,0,0,0,0,0,0,0,71,0,OK
9时14分58秒,46/79 静置,544.18,26.09,14200.14,545.67,26.07,14225.35,547.66,12.02,6582.11,546.91,12.01,6566.08,71,68.3,67.6,543.6,11.1,544.9,11.2,545.5,0,545.9,51.4,25.9,25.5,12,11.8,25.9,25.5,12,11.8,231,232.1,234.5,57.8,57.1,56.7,0,0,0,0,0,0,0,0,0,0,0,0,0,0,0,0,0,71,0,OK
9时15分03秒,46/79 静置,544.72,26.06,14193.69,550.05,25.94,14265.77,550.12,11.81,6497.78,548.82,12,6588.56,71,68.3,67.6,545.1,10.8,548.1,11.2,549.1,0,545.6,51.4,25.8,25.4,11.7,11.8,25.8,25.4,11.7,11.8,230.8,231.6,234,58.1,57.4,57.1,0,0,0,0,0,0,0,0,0,0,0,0,0,0,0,0,0,71,0,OK
9时15分08秒,46/79 静置,544.72,26.06,14193.69,550.05,25.94,14265.77,550.12,11.81,6497.78,548.82,12,6588.56,71,68.3,67.6,545.1,10.8,548.1,11.2,549.1,0,545.6,51.4,25.8,25.4,11.7,11.8,25.8,25.4,11.7,11.8,230.8,231.6,234,58.1,57.4,57.1,0,0,0,0,0,0,0,0,0,0,0,0,0,0,0,0,0,71,0,OK
9时15分13秒,46/79 静置,543.36,26.15,14207.37,547.04,26.07,14260.97,546.29,12,6558.21,539.24,12.08,6511.38,71,68.3,67.6,541.4,11.1,546.3,11,544.9,0,539.9,51.4,25.9,25.5,12,11.9,25.9,25.5,12,11.9,230.9,231.7,234.2,58,57.3,57,0,0,0,0,0,0,0,0,0,0,0,0,0,0,0,0,0,71,0,OK
9时15分18秒,46/79 静置,543.36,26.15,14207.37,547.04,26.07,14260.97,546.29,12,6558.21,539.24,12.08,6511.38,71,68.3,67.6,541.4,11.1,546.3,11,544.9,0,539.9,51.4,25.9,25.5,12,11.9,25.9,25.5,12,11.9,230.9,231.7,234.2,58,57.3,57,0,0,0,0,0,0,0,0,0,0,0,0,0,0,0,0,0,71,0,OK
9时15分23秒,46/79 静置,549.11,25.92,14234.48,550.87,25.69,14154.17,548.76,11.99,6577.03,546.91,12.01,6566.08,71,68.3,67.6,547.3,10.9,549.2,10.9,548.4,0,547.9,51.4,25.7,25.3,11.9,11.7,25.7,25.3,11.9,11.7,231,231.8,234.3,58,57.3,57,0,0,0,0,0,0,0,0,0,0,0,0,0,0,0,0,0,71,0,OK
9时15分28秒,46/79 静置,549.11,25.92,14234.48,550.87,25.69,14154.17,548.76,11.99,6577.03,546.91,12.01,6566.08,71,68.3,67.6,547.3,10.9,549.2,10.9,548.4,0,547.9,51.4,25.7,25.3,11.9,11.7,25.7,25.3,11.9,11.7,231,231.8,234.3,58,57.3,57,0,0,0,0,0,0,0,0,0,0,0,0,0,0,0,0,0,71,0,OK
9时15分33秒,46/79 静置,544.45,26.06,14189.23,545.13,26.08,14216.95,544.65,12.04,6557.13,550.47,11.85,6524.97,71,68.4,67.7,544.7,10.9,544.8,11.3,543.8,0,547.8,51.4,25.8,25.5,12,11.7,25.8,25.5,12,11.7,230.9,231.6,234.2,57.9,57.4,57,0,0,0,0,0,0,0,0,0,0,0,0,0,0,0,0,0,71,0,OK
9时15分38秒,46/79 静置,544.45,26.06,14189.23,545.13,26.08,14216.95,544.65,12.04,6557.13,550.47,11.85,6524.97,71,68.4,67.7,544.7,10.9,544.8,11.3,543.8,0,547.8,51.4,25.8,25.5,12,11.7,25.8,25.5,12,11.7,230.9,231.6,234.2,57.9,57.4,57,0,0,0,0,0,0,0,0,0,0,0,0,0,0,0,0,0,71,0,OK
9时15分43秒,46/79 静置,550.48,25.75,14176.97,548.68,25.97,14246.94,546.84,12.03,6577.05,548.82,12.02,6597.13,71,68.4,67.7,547.4,11,547.7,11.1,544.7,0,546.2,51.4,25.6,25.4,12,11.8,25.6,25.4,12,11.8,231,231.6,234.1,58,57.2,56.9,0,0,0,0,0,0,0,0,0,0,0,0,0,0,0,0,0,71,0,OK
9时15分48秒,46/79 静置,550.48,25.75,14176.97,548.68,25.97,14246.94,546.84,12.03,6577.05,548.82,12.02,6597.13,71,68.4,67.7,547.4,11,547.7,11.1,544.7,0,546.2,51.4,25.6,25.4,12,11.8,25.6,25.4,12,11.8,231,231.6,234.1,58,57.2,56.9,0,0,0,0,0,0,0,0,0,0,0,0,0,0,0,0,0,71,0,OK
9时15分53秒,46/79 静置,550.48,26.01,14319.97,545.95,26.02,14203.69,548.76,11.92,6541.13,550.74,11.96,6586.84,71,68.4,67.7,547,11,548.2,11,547.6,0,547.7,51.4,25.7,25.4,11.9,11.7,25.7,25.4,11.9,11.7,230.9,231.7,234.1,58,57.4,57.1,0,0,0,0,0,0,0,0,0,0,0,0,0,0,0,0,0,71,0,OK
9时15分58秒,46/79 静置,550.48,26.01,14319.97,545.95,26.02,14203.69,548.76,11.92,6541.13,550.74,11.96,6586.84,71,68.4,67.7,547,11,548.2,11,547.6,0,547.7,51.4,25.7,25.4,11.9,11.7,25.7,25.4,11.9,11.7,230.9,231.7,234.1,58,57.4,57.1,0,0,0,0,0,0,0,0,0,0,0,0,0,0,0,0,0,71,0,OK
9时16分03秒,46/79 静置,548.83,25.93,14233.26,547.59,25.95,14207.31,549.58,11.99,6589.01,545.54,12.02,6558.69,71,68.4,67.7,547.4,10.8,549.3,11,546,0,545.3,51.4,25.7,25.3,11.9,11.8,25.7,25.3,11.9,11.8,231,231.9,234.4,58.2,57.4,56.8,0,0,0,0,0,0,0,0,0,0,0,0,0,0,0,0,0,71,0,OK
9时16分08秒,46/79 静置,548.83,25.93,14233.26,547.59,25.95,14207.31,549.58,11.99,6589.01,545.54,12.02,6558.69,71,68.4,67.7,547.4,10.8,549.3,11,546,0,545.3,51.4,25.7,25.3,11.9,11.8,25.7,25.3,11.9,11.8,231,231.9,234.4,58.2,57.4,56.8,0,0,0,0,0,0,0,0,0,0,0,0,0,0,0,0,0,71,0,OK
9时16分13秒,46/79 静置,546.09,26.15,14278.46,547.04,26.02,14233.73,549.03,11.97,6573.87,547.73,11.99,6567.92,71,68.4,67.7,541.7,11.1,547.8,11.1,547.3,0,545.8,51.4,25.9,25.5,11.9,11.8,25.9,25.5,11.9,11.8,230.7,231.6,234.2,58.2,57.3,57,0,0,0,0,0,0,0,0,0,0,0,0,0,0,0,0,0,71,0,OK
9时16分19秒,46/79 静置,546.09,26.15,14278.46,547.04,26.02,14233.73,549.03,11.97,6573.87,547.73,11.99,6567.92,71,68.4,67.7,541.7,11.1,547.8,11.1,547.3,0,545.8,51.4,25.9,25.5,11.9,11.8,25.9,25.5,11.9,11.8,230.7,231.6,234.2,58.2,57.3,57,0,0,0,0,0,0,0,0,0,0,0,0,0,0,0,0,0,71,0,OK
9时16分24秒,46/79 静置,551.58,25.32,13964.98,549.23,25.98,14270.24,547.94,11.95,6545.26,549.1,11.86,6509.81,71,68.4,67.7,548.4,10.6,548.6,11,548.4,0,548.8,51.4,25.3,25.4,11.8,11.7,25.3,25.4,11.8,11.7,230,231.6,234.2,58,57.2,56.8,0,0,0,0,0,0,0,0,0,0,0,0,0,0,0,0,0,71,0,OK
9时16分29秒,46/79 静置,551.58,25.32,13964.98,549.23,25.98,14270.24,547.94,11.95,6545.26,549.1,11.86,6509.81,71,68.4,67.7,548.4,10.6,548.6,11,548.4,0,548.8,51.4,25.3,25.4,11.8,11.7,25.3,25.4,11.8,11.7,230,231.6,234.2,58,57.2,56.8,0,0,0,0,0,0,0,0,0,0,0,0,0,0,0,0,0,71,0,OK
9时16分34秒,46/79 静置,546.64,26,14210.04,547.04,25.98,14211.82,548.48,11.99,6573.75,551.56,11.78,6494.86,71,68.4,67.7,546.9,10.9,548.2,10.9,547.6,0,548.7,51.4,25.7,25.4,11.9,11.6,25.7,25.4,11.9,11.6,230.4,231.8,234.3,58,57.3,56.9,0,0,0,0,0,0,0,0,0,0,0,0,0,0,0,0,0,71,0,OK
9时16分39秒,46/79 静置,546.64,26,14210.04,547.04,25.98,14211.82,548.48,11.99,6573.75,551.56,11.78,6494.86,71,68.4,67.7,546.9,10.9,548.2,10.9,547.6,0,548.7,51.4,25.7,25.4,11.9,11.6,25.7,25.4,11.9,11.6,230.4,231.8,234.3,58,57.3,56.9,0,0,0,0,0,0,0,0,0,0,0,0,0,0,0,0,0,71,0,OK
9时16分44秒,46/79 静置,541.99,26.05,14120.2,547.59,26.04,14256.51,547.39,11.97,6551.56,550.47,11.92,6563.67,71,68.4,67.7,545.4,11.2,547.2,11,547.4,0,548.4,51.4,25.8,25.5,11.9,11.7,25.8,25.5,11.9,11.7,230.9,231.8,234.2,57.9,57.2,57,0,0,0,0,0,0,0,0,0,0,0,0,0,0,0,0,0,71,0,OK
9时16分49秒,46/79 静置,541.99,26.05,14120.2,547.59,26.04,14256.51,547.39,11.97,6551.56,550.47,11.92,6563.67,71,68.4,67.7,545.4,11.2,547.2,11,547.4,0,548.4,51.4,25.8,25.5,11.9,11.7,25.8,25.5,11.9,11.7,230.9,231.8,234.2,57.9,57.2,57,0,0,0,0,0,0,0,0,0,0,0,0,0,0,0,0,0,71,0,OK
9时16分54秒,46/79 静置,547.74,25.96,14217.68,551.41,25.56,14096.6,549.85,11.96,6576.71,550.19,11.95,6572.23,71,68.5,67.7,545.9,10.8,549.2,10.8,546.3,0,548,51.4,25.8,25.2,11.9,11.7,25.8,25.2,11.9,11.7,230.9,231.7,234.1,58,57.3,57,0,0,0,0,0,0,0,0,0,0,0,0,0,0,0,0,0,71,0,OK
9时16分59秒,46/79 静置,547.74,25.96,14217.68,551.41,25.56,14096.6,549.85,11.96,6576.71,550.19,11.95,6572.23,71,68.5,67.7,545.9,10.8,549.2,10.8,546.3,0,548,51.4,25.8,25.2,11.9,11.7,25.8,25.2,11.9,11.7,230.9,231.7,234.1,58,57.3,57,0,0,0,0,0,0,0,0,0,0,0,0,0,0,0,0,0,71,0,OK
9时17分04秒,46/79 静置,549.38,25.87,14210.45,548.95,26.03,14287.28,551.22,11.62,6406.27,549.1,11.94,6554.32,71,68.5,67.7,547.5,10.9,546.9,11.3,548.3,0,548.9,51.4,25.7,25.5,11.7,11.7,25.7,25.5,11.7,11.7,230.6,231.4,233.9,58.1,57.4,57.1,0,0,0,0,0,0,0,0,0,0,0,0,0,0,0,0,0,71,0,OK
9时17分09秒,46/79 静置,549.38,25.87,14210.45,548.95,26.03,14287.28,551.22,11.62,6406.27,549.1,11.94,6554.32,71,68.5,67.7,547.5,10.9,546.9,11.3,548.3,0,548.9,51.4,25.7,25.5,11.7,11.7,25.7,25.5,11.7,11.7,230.6,231.4,233.9,58.1,57.4,57.1,0,0,0,0,0,0,0,0,0,0,0,0,0,0,0,0,0,71,0,OK
9时17分14秒,46/79 静置,550.48,25.84,14226.97,550.05,25.89,14242.67,550.67,11.94,6574.69,550.19,11.95,6574.92,71,68.5,67.7,547.3,11,548.9,11.1,547.5,0,548.4,51.4,25.7,25.4,11.9,11.7,25.7,25.4,11.9,11.7,230.6,231.5,234.1,57.8,57.1,56.8,0,0,0,0,0,0,0,0,0,0,0,0,0,0,0,0,0,71,0,OK
9时17分19秒,46/79 静置,550.48,25.84,14226.97,550.05,25.89,14242.67,550.67,11.94,6574.69,550.19,11.95,6574.92,71,68.5,67.7,547.3,11,548.9,11.1,547.5,0,548.4,51.4,25.7,25.4,11.9,11.7,25.7,25.4,11.9,11.7,230.6,231.5,234.1,57.8,57.1,56.8,0,0,0,0,0,0,0,0,0,0,0,0,0,0,0,0,0,71,0,OK
9时17分24秒,46/79 静置,549.38,25.96,14264.64,551.41,25.54,14085.83,548.21,12.01,6582.26,549.37,11.94,6561.87,71,68.5,67.8,545.5,10.9,549.3,10.8,545,0,548.5,51.4,25.8,25.2,11.9,11.7,25.8,25.2,11.9,11.7,230.6,231.7,234,58.1,57.3,57,0,0,0,0,0,0,0,0,0,0,0,0,0,0,0,0,0,71,0,OK
9时17分29秒,46/79 静置,549.38,25.96,14264.64,551.41,25.54,14085.83,548.21,12.01,6582.26,549.37,11.94,6561.87,71,68.5,67.8,545.5,10.9,549.3,10.8,545,0,548.5,51.4,25.8,25.2,11.9,11.7,25.8,25.2,11.9,11.7,230.6,231.7,234,58.1,57.3,57,0,0,0,0,0,0,0,0,0,0,0,0,0,0,0,0,0,71,0,OK
9时17分34秒,46/79 静置,549.93,25.92,14254.16,549.23,25.97,14263.8,551.49,11.95,6592.02,544.99,11.99,6531.88,71,68.5,67.8,546.5,10.9,548,11.1,548.3,0,547.8,51.4,25.8,25.4,11.8,11.8,25.8,25.4,11.8,11.8,230.6,231.4,234.2,58,57.3,56.9,0,0,0,0,0,0,0,0,0,0,0,0,0,0,0,0,0,71,0,OK
9时17分39秒,46/79 静置,549.93,25.92,14254.16,549.23,25.97,14263.8,551.49,11.95,6592.02,544.99,11.99,6531.88,71,68.5,67.8,546.5,10.9,548,11.1,548.3,0,547.8,51.4,25.8,25.4,11.8,11.8,25.8,25.4,11.8,11.8,230.6,231.4,234.2,58,57.3,56.9,0,0,0,0,0,0,0,0,0,0,0,0,0,0,0,0,0,71,0,OK
9时17分44秒,46/79 静置,548.29,26.03,14273.67,550.59,25.77,14186.39,549.58,11.94,6562.18,547.45,12,6571.59,71,68.5,67.8,546.5,10.9,549.3,11.1,548.3,0,547.4,51.4,25.8,25.3,11.9,11.8,25.8,25.3,11.9,11.8,230.6,231.4,234.1,58.2,57.5,57.2,0,0,0,0,0,0,0,0,0,0,0,0,0,0,0,0,0,71,0,OK
9时17分49秒,46/79 静置,548.29,26.03,14273.67,550.59,25.77,14186.39,549.58,11.94,6562.18,547.45,12,6571.59,71,68.5,67.8,546.5,10.9,549.3,11.1,548.3,0,547.4,51.4,25.8,25.3,11.9,11.8,25.8,25.3,11.9,11.8,230.6,231.4,234.1,58.2,57.5,57.2,0,0,0,0,0,0,0,0,0,0,0,0,0,0,0,0,0,71,0,OK
9时17分54秒,46/79 静置,551.3,25.46,14035.56,551.41,25.5,14059.44,546.29,11.99,6547.54,546.63,12.02,6569.19,71,68.5,67.8,547.8,10.8,549.5,10.9,547.2,0,545.8,51.4,25.5,25.1,11.9,11.8,25.5,25.1,11.9,11.8,230.4,231.2,233.9,58.2,57.5,57.2,0,0,0,0,0,0,0,0,0,0,0,0,0,0,0,0,0,71,0,OK
9时17分59秒,46/79 静置,551.3,25.46,14035.56,551.41,25.5,14059.44,546.29,11.99,6547.54,546.63,12.02,6569.19,71,68.5,67.8,547.8,10.8,549.5,10.9,547.2,0,545.8,51.4,25.5,25.1,11.9,11.8,25.5,25.1,11.9,11.8,230.4,231.2,233.9,58.2,57.5,57.2,0,0,0,0,0,0,0,0,0,0,0,0,0,0,0,0,0,71,0,OK
9时18分04秒,46/79 静置,550.48,25.83,14216.21,549.5,25.94,14253.73,550.4,11.91,6555.83,548.82,11.94,6550.51,71,68.5,67.8,547.7,10.9,549.8,10.9,548.1,0,549.2,51.4,25.7,25.2,11.9,11.7,25.7,25.2,11.9,11.7,230.5,231.3,233.9,58.1,57.4,57.1,0,0,0,0,0,0,0,0,0,0,0,0,0,0,0,0,0,71,0,OK
9时18分09秒,46/79 静置,550.48,25.83,14216.21,549.5,25.94,14253.73,550.4,11.91,6555.83,548.82,11.94,6550.51,71,68.5,67.8,547.7,10.9,549.8,10.9,548.1,0,549.2,51.4,25.7,25.2,11.9,11.7,25.7,25.2,11.9,11.7,230.5,231.3,233.9,58.1,57.4,57.1,0,0,0,0,0,0,0,0,0,0,0,0,0,0,0,0,0,71,0,OK
9时18分14秒,46/79 静置,547.19,26.07,14264.92,545.13,26.12,14236.12,545.75,12.01,6556.97,544.99,12.03,6558.49,71,68.5,67.8,543.2,11,543.7,11.2,544.2,0,544.6,51.4,25.9,25.6,12,11.8,25.9,25.6,12,11.8,230.7,231.6,234,57.9,57.2,56.8,0,0,0,0,0,0,0,0,0,0,0,0,0,0,0,0,0,71,0,OK
9时18分19秒,46/79 静置,547.19,26.07,14264.92,545.13,26.12,14236.12,545.75,12.01,6556.97,544.99,12.03,6558.49,71,68.5,67.8,543.2,11,543.7,11.2,544.2,0,544.6,51.4,25.9,25.6,12,11.8,25.9,25.6,12,11.8,230.7,231.6,234,57.9,57.2,56.8,0,0,0,0,0,0,0,0,0,0,0,0,0,0,0,0,0,71,0,OK
9时18分24秒,46/79 静置,549.66,25.92,14247.61,550.87,25.75,14182.68,551.49,11.7,6453.07,551.56,11.88,6553.04,71,68.5,67.8,546,10.9,548.5,11.1,547.6,0,547.1,51.4,25.8,25.4,11.9,11.7,25.8,25.4,11.9,11.7,230.5,231.3,233.8,58,57.2,56.9,0,0,0,0,0,0,0,0,0,0,0,0,0,0,0,0,0,71,0,OK
9时18分29秒,46/79 静置,549.66,25.92,14247.61,550.87,25.75,14182.68,551.49,11.7,6453.07,551.56,11.88,6553.04,71,68.5,67.8,546,10.9,548.5,11.1,547.6,0,547.1,51.4,25.8,25.4,11.9,11.7,25.8,25.4,11.9,11.7,230.5,231.3,233.8,58,57.2,56.9,0,0,0,0,0,0,0,0,0,0,0,0,0,0,0,0,0,71,0,OK
9时18分34秒,46/79 静置,549.66,25.94,14260.49,547.86,26.01,14248.65,546.02,12.02,6562.92,549.37,12.04,6611.77,71,68.5,67.8,547.9,11,547.4,10.9,548.4,0,547.7,51.4,25.5,25.5,11.8,11.8,25.5,25.5,11.8,11.8,230.7,231.5,233.9,58.2,57.5,57.1,0,0,0,0,0,0,0,0,0,0,0,0,0,0,0,0,0,71,0,OK
9时18分39秒,46/79 静置,549.66,25.94,14260.49,547.86,26.01,14248.65,546.02,12.02,6562.92,549.37,12.04,6611.77,71,68.5,67.8,547.9,11,547.4,10.9,548.4,0,547.7,51.4,25.5,25.5,11.8,11.8,25.5,25.5,11.8,11.8,230.7,231.5,233.9,58.2,57.5,57.1,0,0,0,0,0,0,0,0,0,0,0,0,0,0,0,0,0,71,0,OK
9时18分44秒,46/79 静置,549.66,25.74,14149.92,547.59,26.03,14254.91,548.76,11.88,6520.23,548,11.99,6568,71,68.5,67.8,548.7,10.9,547.8,11,550.1,0,546.4,51.4,25.4,25.5,11.6,11.8,25.4,25.5,11.6,11.8,230.7,231.4,233.9,58.2,57.5,57.2,0,0,0,0,0,0,0,0,0,0,0,0,0,0,0,0,0,71,0,OK
9时18分49秒,46/79 静置,549.66,25.74,14149.92,547.59,26.03,14254.91,548.76,11.88,6520.23,548,11.99,6568,71,68.5,67.8,548.7,10.9,547.8,11,550.1,0,546.4,51.4,25.4,25.5,11.6,11.8,25.4,25.5,11.6,11.8,230.7,231.4,233.9,58.2,57.5,57.2,0,0,0,0,0,0,0,0,0,0,0,0,0,0,0,0,0,71,0,OK
9时18分54秒,46/79 静置,546.64,26.04,14234.59,547.04,26.02,14235.86,546.02,11.98,6542.66,546.36,12.02,6564.84,71,68.5,67.7,546.5,10.9,546.6,11,547.5,0,547.2,51.4,25.7,25.5,11.9,11.8,25.7,25.5,11.9,11.8,230.3,231,233.5,58.2,57.5,57.2,0,0,0,0,0,0,0,0,0,0,0,0,0,0,0,0,0,71,0,OK
9时18分59秒,46/79 静置,546.64,26.04,14234.59,547.04,26.02,14235.86,546.02,11.98,6542.66,546.36,12.02,6564.84,71,68.5,67.7,546.5,10.9,546.6,11,547.5,0,547.2,51.4,25.7,25.5,11.9,11.8,25.7,25.5,11.9,11.8,230.3,231,233.5,58.2,57.5,57.2,0,0,0,0,0,0,0,0,0,0,0,0,0,0,0,0,0,71,0,OK
9时19分04秒,46/79 静置,542.81,26.15,14193.02,546.77,26.01,14219.69,540.28,12.07,6519.77,548,11.96,6553.01,71,68.5,67.7,539.6,11,546.7,11,541.7,0,548.1,51.4,26,25.5,12,11.7,26,25.5,12,11.7,230.6,231.4,233.6,58.2,57.5,57.1,0,0,0,0,0,0,0,0,0,0,0,0,0,0,0,0,0,71,0,OK
9时19分09秒,46/79 静置,542.81,26.15,14193.02,546.77,26.01,14219.69,540.28,12.07,6519.77,548,11.96,6553.01,71,68.5,67.7,539.6,11,546.7,11,541.7,0,548.1,51.4,26,25.5,12,11.7,26,25.5,12,11.7,230.6,231.4,233.6,58.2,57.5,57.1,0,0,0,0,0,0,0,0,0,0,0,0,0,0,0,0,0,71,0,OK
9时19分14秒,46/79 静置,546.09,26.04,14221.39,548.95,25.94,14239.57,549.58,11.99,6587.94,546.63,12.01,6566.52,71,68.5,67.7,546.3,11.1,549.7,11,547,0,546.3,51.4,25.8,25.2,11.9,11.8,25.8,25.2,11.9,11.8,230.6,231.3,233.6,58.2,57.5,57.2,0,0,0,0,0,0,0,0,0,0,0,0,0,0,0,0,0,71,0,OK
9时19分19秒,46/79 静置,546.09,26.04,14221.39,548.95,25.94,14239.57,549.58,11.99,6587.94,546.63,12.01,6566.52,71,68.5,67.7,546.3,11.1,549.7,11,547,0,546.3,51.4,25.8,25.2,11.9,11.8,25.8,25.2,11.9,11.8,230.6,231.3,233.6,58.2,57.5,57.2,0,0,0,0,0,0,0,0,0,0,0,0,0,0,0,0,0,71,0,OK
9时19分24秒,46/79 静置,546.37,26.01,14213.07,547.04,26.02,14235.86,548.21,11.94,6547.99,546.91,12,6564.48,71,68.5,67.7,547.3,11,548.1,11.1,548.6,0,547.7,51.4,25.7,25.4,11.8,11.8,25.7,25.4,11.8,11.8,230.6,231.4,233.6,58.3,57.6,57.2,0,0,0,0,0,0,0,0,0,0,0,0,0,0,0,0,0,71,0,OK
9时19分29秒,46/79 静置,546.37,26.01,14213.07,547.04,26.02,14235.86,548.21,11.94,6547.99,546.91,12,6564.48,71,68.5,67.7,547.3,11,548.1,11.1,548.6,0,547.7,51.4,25.7,25.4,11.8,11.8,25.7,25.4,11.8,11.8,230.6,231.4,233.6,58.3,57.6,57.2,0,0,0,0,0,0,0,0,0,0,0,0,0,0,0,0,0,71,0,OK
9时19分34秒,46/79 静置,542.53,26.04,14127.06,549.23,25.98,14269.16,550.67,11.87,6538.66,548,11.96,6555.69,71,68.5,67.7,546.9,10.8,548.7,11.1,548.2,0,548.6,51.4,25.7,25.4,11.9,11.7,25.7,25.4,11.9,11.7,230.3,231.4,233.5,58,57.5,57.2,0,0,0,0,0,0,0,0,0,0,0,0,0,0,0,0,0,71,0,OK
9时19分39秒,46/79 静置,542.53,26.04,14127.06,549.23,25.98,14269.16,550.67,11.87,6538.66,548,11.96,6555.69,71,68.5,67.7,546.9,10.8,548.7,11.1,548.2,0,548.6,51.4,25.7,25.4,11.9,11.7,25.7,25.4,11.9,11.7,230.3,231.4,233.5,58,57.5,57.2,0,0,0,0,0,0,0,0,0,0,0,0,0,0,0,0,0,71,0,OK
9时19分44秒,46/79 静置,544.45,26.05,14182.85,546.22,26.05,14231.08,549.85,11.96,6574.02,548.82,11.92,6544.61,71,68.5,67.8,546.4,11.1,545.9,11.1,546.8,0,549.2,51.4,25.7,25.5,11.9,11.7,25.7,25.5,11.9,11.7,230.2,231.5,233.7,57.6,56.9,56.5,0,0,0,0,0,0,0,0,0,0,0,0,0,0,0,0,0,71,0,OK
9时19分49秒,46/79 静置,544.45,26.05,14182.85,546.22,26.05,14231.08,549.85,11.96,6574.02,548.82,11.92,6544.61,71,68.5,67.8,546.4,11.1,545.9,11.1,546.8,0,549.2,51.4,25.7,25.5,11.9,11.7,25.7,25.5,11.9,11.7,230.2,231.5,233.7,57.6,56.9,56.5,0,0,0,0,0,0,0,0,0,0,0,0,0,0,0,0,0,71,0,OK
9时19分54秒,46/79 静置,548.01,26.03,14265.99,548.95,25.9,14218.66,549.3,11.96,6571.79,549.1,11.98,6578.98,71,68.5,67.8,546.5,11,548.4,10.9,549,0,547.9,51.4,25.8,25.4,11.8,11.8,25.8,25.4,11.8,11.8,230.4,231.6,233.9,58.2,57.5,57.2,0,0,0,0,0,0,0,0,0,0,0,0,0,0,0,0,0,71,0,OK
9时19分59秒,46/79 静置,548.01,26.03,14265.99,548.95,25.9,14218.66,549.3,11.96,6571.79,549.1,11.98,6578.98,71,68.5,67.8,546.5,11,548.4,10.9,549,0,547.9,51.4,25.8,25.4,11.8,11.8,25.8,25.4,11.8,11.8,230.4,231.6,233.9,58.2,57.5,57.2,0,0,0,0,0,0,0,0,0,0,0,0,0,0,0,0,0,71,0,OK
9时20分04秒,46/79 静置,550.48,25.76,14182.89,550.32,25.87,14235.24,550.67,11.9,6551.02,549.1,11.91,6539.84,71,68.6,67.8,545.2,10.9,548,11,546.1,0,547,51.4,25.8,25.3,11.9,11.7,25.8,25.3,11.9,11.7,230.4,231.5,233.9,57.6,56.9,57.2,0,0,0,0,0,0,0,0,0,0,0,0,0,0,0,0,0,71,0,OK
9时20分09秒,46/79 静置,550.48,25.76,14182.89,550.32,25.87,14235.24,550.67,11.9,6551.02,549.1,11.91,6539.84,71,68.6,67.8,545.2,10.9,548,11,546.1,0,547,51.4,25.8,25.3,11.9,11.7,25.8,25.3,11.9,11.7,230.4,231.5,233.9,57.6,56.9,57.2,0,0,0,0,0,0,0,0,0,0,0,0,0,0,0,0,0,71,0,OK
9时20分14秒,46/79 静置,545.27,25.97,14160.07,541.85,26.09,14137.25,546.02,12,6554.39,529.65,12.16,6438.02,71,68.6,67.8,545.1,11,545.1,11.1,544.6,0,533.9,51.4,25.8,25.5,12,11.9,25.8,25.5,12,11.9,230.4,231.5,233.6,58,57.3,57,0,0,0,0,0,0,0,0,0,0,0,0,0,0,0,0,0,71,0,OK
9时20分19秒,46/79 静置,545.27,25.97,14160.07,541.85,26.09,14137.25,546.02,12,6554.39,529.65,12.16,6438.02,71,68.6,67.8,545.1,11,545.1,11.1,544.6,0,533.9,51.4,25.8,25.5,12,11.9,25.8,25.5,12,11.9,230.4,231.5,233.6,58,57.3,57,0,0,0,0,0,0,0,0,0,0,0,0,0,0,0,0,0,71,0,OK
9时20分24秒,46/79 静置,549.66,25.95,14261.57,545.13,26.11,14233.99,544.93,12.01,6543.92,548,12.01,6580.84,72,68.6,67.8,546.7,11,544.2,11,546.6,0,546.2,51.4,25.8,25.5,11.9,11.8,25.8,25.5,11.9,11.7,230,231.3,233.5,58.2,57.5,57.2,0,0,0,0,0,0,0,0,0,0,0,0,0,0,0,0,0,72,0,OK
9时20分29秒,46/79 静置,549.66,25.95,14261.57,545.13,26.11,14233.99,544.93,12.01,6543.92,548,12.01,6580.84,72,68.6,67.8,546.7,11,544.2,11,546.6,0,546.2,51.4,25.8,25.5,11.9,11.8,25.8,25.5,11.9,11.7,230,231.3,233.5,58.2,57.5,57.2,0,0,0,0,0,0,0,0,0,0,0,0,0,0,0,0,0,72,0,OK
9时20分34秒,46/79 静置,545.55,26.06,14219.38,551.41,25.54,14082.6,546.02,12.02,6563.46,541.15,12.06,6525.55,72,68.6,67.8,544.9,10.9,549.1,11.2,545.8,0,543.9,51.4,25.8,25.2,11.9,11.8,25.8,25.2,11.9,11.8,230.1,231.4,233.6,58.2,57.5,57.1,0,0,0,0,0,0,0,0,0,0,0,0,0,0,0,0,0,72,0,OK
9时20分39秒,46/79 静置,545.55,26.06,14219.38,551.41,25.54,14082.6,546.02,12.02,6563.46,541.15,12.06,6525.55,72,68.6,67.8,544.9,10.9,549.1,11.2,545.8,0,543.9,51.4,25.8,25.2,11.9,11.8,25.8,25.2,11.9,11.8,230.1,231.4,233.6,58.2,57.5,57.1,0,0,0,0,0,0,0,0,0,0,0,0,0,0,0,0,0,72,0,OK
9时20分44秒,46/79 静置,548.56,25.97,14244.36,548.41,25.96,14239.31,549.3,11.97,6573.93,547.18,12.01,6572.03,72,68.6,67.8,547.8,11.2,547.4,11.2,549,0,545.1,51.4,25.7,25.4,11.8,11.8,25.7,25.4,11.8,11.8,230.1,231.2,233.6,58.2,57.5,57.2,0,0,0,0,0,0,0,0,0,0,0,0,0,0,0,0,0,72,0,OK
9时20分49秒,46/79 静置,548.56,25.97,14244.36,548.41,25.96,14239.31,549.3,11.97,6573.93,547.18,12.01,6572.03,72,68.6,67.8,547.8,11.2,547.4,11.2,549,0,545.1,51.4,25.7,25.4,11.8,11.8,25.7,25.4,11.8,11.8,230.1,231.2,233.6,58.2,57.5,57.2,0,0,0,0,0,0,0,0,0,0,0,0,0,0,0,0,0,72,0,OK
9时20分54秒,46/79 静置,548.01,26.01,14253.15,536.93,26.09,14009.93,538.91,12.04,6488.53,544.44,12,6532.22,72,68.6,67.8,546,11,544.9,11,542.8,0,547.1,51.4,25.8,25.5,12,11.8,25.8,25.5,12,11.8,230.2,231.3,233.4,57.7,57,56.7,0,0,0,0,0,0,0,0,0,0,0,0,0,0,0,0,0,72,0,OK
9时20分59秒,46/79 静置,548.01,26.01,14253.15,536.93,26.09,14009.93,538.91,12.04,6488.53,544.44,12,6532.22,72,68.6,67.8,546,11,544.9,11,542.8,0,547.1,51.4,25.8,25.5,12,11.8,25.8,25.5,12,11.8,230.2,231.3,233.4,57.7,57,56.7,0,0,0,0,0,0,0,0,0,0,0,0,0,0,0,0,0,72,0,OK
9时21分04秒,46/79 静置,546.64,26.07,14248.47,546.77,26,14218.09,546.02,12.03,6570.39,549.65,11.98,6586.62,72,68.6,67.9,544.6,11,549,11.2,543.3,0,546.8,51.4,25.9,25.4,12,11.8,25.9,25.4,12,11.8,230.5,231.3,233.4,58.2,57.5,57.2,0,0,0,0,0,0,0,0,0,0,0,0,0,0,0,0,0,72,0,OK
9时21分09秒,46/79 静置,546.64,26.07,14248.47,546.77,26,14218.09,546.02,12.03,6570.39,549.65,11.98,6586.62,72,68.6,67.9,544.6,11,549,11.2,543.3,0,546.8,51.4,25.9,25.4,12,11.8,25.9,25.4,12,11.8,230.5,231.3,233.4,58.2,57.5,57.2,0,0,0,0,0,0,0,0,0,0,0,0,0,0,0,0,0,72,0,OK
9时21分14秒,46/79 静置,546.64,25.99,14204.7,545.13,26.03,14187.14,548.48,11.95,6553.4,547.18,12,6565.09,72,68.6,67.9,546.4,11,547.2,11.2,546.7,0,546.4,51.4,25.8,25.5,11.9,11.8,25.8,25.5,11.9,11.8,230.6,231.4,233.5,58.1,57.5,57.1,0,0,0,0,0,0,0,0,0,0,0,0,0,0,0,0,0,72,0,OK
9时21分19秒,46/79 静置,546.64,25.99,14204.7,545.13,26.03,14187.14,548.48,11.95,6553.4,547.18,12,6565.09,72,68.6,67.9,546.4,11,547.2,11.2,546.7,0,546.4,51.4,25.8,25.5,11.9,11.8,25.8,25.5,11.9,11.8,230.6,231.4,233.5,58.1,57.5,57.1,0,0,0,0,0,0,0,0,0,0,0,0,0,0,0,0,0,72,0,OK
9时21分24秒,46/79 静置,544.45,26.11,14213.15,547.59,26.01,14241.54,541.92,12.05,6530.04,546.08,12.01,6556.74,72,68.6,67.9,544.3,11,547.6,10.9,544.3,0,548.1,51.4,25.9,25.4,12,11.7,25.9,25.4,12,11.7,230.5,231.3,233.4,58.2,57.5,57.2,0,0,0,0,0,0,0,0,0,0,0,0,0,0,0,0,0,72,0,OK
9时21分29秒,46/79 静置,544.45,26.11,14213.15,547.59,26.01,14241.54,541.92,12.05,6530.04,546.08,12.01,6556.74,72,68.6,67.9,544.3,11,547.6,10.9,544.3,0,548.1,51.4,25.9,25.4,12,11.7,25.9,25.4,12,11.7,230.5,231.3,233.4,58.2,57.5,57.2,0,0,0,0,0,0,0,0,0,0,0,0,0,0,0,0,0,72,0,OK
9时21分34秒,46/79 静置,548.01,25.98,14236.02,546.49,25.99,14201.91,543.01,12.04,6535.8,546.08,12.04,6574.87,72,68.6,67.9,546.1,10.9,548,11.3,544.6,0,543.8,51.4,25.8,25.4,12,11.8,25.8,25.4,12,11.8,230.2,231.2,233.6,57.9,57.3,56.9,0,0,0,0,0,0,0,0,0,0,0,0,0,0,0,0,0,72,0,OK
9时21分39秒,46/79 静置,548.01,25.98,14236.02,546.49,25.99,14201.91,543.01,12.04,6535.8,546.08,12.04,6574.87,72,68.6,67.9,546.1,10.9,548,11.3,544.6,0,543.8,51.4,25.8,25.4,12,11.8,25.8,25.4,12,11.8,230.2,231.2,233.6,57.9,57.3,56.9,0,0,0,0,0,0,0,0,0,0,0,0,0,0,0,0,0,72,0,OK
9时21分44秒,46/79 静置,548.83,26.04,14290.61,542.39,26.15,14183.27,549.03,11.9,6534.2,538.41,12.1,6514.6,72,68.6,68,544.9,10.8,542.2,11.1,548.1,0,539.8,51.4,25.8,25.6,11.8,11.9,25.8,25.6,11.8,11.9,230.3,231.3,234,58.1,57.3,57,0,0,0,0,0,0,0,0,0,0,0,0,0,0,0,0,0,72,0,OK
9时21分49秒,46/79 静置,548.83,26.04,14290.61,542.39,26.15,14183.27,549.03,11.9,6534.2,538.41,12.1,6514.6,72,68.6,68,544.9,10.8,542.2,11.1,548.1,0,539.8,51.4,25.8,25.6,11.8,11.9,25.8,25.6,11.8,11.9,230.3,231.3,234,58.1,57.3,57,0,0,0,0,0,0,0,0,0,0,0,0,0,0,0,0,0,72,0,OK
9时21分54秒,46/79 静置,546.64,26.06,14246.34,545.4,26.02,14192.66,547.39,12.02,6577.22,544.71,12.01,6544.03,72,68.6,68,544.2,11,547.5,11.1,545,0,544.8,51.4,25.9,25.4,12,11.8,25.9,25.4,12,11.8,230.5,231.4,233.9,57.4,56.7,56.4,0,0,0,0,0,0,0,0,0,0,0,0,0,0,0,0,0,72,0,OK
9时21分59秒,46/79 静置,546.64,26.06,14246.34,545.4,26.02,14192.66,547.39,12.02,6577.22,544.71,12.01,6544.03,72,68.6,68,544.2,11,547.5,11.1,545,0,544.8,51.4,25.9,25.4,12,11.8,25.9,25.4,12,11.8,230.5,231.4,233.9,57.4,56.7,56.4,0,0,0,0,0,0,0,0,0,0,0,0,0,0,0,0,0,72,0,OK
9时22分04秒,46/79 静置,549.38,26.01,14290.39,542.67,26.14,14184.59,549.3,11.82,6492.93,548.82,11.99,6582.13,72,68.6,68,546.3,11.1,543,11,548.2,0,546.2,51.4,25.8,25.6,11.8,11.8,25.8,25.6,11.8,11.8,230.5,231.4,233.6,58.1,57.4,57.1,0,0,0,0,0,0,0,0,0,0,0,0,0,0,0,0,0,72,0,OK
9时22分09秒,46/79 静置,549.38,26.01,14290.39,542.67,26.14,14184.59,549.3,11.82,6492.93,548.82,11.99,6582.13,72,68.6,68,546.3,11.1,543,11,548.2,0,546.2,51.4,25.8,25.6,11.8,11.8,25.8,25.6,11.8,11.8,230.5,231.4,233.6,58.1,57.4,57.1,0,0,0,0,0,0,0,0,0,0,0,0,0,0,0,0,0,72,0,OK
9时22分14秒,46/79 静置,549.66,25.96,14269.08,548.68,26,14265.16,550.4,11.91,6553.15,547.45,11.92,6524.01,72,68.6,68,547.7,10.5,548.2,11.1,549.3,0,549.4,51.4,25.7,25.4,11.8,11.7,25.7,25.4,11.8,11.7,230.5,231.4,233.7,57.7,57.1,56.7,0,0,0,0,0,0,0,0,0,0,0,0,0,0,0,0,0,72,0,OK
9时22分19秒,46/79 静置,549.66,25.96,14269.08,548.68,26,14265.16,550.4,11.91,6553.15,547.45,11.92,6524.01,72,68.6,68,547.7,10.5,548.2,11.1,549.3,0,549.4,51.4,25.7,25.4,11.8,11.7,25.7,25.4,11.8,11.7,230.5,231.4,233.7,57.7,57.1,56.7,0,0,0,0,0,0,0,0,0,0,0,0,0,0,0,0,0,72,0,OK
9时22分24秒,46/79 静置,549.11,26.02,14285.96,549.5,25.93,14246.75,544.65,12.03,6554.47,550.47,11.91,6555.07,72,68.6,68,546.3,11,548.4,10.9,544.8,0,548.6,51.4,25.8,25.4,11.9,11.7,25.8,25.4,11.9,11.7,230.3,231.2,233.6,58.1,57.4,57.1,0,0,0,0,0,0,0,0,0,0,0,0,0,0,0,0,0,72,0,OK
9时22分29秒,46/79 静置,549.11,26.02,14285.96,549.5,25.93,14246.75,544.65,12.03,6554.47,550.47,11.91,6555.07,72,68.6,68,546.3,11,548.4,10.9,544.8,0,548.6,51.4,25.8,25.4,11.9,11.7,25.8,25.4,11.9,11.7,230.3,231.2,233.6,58.1,57.4,57.1,0,0,0,0,0,0,0,0,0,0,0,0,0,0,0,0,0,72,0,OK
9时22分34秒,46/79 静置,547.19,25.98,14215.75,547.59,26.1,14293.41,547.94,11.99,6570.95,545.26,12.01,6549.01,72,68.6,68,546.7,11.1,544.5,11.3,547.4,0,543.5,51.4,25.8,25.5,11.9,11.8,25.8,25.5,11.9,11.8,230.7,231.8,233.8,58,57.3,56.9,0,0,0,0,0,0,0,0,0,0,0,0,0,0,0,0,0,72,0,OK
9时22分39秒,46/79 静置,547.19,25.98,14215.75,547.59,26.1,14293.41,547.94,11.99,6570.95,545.26,12.01,6549.01,72,68.6,68,546.7,11.1,544.5,11.3,547.4,0,543.5,51.4,25.8,25.5,11.9,11.8,25.8,25.5,11.9,11.8,230.7,231.8,233.8,58,57.3,56.9,0,0,0,0,0,0,0,0,0,0,0,0,0,0,0,0,0,72,0,OK
9时22分44秒,46/79 静置,548.83,26.02,14279.89,550.87,26.03,14339.22,550.67,11.94,6576.3,550.74,11.99,6601.9,72,68.6,68,545.4,10.9,547.1,10.7,548,0,547.3,51.4,25.8,25.4,11.8,11.8,25.8,25.4,11.8,11.8,231.1,231.9,234.2,58.1,57.4,57.1,0,0,0,0,0,0,0,0,0,0,0,0,0,0,0,0,0,72,0,OK
9时22分49秒,46/79 静置,548.83,26.02,14279.89,550.87,26.03,14339.22,550.67,11.94,6576.3,550.74,11.99,6601.9,72,68.6,68,545.4,10.9,547.1,10.7,548,0,547.3,51.4,25.8,25.4,11.8,11.8,25.8,25.4,11.8,11.8,231.1,231.9,234.2,58.1,57.4,57.1,0,0,0,0,0,0,0,0,0,0,0,0,0,0,0,0,0,72,0,OK
9时22分54秒,46/79 静置,546.09,26.02,14208.06,549.77,25.94,14262.97,549.3,12.01,6596.46,549.65,11.92,6553.88,72,68.6,68,546.4,11,547.9,11.1,545.5,0,548.4,51.4,25.8,25.4,11.9,11.7,25.8,25.4,11.9,11.7,231,231.5,234.1,58.1,57.4,57.1,0,0,0,0,0,0,0,0,0,0,0,0,0,0,0,0,0,72,0,OK
9时22分59秒,46/79 静置,546.09,26.02,14208.06,549.77,25.94,14262.97,549.3,12.01,6596.46,549.65,11.92,6553.88,72,68.6,68,546.4,11,547.9,11.1,545.5,0,548.4,51.4,25.8,25.4,11.9,11.7,25.8,25.4,11.9,11.7,231,231.5,234.1,58.1,57.4,57.1,0,0,0,0,0,0,0,0,0,0,0,0,0,0,0,0,0,72,0,OK
9时23分04秒,46/79 静置,548.56,25.91,14212.22,548.95,25.74,14129.13,549.58,11.89,6533.73,548.55,11.91,6533.85,72,68.6,68,548,10.8,550.8,11.3,549.2,0,550,51.4,25.6,24.8,11.8,11.6,25.6,24.8,11.8,11.6,230.9,231.5,233.9,57.8,57.2,56.8,0,0,0,0,0,0,0,0,0,0,0,0,0,0,0,0,0,72,0,OK
9时23分09秒,46/79 静置,548.56,25.91,14212.22,548.95,25.74,14129.13,549.58,11.89,6533.73,548.55,11.91,6533.85,72,68.6,68,548,10.8,550.8,11.3,549.2,0,550,51.4,25.6,24.8,11.8,11.6,25.6,24.8,11.8,11.6,230.9,231.5,233.9,57.8,57.2,56.8,0,0,0,0,0,0,0,0,0,0,0,0,0,0,0,0,0,72,0,OK
9时23分14秒,46/79 静置,549.38,25.96,14259.27,547.31,26.01,14234.43,549.3,11.91,6541.21,544.71,12.03,6552.54,72,68.6,68,547.5,10.9,548.7,11,549.1,0,544.2,51.4,25.7,25.4,11.8,11.8,25.7,25.4,11.8,11.8,231.2,231.7,234.1,58,57.4,57,0,0,0,0,0,0,0,0,0,0,0,0,0,0,0,0,0,72,0,OK
9时23分19秒,46/79 静置,549.38,25.96,14259.27,547.31,26.01,14234.43,549.3,11.91,6541.21,544.71,12.03,6552.54,72,68.6,68,547.5,10.9,548.7,11,549.1,0,544.2,51.4,25.7,25.4,11.8,11.8,25.7,25.4,11.8,11.8,231.2,231.7,234.1,58,57.4,57,0,0,0,0,0,0,0,0,0,0,0,0,0,0,0,0,0,72,0,OK
9时23分24秒,46/79 静置,548.56,25.88,14195.08,548.95,25.91,14222.41,549.58,11.98,6583.64,549.37,11.98,6580.65,72,68.6,68.1,547.8,10.9,549.6,11,546.8,0,547.5,51.4,25.7,25.2,11.9,11.8,25.7,25.2,11.9,11.8,231.1,231.6,234.2,58.1,57.2,56.9,0,0,0,0,0,0,0,0,0,0,0,0,0,0,0,0,0,72,0,OK
9时23分29秒,46/79 静置,548.56,25.88,14195.08,548.95,25.91,14222.41,549.58,11.98,6583.64,549.37,11.98,6580.65,72,68.6,68.1,547.8,10.9,549.6,11,546.8,0,547.5,51.4,25.7,25.2,11.9,11.8,25.7,25.2,11.9,11.8,231.1,231.6,234.2,58.1,57.2,56.9,0,0,0,0,0,0,0,0,0,0,0,0,0,0,0,0,0,72,0,OK
9时23分34秒,46/79 静置,549.38,25.85,14200.26,548.41,26.02,14268.76,549.03,11.97,6574.41,548.82,11.93,6547.83,72,68.6,68.1,547.8,11.1,548,11.1,548.1,0,547.8,51.4,25.7,25.4,11.9,11.7,25.7,25.4,11.9,11.7,231.3,231.8,234.3,58.1,57.3,57,0,0,0,0,0,0,0,0,0,0,0,0,0,0,0,0,0,72,0,OK
9时23分39秒,46/79 静置,549.38,25.85,14200.26,548.41,26.02,14268.76,549.03,11.97,6574.41,548.82,11.93,6547.83,72,68.6,68.1,547.8,11.1,548,11.1,548.1,0,547.8,51.4,25.7,25.4,11.9,11.7,25.7,25.4,11.9,11.7,231.3,231.8,234.3,58.1,57.3,57,0,0,0,0,0,0,0,0,0,0,0,0,0,0,0,0,0,72,0,OK
9时23分44秒,46/79 静置,549.38,25.71,14127.29,548.95,25.85,14191.86,547.12,12.01,6569.12,546.63,11.97,6543.57,72,68.7,68.1,549.2,11,550.2,11.2,546.9,0,549.4,51.4,25.2,25.1,11.9,11.7,25.2,25.1,11.9,11.7,231,231.6,234,58.1,57.4,57.1,0,0,0,0,0,0,0,0,0,0,0,0,0,0,0,0,0,72,0,OK
9时23分49秒,46/79 静置,549.38,25.71,14127.29,548.95,25.85,14191.86,547.12,12.01,6569.12,546.63,11.97,6543.57,72,68.7,68.1,549.2,11,550.2,11.2,546.9,0,549.4,51.4,25.2,25.1,11.9,11.7,25.2,25.1,11.9,11.7,231,231.6,234,58.1,57.4,57.1,0,0,0,0,0,0,0,0,0,0,0,0,0,0,0,0,0,72,0,OK
9时23分54秒,46/79 静置,549.66,25.8,14179.44,549.5,25.91,14237.09,543.01,12.03,6534.21,548.55,12,6583.67,72,68.7,68.1,548,11,548.4,11.2,545.8,0,547.6,51.4,25.6,25.4,11.9,11.8,25.6,25.4,11.9,11.8,231.1,231.5,234.2,58.2,57.5,57.2,0,0,0,0,0,0,0,0,0,0,0,0,0,0,0,0,0,72,0,OK
9时23分59秒,46/79 静置,549.66,25.8,14179.44,549.5,25.91,14237.09,543.01,12.03,6534.21,548.55,12,6583.67,72,68.7,68.1,548,11,548.4,11.2,545.8,0,547.6,51.4,25.6,25.4,11.9,11.8,25.6,25.4,11.9,11.8,231.1,231.5,234.2,58.2,57.5,57.2,0,0,0,0,0,0,0,0,0,0,0,0,0,0,0,0,0,72,0,OK
9时24分04秒,46/79 静置,543.36,26.07,14163.32,542.39,26.18,14198.1,545.75,12.03,6566.56,547.18,12.04,6590.2,72,68.7,68.1,544,11.1,541.5,11.1,544.9,0,544.3,51.4,25.9,25.6,12,11.8,25.9,25.6,12,11.8,231,231.6,234.2,57.9,57.2,57,0,0,0,0,0,0,0,0,0,0,0,0,0,0,0,0,0,72,0,OK
9时24分09秒,46/79 静置,543.36,26.07,14163.32,542.39,26.18,14198.1,545.75,12.03,6566.56,547.18,12.04,6590.2,72,68.7,68.1,544,11.1,541.5,11.1,544.9,0,544.3,51.4,25.9,25.6,12,11.8,25.9,25.6,12,11.8,231,231.6,234.2,57.9,57.2,57,0,0,0,0,0,0,0,0,0,0,0,0,0,0,0,0,0,72,0,OK
9时24分14秒,46/79 静置,550.21,25.54,14054.95,547.86,26.04,14263.63,547.66,12,6571.95,549.1,11.99,6585.95,72,68.7,68.1,549.2,10.8,547.8,11,547,0,548.1,51.4,25.2,25.4,11.9,11.7,25.2,25.4,11.9,11.7,231,231.8,234.4,58.1,57.4,57.1,0,0,0,0,0,0,0,0,0,0,0,0,0,0,0,0,0,72,0,OK
9时24分19秒,46/79 静置,550.21,25.54,14054.95,547.86,26.04,14263.63,547.66,12,6571.95,549.1,11.99,6585.95,72,68.7,68.1,549.2,10.8,547.8,11,547,0,548.1,51.4,25.2,25.4,11.9,11.7,25.2,25.4,11.9,11.7,231,231.8,234.4,58.1,57.4,57.1,0,0,0,0,0,0,0,0,0,0,0,0,0,0,0,0,0,72,0,OK
9时24分24秒,46/79 静置,550.21,25.88,14239.24,548.95,25.85,14191.86,541.92,12.05,6531.1,541.98,12.02,6516.94,72,68.7,68.1,545.4,10.9,548.4,10.8,544.2,0,545.1,51.4,25.8,25.4,12,11.8,25.8,25.4,12,11.8,230.9,231.8,234.2,58.1,57.4,57,0,0,0,0,0,0,0,0,0,0,0,0,0,0,0,0,0,72,0,OK
9时24分29秒,46/79 静置,550.21,25.88,14239.24,548.95,25.85,14191.86,541.92,12.05,6531.1,541.98,12.02,6516.94,72,68.7,68.1,545.4,10.9,548.4,10.8,544.2,0,545.1,51.4,25.8,25.4,12,11.8,25.8,25.4,12,11.8,230.9,231.8,234.2,58.1,57.4,57,0,0,0,0,0,0,0,0,0,0,0,0,0,0,0,0,0,72,0,OK
9时24分34秒,46/79 静置,549.38,25.96,14264.1,547.59,26.04,14259.72,550.67,11.78,6489.18,548.28,11.97,6561.64,72,68.7,68.1,546.8,11,547.5,10.9,550.1,0,549,51.4,25.8,25.5,11.6,11.7,25.8,25.5,11.6,11.7,230.7,231.4,233.7,58.2,57.5,57.2,0,0,0,0,0,0,0,0,0,0,0,0,0,0,0,0,0,72,0,OK
9时24分39秒,46/79 静置,549.38,25.96,14264.1,547.59,26.04,14259.72,550.67,11.78,6489.18,548.28,11.97,6561.64,72,68.7,68.1,546.8,11,547.5,10.9,550.1,0,549,51.4,25.8,25.5,11.6,11.7,25.8,25.5,11.6,11.7,230.7,231.4,233.7,58.2,57.5,57.2,0,0,0,0,0,0,0,0,0,0,0,0,0,0,0,0,0,72,0,OK
9时24分44秒,46/79 静置,549.93,25.96,14278.86,551.14,25.47,14036.32,544.65,12.04,6557.13,550.74,11.99,6605.67,72,68.7,68.1,546.2,11,549,10.9,544.2,0,547.3,51.4,25.8,25.2,12,11.7,25.8,25.2,12,11.7,230.9,231.7,233.8,58.2,57.5,57.2,0,0,0,0,0,0,0,0,0,0,0,0,0,0,0,0,0,72,0,OK
9时24分49秒,46/79 静置,549.93,25.96,14278.86,551.14,25.47,14036.32,544.65,12.04,6557.13,550.74,11.99,6605.67,72,68.7,68.1,546.2,11,549,10.9,544.2,0,547.3,51.4,25.8,25.2,12,11.7,25.8,25.2,12,11.7,230.9,231.7,233.8,58.2,57.5,57.2,0,0,0,0,0,0,0,0,0,0,0,0,0,0,0,0,0,72,0,OK
9时24分54秒,46/79 静置,541.44,26,14080.02,547.04,25.98,14213.42,549.03,12,6589.96,550.47,11.89,6546.47,72,68.7,68.1,546.8,11.1,547.8,11,546.3,0,548.5,51.4,25.8,25.4,11.9,11.7,25.8,25.4,11.9,11.7,231,231.9,234,58,57.4,57.1,0,0,0,0,0,0,0,0,0,0,0,0,0,0,0,0,0,72,0,OK
9时24分59秒,46/79 静置,541.44,26,14080.02,547.04,25.98,14213.42,549.03,12,6589.96,550.47,11.89,6546.47,72,68.7,68.1,546.8,11.1,547.8,11,546.3,0,548.5,51.4,25.8,25.4,11.9,11.7,25.8,25.4,11.9,11.7,231,231.9,234,58,57.4,57.1,0,0,0,0,0,0,0,0,0,0,0,0,0,0,0,0,0,72,0,OK
9时25分04秒,46/79 静置,548.01,26.02,14261.17,547.86,25.89,14182.84,550.4,11.96,6582.17,549.1,11.95,6559.68,72,68.7,68.1,547.1,11,549.3,11.3,547.3,0,548.5,51.4,25.8,25.2,11.9,11.7,25.8,25.2,11.9,11.7,231.2,231.9,234.3,58,57.3,57,0,0,0,0,0,0,0,0,0,0,0,0,0,0,0,0,0,72,0,OK
9时25分09秒,46/79 静置,548.01,26.02,14261.17,547.86,25.89,14182.84,550.4,11.96,6582.17,549.1,11.95,6559.68,72,68.7,68.1,547.1,11,549.3,11.3,547.3,0,548.5,51.4,25.8,25.2,11.9,11.7,25.8,25.2,11.9,11.7,231.2,231.9,234.3,58,57.3,57,0,0,0,0,0,0,0,0,0,0,0,0,0,0,0,0,0,72,0,OK
9时25分14秒,46/79 静置,545.82,26.02,14203.61,547.31,25.93,14191.67,549.58,11.97,6579.35,546.91,12,6562.87,72,68.7,68.1,546.5,11,548.9,11.1,547.7,0,547.8,51.4,25.8,25.4,11.9,11.7,25.8,25.4,11.9,11.7,231,231.8,234.2,58.2,57.5,57.2,0,0,0,0,0,0,0,0,0,0,0,0,0,0,0,0,0,72,0,OK
9时25分19秒,46/79 静置,545.82,26.02,14203.61,547.31,25.93,14191.67,549.58,11.97,6579.35,546.91,12,6562.87,72,68.7,68.1,546.5,11,548.9,11.1,547.7,0,547.8,51.4,25.8,25.4,11.9,11.7,25.8,25.4,11.9,11.7,231,231.8,234.2,58.2,57.5,57.2,0,0,0,0,0,0,0,0,0,0,0,0,0,0,0,0,0,72,0,OK
9时25分24秒,46/79 静置,549.66,25.99,14287.33,547.04,26,14222.51,547.94,12,6576.3,544.17,11.99,6526.82,72,68.8,68.1,545.7,11.1,546.8,11,546.3,0,548.1,51.4,25.8,25.5,11.9,11.6,25.8,25.5,11.9,11.6,231,231.9,234.2,58,57.3,57,0,0,0,0,0,0,0,0,0,0,0,0,0,0,0,0,0,72,0,OK
9时25分29秒,46/79 静置,549.66,25.99,14287.33,547.04,26,14222.51,547.94,12,6576.3,544.17,11.99,6526.82,72,68.8,68.1,545.7,11.1,546.8,11,546.3,0,548.1,51.4,25.8,25.5,11.9,11.6,25.8,25.5,11.9,11.6,231,231.9,234.2,58,57.3,57,0,0,0,0,0,0,0,0,0,0,0,0,0,0,0,0,0,72,0,OK
9时25分34秒,46/79 静置,551.3,25.74,14191.69,550.32,25.62,14101.96,550.4,11.91,6554.22,551.01,11.88,6545.45,72,68.8,68.1,547.1,10.8,547.6,11.1,545.8,0,547.3,51.4,25.7,25.4,11.9,11.7,25.7,25.4,11.9,11.7,231,231.9,234.3,58,57.3,57,0,0,0,0,0,0,0,0,0,0,0,0,0,0,0,0,0,72,0,OK
9时25分39秒,46/79 静置,551.3,25.74,14191.69,550.32,25.62,14101.96,550.4,11.91,6554.22,551.01,11.88,6545.45,72,68.8,68.1,547.1,10.8,547.6,11.1,545.8,0,547.3,51.4,25.7,25.4,11.9,11.7,25.7,25.4,11.9,11.7,231,231.9,234.3,58,57.3,57,0,0,0,0,0,0,0,0,0,0,0,0,0,0,0,0,0,72,0,OK
9时25分44秒,46/79 静置,548.56,25.94,14228.83,550.05,25.85,14219.03,550.94,11.87,6541.9,547.18,11.96,6541.58,72,68.8,68.2,547.8,10.9,549.8,11.1,549.8,0,549.7,51.4,25.7,25.2,11.6,11.6,25.7,25.2,11.6,11.6,231.2,232,234.2,57.7,57,56.7,0,0,0,0,0,0,0,0,0,0,0,0,0,0,0,0,0,72,0,OK
9时25分49秒,46/79 静置,548.56,25.94,14228.83,550.05,25.85,14219.03,550.94,11.87,6541.9,547.18,11.96,6541.58,72,68.8,68.2,547.8,10.9,549.8,11.1,549.8,0,549.7,51.4,25.7,25.2,11.6,11.6,25.7,25.2,11.6,11.6,231.2,232,234.2,57.7,57,56.7,0,0,0,0,0,0,0,0,0,0,0,0,0,0,0,0,0,72,0,OK
9时25分54秒,46/79 静置,545.55,26.06,14217.78,550.32,25.85,14225.57,549.58,11.98,6584.18,549.65,11.96,6573.74,72,68.8,68.2,545.1,11,548.4,10.9,546.8,0,549.1,51.4,25.9,25.4,11.9,11.7,25.9,25.4,11.9,11.7,231,231.7,234.1,57.9,57.2,56.9,0,0,0,0,0,0,0,0,0,0,0,0,0,0,0,0,0,72,0,OK
9时25分59秒,46/79 静置,545.55,26.06,14217.78,550.32,25.85,14225.57,549.58,11.98,6584.18,549.65,11.96,6573.74,72,68.8,68.2,545.1,11,548.4,10.9,546.8,0,549.1,51.4,25.9,25.4,11.9,11.7,25.9,25.4,11.9,11.7,231,231.7,234.1,57.9,57.2,56.9,0,0,0,0,0,0,0,0,0,0,0,0,0,0,0,0,0,72,0,OK
9时26分04秒,46/79 静置,551.03,25.51,14057.65,550.59,25.77,14189.62,548.76,11.95,6559.88,549.65,11.86,6517.92,72,68.8,68.2,547,11,548.8,10.9,547.9,0,549.3,51.4,25.6,25.3,11.9,11.6,25.6,25.3,11.9,11.6,230.9,231.6,234.3,58,57.3,57,0,0,0,0,0,0,0,0,0,0,0,0,0,0,0,0,0,72,0,OK
9时26分09秒,46/79 静置,551.03,25.51,14057.65,550.59,25.77,14189.62,548.76,11.95,6559.88,549.65,11.86,6517.92,72,68.8,68.2,547,11,548.8,10.9,547.9,0,549.3,51.4,25.6,25.3,11.9,11.6,25.6,25.3,11.9,11.6,230.9,231.6,234.3,58,57.3,57,0,0,0,0,0,0,0,0,0,0,0,0,0,0,0,0,0,72,0,OK
9时26分14秒,46/79 静置,545.82,26.04,14210.54,547.86,26.01,14247.58,549.3,11.93,6551.94,544.71,12.04,6558.92,72,68.8,68.2,546,11,548.7,11,548,0,546.9,51.4,25.8,25.3,11.9,11.8,25.8,25.3,11.9,11.8,230.8,231.7,234.1,58.1,57.4,57.1,0,0,0,0,0,0,0,0,0,0,0,0,0,0,0,0,0,72,0,OK
9时26分19秒,46/79 静置,545.82,26.04,14210.54,547.86,26.01,14247.58,549.3,11.93,6551.94,544.71,12.04,6558.92,72,68.8,68.2,546,11,548.7,11,548,0,546.9,51.4,25.8,25.3,11.9,11.8,25.8,25.3,11.9,11.8,230.8,231.7,234.1,58.1,57.4,57.1,0,0,0,0,0,0,0,0,0,0,0,0,0,0,0,0,0,72,0,OK
9时26分24秒,46/79 静置,551.03,25.65,14133.53,549.77,25.74,14151.3,549.85,11.95,6572.41,549.37,11.98,6580.65,72,68.8,68.2,545.9,11,550.6,10.9,547.5,0,548.9,51.4,25.8,25,11.9,11.7,25.8,25,11.9,11.7,231,231.7,234.3,58.1,57.5,57.2,0,0,0,0,0,0,0,0,0,0,0,0,0,0,0,0,0,72,0,OK
9时26分29秒,46/79 静置,551.03,25.65,14133.53,549.77,25.74,14151.3,549.85,11.95,6572.41,549.37,11.98,6580.65,72,68.8,68.2,545.9,11,550.6,10.9,547.5,0,548.9,51.4,25.8,25,11.9,11.7,25.8,25,11.9,11.7,231,231.7,234.3,58.1,57.5,57.2,0,0,0,0,0,0,0,0,0,0,0,0,0,0,0,0,0,72,0,OK
9时26分34秒,46/79 静置,548.56,25.91,14212.22,547.04,26.02,14235.86,543.56,12.04,6545.56,540.33,12.05,6511.42,72,68.9,68.2,546.9,11,547.6,10.9,544.6,0,543.5,51.4,25.8,25.4,12,11.8,25.8,25.4,12,11.8,231.2,231.6,234.3,58.1,57.4,57.1,0,0,0,0,0,0,0,0,0,0,0,0,0,0,0,0,0,72,0,OK
9时26分39秒,46/79 静置,548.56,25.91,14212.22,547.04,26.02,14235.86,543.56,12.04,6545.56,540.33,12.05,6511.42,72,68.9,68.2,546.9,11,547.6,10.9,544.6,0,543.5,51.4,25.8,25.4,12,11.8,25.8,25.4,12,11.8,231.2,231.6,234.3,58.1,57.4,57.1,0,0,0,0,0,0,0,0,0,0,0,0,0,0,0,0,0,72,0,OK
9时26分44秒,46/79 静置,545.27,26.09,14225.57,550.59,25.76,14182.09,546.84,12.03,6578.12,547.73,11.99,6565.24,72,68.9,68.2,543.3,11,549.3,11.2,544.9,0,547.8,51.4,25.9,25.3,12,11.8,25.9,25.3,12,11.8,230.9,231.6,234.1,58.1,57.4,57.1,0,0,0,0,0,0,0,0,0,0,0,0,0,0,0,0,0,72,0,OK
9时26分49秒,46/79 静置,545.27,26.09,14225.57,550.59,25.76,14182.09,546.84,12.03,6578.12,547.73,11.99,6565.24,72,68.9,68.2,543.3,11,549.3,11.2,544.9,0,547.8,51.4,25.9,25.3,12,11.8,25.9,25.3,12,11.8,230.9,231.6,234.1,58.1,57.4,57.1,0,0,0,0,0,0,0,0,0,0,0,0,0,0,0,0,0,72,0,OK
9时26分54秒,46/79 静置,549.38,25.99,14278.59,548.95,25.92,14231.53,550.67,11.76,6475.2,548,11.94,6541.24,72,68.9,68.2,545.8,10.9,549.2,11.2,548.7,0,549.5,51.4,25.8,25.3,11.8,11.6,25.8,25.3,11.8,11.6,230.6,231.5,233.9,58.1,57.4,57.1,0,0,0,0,0,0,0,0,0,0,0,0,0,0,0,0,0,72,0,OK
9时26分59秒,46/79 静置,549.38,25.99,14278.59,548.95,25.92,14231.53,550.67,11.76,6475.2,548,11.94,6541.24,72,68.9,68.2,545.8,10.9,549.2,11.2,548.7,0,549.5,51.4,25.8,25.3,11.8,11.6,25.8,25.3,11.8,11.6,230.6,231.5,233.9,58.1,57.4,57.1,0,0,0,0,0,0,0,0,0,0,0,0,0,0,0,0,0,72,0,OK
9时27分04秒,46/79 静置,550.48,25.87,14241.48,545.67,26.03,14203.51,546.29,12,6555.54,544.71,12.01,6544.56,72,68.9,68.2,547,11,547.8,10.8,547.7,0,547,51.4,25.8,25.4,11.8,11.8,25.8,25.4,11.8,11.8,230.7,231.4,234,58,57.4,57.1,0,0,0,0,0,0,0,0,0,0,0,0,0,0,0,0,0,72,0,OK
9时27分09秒,46/79 静置,550.48,25.87,14241.48,545.67,26.03,14203.51,546.29,12,6555.54,544.71,12.01,6544.56,72,68.9,68.2,547,11,547.8,10.8,547.7,0,547,51.4,25.8,25.4,11.8,11.8,25.8,25.4,11.8,11.8,230.7,231.4,234,58,57.4,57.1,0,0,0,0,0,0,0,0,0,0,0,0,0,0,0,0,0,72,0,OK
9时27分14秒,46/79 静置,548.56,26.07,14298.47,532.83,26.3,14013.28,546.02,12.04,6573.05,536.5,12.07,6476.21,72,68.9,68.2,542,10.9,537.5,11.2,541.6,0,539.7,51.4,25.9,25.7,12,11.9,25.9,25.7,12,11.9,230.7,231.6,234.3,57.9,57.2,56.9,0,0,0,0,0,0,0,0,0,0,0,0,0,0,0,0,0,72,0,OK
9时27分19秒,46/79 静置,548.56,26.07,14298.47,532.83,26.3,14013.28,546.02,12.04,6573.05,536.5,12.07,6476.21,72,68.9,68.2,542,10.9,537.5,11.2,541.6,0,539.7,51.4,25.9,25.7,12,11.9,25.9,25.7,12,11.9,230.7,231.6,234.3,57.9,57.2,56.9,0,0,0,0,0,0,0,0,0,0,0,0,0,0,0,0,0,72,0,OK
9时27分24秒,46/79 静置,549.66,25.88,14227.21,548.13,25.99,14248.27,547.39,12,6571.34,549.65,11.83,6505.03,72,68.9,68.2,547.4,11.1,549,11,546.5,0,548.3,51.4,25.8,25.3,11.9,11.7,25.8,25.3,11.9,11.7,230.7,231.6,234.4,58.2,57.4,57,0,0,0,0,0,0,0,0,0,0,0,0,0,0,0,0,0,72,0,OK
9时27分29秒,46/79 静置,549.66,25.88,14227.21,548.13,25.99,14248.27,547.39,12,6571.34,549.65,11.83,6505.03,72,68.9,68.2,547.4,11.1,549,11,546.5,0,548.3,51.4,25.8,25.3,11.9,11.7,25.8,25.3,11.9,11.7,230.7,231.6,234.4,58.2,57.4,57,0,0,0,0,0,0,0,0,0,0,0,0,0,0,0,0,0,72,0,OK
9时27分34秒,46/79 静置,547.74,25.93,14202.17,548.13,25.93,14210.8,549.58,11.94,6562.71,549.65,11.93,6558.17,72,68.9,68.2,547.5,10.7,548.9,11,547.6,0,548.7,51.4,25.7,25.3,11.9,11.7,25.7,25.3,11.9,11.7,230.7,231.6,234.3,58.1,57.4,57.1,0,0,0,0,0,0,0,0,0,0,0,0,0,0,0,0,0,72,0,OK
9时27分39秒,46/79 静置,547.74,25.93,14202.17,548.13,25.93,14210.8,549.58,11.94,6562.71,549.65,11.93,6558.17,72,68.9,68.2,547.5,10.7,548.9,11,547.6,0,548.7,51.4,25.7,25.3,11.9,11.7,25.7,25.3,11.9,11.7,230.7,231.6,234.3,58.1,57.4,57.1,0,0,0,0,0,0,0,0,0,0,0,0,0,0,0,0,0,72,0,OK
9时27分44秒,46/79 静置,535.68,26.14,14005.2,545.4,26.15,14262.43,540.55,12.05,6513.04,546.08,12.08,6595.14,72,68.9,68.2,541,11,542,11.2,538.7,0,539.9,51.4,26,25.6,12,11.9,26,25.6,12,11.9,230.8,231.6,234.5,57.9,57.2,56.9,0,0,0,0,0,0,0,0,0,0,0,0,0,0,0,0,0,72,0,OK
9时27分49秒,46/79 静置,535.68,26.14,14005.2,545.4,26.15,14262.43,540.55,12.05,6513.04,546.08,12.08,6595.14,72,68.9,68.2,541,11,542,11.2,538.7,0,539.9,51.4,26,25.6,12,11.9,26,25.6,12,11.9,230.8,231.6,234.5,57.9,57.2,56.9,0,0,0,0,0,0,0,0,0,0,0,0,0,0,0,0,0,72,0,OK
9时27分54秒,46/79 静置,546.09,26.07,14237.39,548.95,25.92,14231.53,550.12,11.93,6562.25,544.99,12.03,6556.36,72,68.9,68.2,542.9,11,548.5,11,548.1,0,543.4,51.4,25.9,25.4,11.9,11.8,25.9,25.4,11.9,11.8,230.7,231.5,234.5,58.2,57.5,57.1,0,0,0,0,0,0,0,0,0,0,0,0,0,0,0,0,0,72,0,OK
9时27分59秒,46/79 静置,546.09,26.07,14237.39,548.95,25.92,14231.53,550.12,11.93,6562.25,544.99,12.03,6556.36,72,68.9,68.2,542.9,11,548.5,11,548.1,0,543.4,51.4,25.9,25.4,11.9,11.8,25.9,25.4,11.9,11.8,230.7,231.5,234.5,58.2,57.5,57.1,0,0,0,0,0,0,0,0,0,0,0,0,0,0,0,0,0,72,0,OK
9时28分04秒,46/79 静置,550.75,25.79,14201.79,550.05,25.63,14097.1,548.48,11.95,6552.33,551.01,11.73,6463.66,72,68.9,68.2,545.9,10.9,547.9,10.9,548.8,0,548.3,51.4,25.8,25.4,11.8,11.7,25.8,25.4,11.8,11.7,230.3,231.7,234.4,58.1,57.4,57.1,0,0,0,0,0,0,0,0,0,0,0,0,0,0,0,0,0,72,0,OK
9时28分09秒,46/79 静置,550.75,25.79,14201.79,550.05,25.63,14097.1,548.48,11.95,6552.33,551.01,11.73,6463.66,72,68.9,68.2,545.9,10.9,547.9,10.9,548.8,0,548.3,51.4,25.8,25.4,11.8,11.7,25.8,25.4,11.8,11.7,230.3,231.7,234.4,58.1,57.4,57.1,0,0,0,0,0,0,0,0,0,0,0,0,0,0,0,0,0,72,0,OK
9时28分14秒,46/79 静置,548.56,26.01,14267.4,548.95,25.95,14247.61,550.4,11.99,6596.68,547.73,11.99,6566.31,72,68.9,68.2,545.5,11,549.3,11,546.8,0,548.2,51.4,25.9,25.3,11.9,11.8,25.9,25.3,11.9,11.8,230.7,231.7,234.3,57.8,57.1,56.8,0,0,0,0,0,0,0,0,0,0,0,0,0,0,0,0,0,72,0,OK
9时28分19秒,46/79 静置,548.56,26.01,14267.4,548.95,25.95,14247.61,550.4,11.99,6596.68,547.73,11.99,6566.31,72,68.9,68.2,545.5,11,549.3,11,546.8,0,548.2,51.4,25.9,25.3,11.9,11.8,25.9,25.3,11.9,11.8,230.7,231.7,234.3,57.8,57.1,56.8,0,0,0,0,0,0,0,0,0,0,0,0,0,0,0,0,0,72,0,OK
9时28分24秒,46/79 静置,549.66,25.83,14198.76,549.77,25.91,14246.86,549.03,11.94,6557.25,547.45,12.02,6578,72,68.9,68.2,548.2,10.9,548.3,11.2,547.1,0,544.9,51.4,25.7,25.4,11.9,11.8,25.7,25.4,11.9,11.8,230.7,231.5,234,58.1,57.4,57.1,0,0,0,0,0,0,0,0,0,0,0,0,0,0,0,0,0,72,0,OK
9时28分29秒,46/79 静置,549.66,25.83,14198.76,549.77,25.91,14246.86,549.03,11.94,6557.25,547.45,12.02,6578,72,68.9,68.2,548.2,10.9,548.3,11.2,547.1,0,544.9,51.4,25.7,25.4,11.9,11.8,25.7,25.4,11.9,11.8,230.7,231.5,234,58.1,57.4,57.1,0,0,0,0,0,0,0,0,0,0,0,0,0,0,0,0,0,72,0,OK
9时28分34秒,46/79 静置,545,26.09,14220,545.13,26.08,14218.02,550.12,11.84,6516.05,546.63,11.95,6529.69,72,68.9,68.2,542.3,11,545.9,11.1,546.7,0,548.5,51.4,26,25.5,11.9,11.7,26,25.5,11.9,11.7,230.8,231.5,234.1,58.1,57.4,57,0,0,0,0,0,0,0,0,0,0,0,0,0,0,0,0,0,72,0,OK
9时28分39秒,46/79 静置,545,26.09,14220,545.13,26.08,14218.02,550.12,11.84,6516.05,546.63,11.95,6529.69,72,68.9,68.2,542.3,11,545.9,11.1,546.7,0,548.5,51.4,26,25.5,11.9,11.7,26,25.5,11.9,11.7,230.8,231.5,234.1,58.1,57.4,57,0,0,0,0,0,0,0,0,0,0,0,0,0,0,0,0,0,72,0,OK
9时28分44秒,46/79 静置,548.29,26.16,14342.74,536.38,26.11,14002.47,534.54,12.14,6488.07,550.19,12.04,6626.5,72,68.9,68.2,541.5,11.2,541.7,11.2,540.3,0,537.8,51.4,26,25.6,12,11.9,26,25.6,12,11.9,230.8,231.7,234.2,57.7,57,56.8,0,0,0,0,0,0,0,0,0,0,0,0,0,0,0,0,0,72,0,OK
9时28分49秒,46/79 静置,548.29,26.16,14342.74,536.38,26.11,14002.47,534.54,12.14,6488.07,550.19,12.04,6626.5,72,68.9,68.2,541.5,11.2,541.7,11.2,540.3,0,537.8,51.4,26,25.6,12,11.9,26,25.6,12,11.9,230.8,231.7,234.2,57.7,57,56.8,0,0,0,0,0,0,0,0,0,0,0,0,0,0,0,0,0,72,0,OK
9时28分54秒,46/79 静置,538.97,26.27,14161.14,540.48,26.14,14128.5,536.45,12.12,6499.26,528.83,12.22,6460.06,73,68.9,68.2,536.7,10.9,542.9,11.1,537.7,0,529.7,51.4,26.1,25.6,12,12,26.1,25.6,12,12,230.8,231.5,234.1,57.8,57.1,56.8,0,0,0,0,0,0,0,0,0,0,0,0,0,0,0,0,0,73,0,OK
9时28分59秒,46/79 静置,538.97,26.27,14161.14,540.48,26.14,14128.5,536.45,12.12,6499.26,528.83,12.22,6460.06,73,68.9,68.2,536.7,10.9,542.9,11.1,537.7,0,529.7,51.4,26.1,25.6,12,12,26.1,25.6,12,12,230.8,231.5,234.1,57.8,57.1,56.8,0,0,0,0,0,0,0,0,0,0,0,0,0,0,0,0,0,73,0,OK
9时29分04秒,46/79 静置,548.83,26.07,14307.76,540.75,26.22,14176.31,548.21,11.97,6562.45,546.91,12.02,6576.23,73,68.9,68.2,544.2,10.8,538.9,11,547.1,0,543.4,51.4,25.9,25.7,11.9,11.8,25.9,25.7,11.9,11.8,231,231.7,234.2,58.1,57.4,57.1,0,0,0,0,0,0,0,0,0,0,0,0,0,0,0,0,0,73,0,OK
9时29分09秒,46/79 静置,548.83,26.07,14307.76,540.75,26.22,14176.31,548.21,11.97,6562.45,546.91,12.02,6576.23,73,68.9,68.2,544.2,10.8,538.9,11,547.1,0,543.4,51.4,25.9,25.7,11.9,11.8,25.9,25.7,11.9,11.8,231,231.7,234.2,58.1,57.4,57.1,0,0,0,0,0,0,0,0,0,0,0,0,0,0,0,0,0,73,0,OK
9时29分14秒,46/79 静置,546.37,26.06,14240.81,545.67,26.09,14236.54,546.29,12.02,6565.14,547.18,12,6565.09,73,68.9,68.2,544.5,11.1,545.5,11,544.2,0,546.5,51.4,25.9,25.5,12,11.8,25.9,25.5,12,11.8,230.7,231.5,234,58.1,57.4,57.1,0,0,0,0,0,0,0,0,0,0,0,0,0,0,0,0,0,73,0,OK
9时29分19秒,46/79 静置,546.37,26.06,14240.81,545.67,26.09,14236.54,546.29,12.02,6565.14,547.18,12,6565.09,73,68.9,68.2,544.5,11.1,545.5,11,544.2,0,546.5,51.4,25.9,25.5,12,11.8,25.9,25.5,12,11.8,230.7,231.5,234,58.1,57.4,57.1,0,0,0,0,0,0,0,0,0,0,0,0,0,0,0,0,0,73,0,OK
9时29分24秒,46/79 静置,549.11,26.03,14294,547.04,26.02,14231.59,549.03,11.94,6557.25,549.65,11.98,6582.33,73,68.9,68.2,546.7,10.9,548.4,11.1,548.4,0,548.5,51.4,25.8,25.4,11.9,11.7,25.8,25.4,11.9,11.7,231,231.8,234.3,58.1,57.4,57.1,0,0,0,0,0,0,0,0,0,0,0,0,0,0,0,0,0,73,0,OK
9时29分29秒,46/79 静置,549.11,26.03,14294,547.04,26.02,14231.59,549.03,11.94,6557.25,549.65,11.98,6582.33,73,68.9,68.2,546.7,10.9,548.4,11.1,548.4,0,548.5,51.4,25.8,25.4,11.9,11.7,25.8,25.4,11.9,11.7,231,231.8,234.3,58.1,57.4,57.1,0,0,0,0,0,0,0,0,0,0,0,0,0,0,0,0,0,73,0,OK
9时29分34秒,46/79 静置,550.75,25.41,13996.87,549.77,25.93,14257.06,549.3,11.86,6513.85,549.37,11.86,6517.34,73,68.9,68.2,548,11,549,11.2,549.2,0,549.2,51.4,25.5,25.3,11.7,11.6,25.5,25.3,11.7,11.6,230.9,231.7,234.3,57.9,57.2,56.9,0,0,0,0,0,0,0,0,0,0,0,0,0,0,0,0,0,73,0,OK
9时29分39秒,46/79 静置,550.75,25.41,13996.87,549.77,25.93,14257.06,549.3,11.86,6513.85,549.37,11.86,6517.34,73,68.9,68.2,548,11,549,11.2,549.2,0,549.2,51.4,25.5,25.3,11.7,11.6,25.5,25.3,11.7,11.6,230.9,231.7,234.3,57.9,57.2,56.9,0,0,0,0,0,0,0,0,0,0,0,0,0,0,0,0,0,73,0,OK
9时29分44秒,46/79 静置,548.01,26.03,14263.31,550.87,25.66,14134.26,548.76,11.93,6545.41,549.37,11.98,6581.72,73,68.9,68.2,546.8,11,549.3,11.2,548.6,0,547.9,51.4,25.8,25.3,11.9,11.8,25.8,25.3,11.9,11.8,231,231.7,234.3,57.9,57.2,56.9,0,0,0,0,0,0,0,0,0,0,0,0,0,0,0,0,0,73,0,OK
9时29分49秒,46/79 静置,548.01,26.03,14263.31,550.87,25.66,14134.26,548.76,11.93,6545.41,549.37,11.98,6581.72,73,68.9,68.2,546.8,11,549.3,11.2,548.6,0,547.9,51.4,25.8,25.3,11.9,11.8,25.8,25.3,11.9,11.8,231,231.7,234.3,57.9,57.2,56.9,0,0,0,0,0,0,0,0,0,0,0,0,0,0,0,0,0,73,0,OK
9时29分54秒,46/79 静置,545,26.07,14209.36,548.95,25.98,14261.01,543.83,12.04,6547.26,547.45,12.01,6576.4,73,68.9,68.2,543.2,11.1,548.3,11.1,545,0,546,51.4,25.9,25.4,12,11.8,25.9,25.4,12,11.8,230.7,231.6,234.3,57.9,57.1,56.8,0,0,0,0,0,0,0,0,0,0,0,0,0,0,0,0,0,73,0,OK
9时29分59秒,46/79 静置,545,26.07,14209.36,548.95,25.98,14261.01,543.83,12.04,6547.26,547.45,12.01,6576.4,73,68.9,68.2,543.2,11.1,548.3,11.1,545,0,546,51.4,25.9,25.4,12,11.8,25.9,25.4,12,11.8,230.7,231.6,234.3,57.9,57.1,56.8,0,0,0,0,0,0,0,0,0,0,0,0,0,0,0,0,0,73,0,OK
9时30分04秒,46/79 静置,550.48,25.85,14228.58,550.87,25.89,14261.22,546.57,12.02,6569.5,544.99,12.04,6561.68,73,68.9,68.2,547.3,11.2,548.9,11.2,545.4,0,546.1,51.4,25.7,25.3,11.9,11.8,25.7,25.3,11.9,11.8,230.9,231.8,234.6,57.9,57.1,56.8,0,0,0,0,0,0,0,0,0,0,0,0,0,0,0,0,0,73,0,OK
9时30分09秒,46/79 静置,550.48,25.85,14228.58,550.87,25.89,14261.22,546.57,12.02,6569.5,544.99,12.04,6561.68,73,68.9,68.2,547.3,11.2,548.9,11.2,545.4,0,546.1,51.4,25.7,25.3,11.9,11.8,25.7,25.3,11.9,11.8,230.9,231.8,234.6,57.9,57.1,56.8,0,0,0,0,0,0,0,0,0,0,0,0,0,0,0,0,0,73,0,OK
9时30分14秒,46/79 静置,547.46,25.97,14217.51,549.5,26.01,14290.22,546.29,12.01,6561.41,549.92,11.75,6463.7,73,68.9,68.2,547.6,10.8,548.2,11.1,546.9,0,550.9,51.4,25.7,25.4,11.9,11.4,25.7,25.4,11.9,11.4,230.9,232,234.6,58,57.3,56.9,0,0,0,0,0,0,0,0,0,0,0,0,0,0,0,0,0,73,0,OK
9时30分19秒,46/79 静置,547.46,25.97,14217.51,549.5,26.01,14290.22,546.29,12.01,6561.41,549.92,11.75,6463.7,73,68.9,68.2,547.6,10.8,548.2,11.1,546.9,0,550.9,51.4,25.7,25.4,11.9,11.4,25.7,25.4,11.9,11.4,230.9,232,234.6,58,57.3,56.9,0,0,0,0,0,0,0,0,0,0,0,0,0,0,0,0,0,73,0,OK
9时30分24秒,46/79 静置,550.21,25.94,14272.56,550.05,25.98,14292.62,551.76,11.79,6505.3,549.37,11.97,6573.68,73,68.9,68.2,545.9,11,547.5,11.3,547.5,0,546.7,51.4,25.8,25.4,11.9,11.8,25.8,25.4,11.9,11.8,231.1,232.3,234.8,58.1,57.4,57,0,0,0,0,0,0,0,0,0,0,0,0,0,0,0,0,0,73,0,OK
9时30分29秒,46/79 静置,550.21,25.94,14272.56,550.05,25.98,14292.62,551.76,11.79,6505.3,549.37,11.97,6573.68,73,68.9,68.2,545.9,11,547.5,11.3,547.5,0,546.7,51.4,25.8,25.4,11.9,11.8,25.8,25.4,11.9,11.8,231.1,232.3,234.8,58.1,57.4,57,0,0,0,0,0,0,0,0,0,0,0,0,0,0,0,0,0,73,0,OK
9时30分34秒,46/79 静置,546.37,26.06,14237.61,549.23,25.86,14201.58,545.75,12.02,6560.17,546.08,12.03,6566.87,73,68.9,68.2,545.7,11.1,549.3,11.3,546.5,0,545.7,51.4,25.9,25.3,11.9,11.8,25.9,25.3,11.9,11.8,230.7,231.9,234.7,58.1,57.4,57.1,0,0,0,0,0,0,0,0,0,0,0,0,0,0,0,0,0,73,0,OK
9时30分39秒,46/79 静置,546.37,26.06,14237.61,549.23,25.86,14201.58,545.75,12.02,6560.17,546.08,12.03,6566.87,73,68.9,68.2,545.7,11.1,549.3,11.3,546.5,0,545.7,51.4,25.9,25.3,11.9,11.8,25.9,25.3,11.9,11.8,230.7,231.9,234.7,58.1,57.4,57.1,0,0,0,0,0,0,0,0,0,0,0,0,0,0,0,0,0,73,0,OK
9时30分44秒,46/79 静置,550.21,25.89,14246.77,550.59,25.94,14279.95,550.94,11.85,6527.91,550.19,11.98,6589.43,73,68.9,68.2,547.1,11.1,547.9,11.3,548.5,0,547.6,51.4,25.7,25.4,11.8,11.7,25.7,25.4,11.8,11.7,230.5,231.9,234.4,57.8,57.5,57.1,0,0,0,0,0,0,0,0,0,0,0,0,0,0,0,0,0,73,0,OK
9时30分49秒,46/79 静置,550.21,25.89,14246.77,550.59,25.94,14279.95,550.94,11.85,6527.91,550.19,11.98,6589.43,73,68.9,68.2,547.1,11.1,547.9,11.3,548.5,0,547.6,51.4,25.7,25.4,11.8,11.7,25.7,25.4,11.8,11.7,230.5,231.9,234.4,57.8,57.5,57.1,0,0,0,0,0,0,0,0,0,0,0,0,0,0,0,0,0,73,0,OK
9时30分54秒,46/79 静置,546.09,26.03,14216.06,547.59,26,14238.86,549.85,11.81,6491.33,549.65,11.88,6529.72,73,68.9,68.2,546.4,10.8,547.7,10.8,548.7,0,548.7,51.4,25.8,25.5,11.8,11.7,25.8,25.5,11.8,11.7,230.7,231.9,234.4,58,57.5,57.1,0,0,0,0,0,0,0,0,0,0,0,0,0,0,0,0,0,73,0,OK
9时30分59秒,46/79 静置,546.09,26.03,14216.06,547.59,26,14238.86,549.85,11.81,6491.33,549.65,11.88,6529.72,73,68.9,68.2,546.4,10.8,547.7,10.8,548.7,0,548.7,51.4,25.8,25.5,11.8,11.7,25.8,25.5,11.8,11.7,230.7,231.9,234.4,58,57.5,57.1,0,0,0,0,0,0,0,0,0,0,0,0,0,0,0,0,0,73,0,OK
9时31分04秒,46/79 静置,547.74,25.97,14226.78,547.04,26.01,14229.45,550.4,11.95,6574.65,550.74,11.85,6523.92,73,68.9,68.2,545.9,11,548.3,11.2,547.2,0,548.5,51.4,25.8,25.4,11.9,11.7,25.8,25.4,11.9,11.7,230.6,231.9,234.3,58.1,57.2,56.9,0,0,0,0,0,0,0,0,0,0,0,0,0,0,0,0,0,73,0,OK
9时31分09秒,46/79 静置,547.74,25.97,14226.78,547.04,26.01,14229.45,550.4,11.95,6574.65,550.74,11.85,6523.92,73,68.9,68.2,545.9,11,548.3,11.2,547.2,0,548.5,51.4,25.8,25.4,11.9,11.7,25.8,25.4,11.9,11.7,230.6,231.9,234.3,58.1,57.2,56.9,0,0,0,0,0,0,0,0,0,0,0,0,0,0,0,0,0,73,0,OK
9时31分14秒,46/79 静置,549.66,25.85,14208.96,550.87,25.63,14117.05,549.03,11.95,6561.54,549.1,11.92,6544.13,73,68.9,68.2,545.2,11.2,547,11.2,545,0,546.8,51.4,25.8,25.4,11.9,11.8,25.8,25.4,11.9,11.8,230.8,231.9,234.1,57.9,57.2,56.5,0,0,0,0,0,0,0,0,0,0,0,0,0,0,0,0,0,73,0,OK
9时31分19秒,46/79 静置,549.66,25.85,14208.96,550.87,25.63,14117.05,549.03,11.95,6561.54,549.1,11.92,6544.13,73,68.9,68.2,545.2,11.2,547,11.2,545,0,546.8,51.4,25.8,25.4,11.9,11.8,25.8,25.4,11.9,11.8,230.8,231.9,234.1,57.9,57.2,56.5,0,0,0,0,0,0,0,0,0,0,0,0,0,0,0,0,0,73,0,OK
9时31分24秒,46/79 静置,547.19,26.04,14251.02,547.59,26.03,14252.77,544.93,11.98,6529.02,546.36,12,6554.17,73,68.9,68.2,545.3,10.9,546.2,10.9,546.4,0,547,51.4,25.9,25.5,11.9,11.8,25.9,25.5,11.9,11.8,230.9,231.9,234.4,58,57.3,57,0,0,0,0,0,0,0,0,0,0,0,0,0,0,0,0,0,73,0,OK
9时31分29秒,46/79 静置,547.19,26.04,14251.02,547.59,26.03,14252.77,544.93,11.98,6529.02,546.36,12,6554.17,73,68.9,68.2,545.3,10.9,546.2,10.9,546.4,0,547,51.4,25.9,25.5,11.9,11.8,25.9,25.5,11.9,11.8,230.9,231.9,234.4,58,57.3,57,0,0,0,0,0,0,0,0,0,0,0,0,0,0,0,0,0,73,0,OK
9时31分34秒,46/79 静置,546.37,25.97,14187.99,548.95,25.91,14223.49,550.67,11.86,6532.2,550.19,11.8,6494.32,73,68.9,68.2,547.6,10.7,549.4,10.8,548.5,0,549.2,51.4,25.7,25.3,11.8,11.7,25.7,25.3,11.8,11.7,231,231.8,234.5,58,57.3,57,0,0,0,0,0,0,0,0,0,0,0,0,0,0,0,0,0,73,0,OK
9时31分39秒,46/79 静置,546.37,25.97,14187.99,548.95,25.91,14223.49,550.67,11.86,6532.2,550.19,11.8,6494.32,73,68.9,68.2,547.6,10.7,549.4,10.8,548.5,0,549.2,51.4,25.7,25.3,11.8,11.7,25.7,25.3,11.8,11.7,231,231.8,234.5,58,57.3,57,0,0,0,0,0,0,0,0,0,0,0,0,0,0,0,0,0,73,0,OK
9时31分44秒,46/79 静置,546.92,26,14217.17,547.86,26.01,14252.39,546.84,12,6563.7,547.18,12.01,6570.43,73,68.9,68.2,546.4,10.9,546.2,11.1,546.4,0,547.6,51.4,25.8,25.5,11.9,11.8,25.8,25.5,11.9,11.8,231.1,232.1,234.6,57.9,57.1,56.8,0,0,0,0,0,0,0,0,0,0,0,0,0,0,0,0,0,73,0,OK
9时31分49秒,46/79 静置,546.92,26,14217.17,547.86,26.01,14252.39,546.84,12,6563.7,547.18,12.01,6570.43,73,68.9,68.2,546.4,10.9,546.2,11.1,546.4,0,547.6,51.4,25.8,25.5,11.9,11.8,25.8,25.5,11.9,11.8,231.1,232.1,234.6,57.9,57.1,56.8,0,0,0,0,0,0,0,0,0,0,0,0,0,0,0,0,0,73,0,OK
9时31分54秒,46/79 静置,544.45,26.12,14223.25,544.58,26.08,14201.1,540.83,12.05,6516.86,542.8,12.05,6543.25,73,68.9,68.2,541,11.1,546.6,11.1,540,0,540.9,51.4,26,25.5,12,11.8,26,25.5,12,11.8,231,232.1,234.5,57.9,57.2,56.9,0,0,0,0,0,0,0,0,0,0,0,0,0,0,0,0,0,73,0,OK
9时31分59秒,46/79 静置,544.45,26.12,14223.25,544.58,26.08,14201.1,540.83,12.05,6516.86,542.8,12.05,6543.25,73,68.9,68.2,541,11.1,546.6,11.1,540,0,540.9,51.4,26,25.5,12,11.8,26,25.5,12,11.8,231,232.1,234.5,57.9,57.2,56.9,0,0,0,0,0,0,0,0,0,0,0,0,0,0,0,0,0,73,0,OK
9时32分04秒,46/79 静置,543.36,26.15,14206.83,548.68,26.03,14284.45,546.57,12.01,6564.16,547.18,11.99,6560.81,73,68.9,68.2,539.2,11.1,546.4,11.2,547,0,546.5,51.4,26,25.5,11.9,11.8,26,25.5,11.9,11.8,230.7,231.8,234.2,58.2,57.4,57.1,0,0,0,0,0,0,0,0,0,0,0,0,0,0,0,0,0,73,0,OK
9时32分09秒,46/79 静置,543.36,26.15,14206.83,548.68,26.03,14284.45,546.57,12.01,6564.16,547.18,11.99,6560.81,73,68.9,68.2,539.2,11.1,546.4,11.2,547,0,546.5,51.4,26,25.5,11.9,11.8,26,25.5,11.9,11.8,230.7,231.8,234.2,58.2,57.4,57.1,0,0,0,0,0,0,0,0,0,0,0,0,0,0,0,0,0,73,0,OK
9时32分14秒,46/79 静置,546.92,26.06,14254.02,547.59,26.02,14249.56,544.93,12.05,6565.74,549.1,11.99,6583.27,73,68.9,68.2,545.6,11.1,547.4,11.3,542.3,0,547.5,51.4,25.8,25.5,12,11.8,25.8,25.5,12,11.8,230.8,231.8,234.4,58.1,57.4,57.1,0,0,0,0,0,0,0,0,0,0,0,0,0,0,0,0,0,73,0,OK
9时32分19秒,46/79 静置,546.92,26.06,14254.02,547.59,26.02,14249.56,544.93,12.05,6565.74,549.1,11.99,6583.27,73,68.9,68.2,545.6,11.1,547.4,11.3,542.3,0,547.5,51.4,25.8,25.5,12,11.8,25.8,25.5,12,11.8,230.8,231.8,234.4,58.1,57.4,57.1,0,0,0,0,0,0,0,0,0,0,0,0,0,0,0,0,0,73,0,OK
9时32分24秒,46/79 静置,549.11,25.94,14242.52,551.41,26,14337.3,546.84,11.99,6555.16,541.98,12.06,6533.88,73,68.9,68.2,546.5,11,545.9,11.2,547.4,0,543.3,51.4,25.8,25.5,11.9,11.8,25.8,25.5,11.9,11.8,230.6,231.8,234.2,57.9,57.2,56.8,0,0,0,0,0,0,0,0,0,0,0,0,0,0,0,0,0,73,0,OK
9时32分29秒,46/79 静置,549.11,25.94,14242.52,551.41,26,14337.3,546.84,11.99,6555.16,541.98,12.06,6533.88,73,68.9,68.2,546.5,11,545.9,11.2,547.4,0,543.3,51.4,25.8,25.5,11.9,11.8,25.8,25.5,11.9,11.8,230.6,231.8,234.2,57.9,57.2,56.8,0,0,0,0,0,0,0,0,0,0,0,0,0,0,0,0,0,73,0,OK
9时32分34秒,46/79 静置,548.83,25.9,14215.04,548.13,25.92,14205.98,546.84,11.94,6529.53,549.1,11.91,6541.45,73,68.9,68.2,548.1,11,549.5,11.1,549.3,0,549.8,51.4,25.6,25.3,11.8,11.6,25.6,25.3,11.8,11.6,230.6,231.9,234.1,58.1,57.4,57.1,0,0,0,0,0,0,0,0,0,0,0,0,0,0,0,0,0,73,0,OK
9时32分39秒,46/79 静置,548.83,25.9,14215.04,548.13,25.92,14205.98,546.84,11.94,6529.53,549.1,11.91,6541.45,73,68.9,68.2,548.1,11,549.5,11.1,549.3,0,549.8,51.4,25.6,25.3,11.8,11.6,25.6,25.3,11.8,11.6,230.6,231.9,234.1,58.1,57.4,57.1,0,0,0,0,0,0,0,0,0,0,0,0,0,0,0,0,0,73,0,OK
9时32分45秒,46/79 静置,543.36,25.99,14123.53,544.58,25.96,14138.87,546.57,12,6558.29,549.1,11.97,6570.4,73,68.9,68.2,547,10.9,549,10.8,547.1,0,549.1,51.4,25.8,25.4,11.9,11.6,25.8,25.4,11.9,11.6,230.6,231.9,234,58,57.3,56.9,0,0,0,0,0,0,0,0,0,0,0,0,0,0,0,0,0,73,0,OK
9时32分50秒,46/79 静置,543.36,25.99,14123.53,544.58,25.96,14138.87,546.57,12,6558.29,549.1,11.97,6570.4,73,68.9,68.2,547,10.9,549,10.8,547.1,0,549.1,51.4,25.8,25.4,11.9,11.6,25.8,25.4,11.9,11.6,230.6,231.9,234,58,57.3,56.9,0,0,0,0,0,0,0,0,0,0,0,0,0,0,0,0,0,73,0,OK
9时32分55秒,46/79 静置,546.92,26.05,14247.62,549.23,25.88,14216.6,550.67,11.64,6408.52,548.55,11.97,6564.92,73,68.9,68.2,545,10.9,548.2,11,549.4,0,547.5,51.4,25.9,25.4,11.6,11.8,25.9,25.4,11.6,11.8,231,231.8,234,58.1,57.3,57,0,0,0,0,0,0,0,0,0,0,0,0,0,0,0,0,0,73,0,OK
9时33分00秒,46/79 静置,546.92,26.05,14247.62,549.23,25.88,14216.6,550.67,11.64,6408.52,548.55,11.97,6564.92,73,68.9,68.2,545,10.9,548.2,11,549.4,0,547.5,51.4,25.9,25.4,11.6,11.8,25.9,25.4,11.6,11.8,231,231.8,234,58.1,57.3,57,0,0,0,0,0,0,0,0,0,0,0,0,0,0,0,0,0,73,0,OK
9时33分05秒,46/79 静置,545,26.01,14177.43,547.31,26.01,14234.96,550.4,11.92,6560.13,550.47,11.78,6481.96,73,68.9,68.2,546.3,10.9,547.5,11.2,546.2,0,548.5,51.4,25.8,25.5,11.9,11.7,25.8,25.5,11.9,11.7,230.8,231.8,234.1,58.1,57.4,57.1,0,0,0,0,0,0,0,0,0,0,0,0,0,0,0,0,0,73,0,OK
9时33分10秒,46/79 静置,545,26.01,14177.43,547.31,26.01,14234.96,550.4,11.92,6560.13,550.47,11.78,6481.96,73,68.9,68.2,546.3,10.9,547.5,11.2,546.2,0,548.5,51.4,25.8,25.5,11.9,11.7,25.8,25.5,11.9,11.7,230.8,231.8,234.1,58.1,57.4,57.1,0,0,0,0,0,0,0,0,0,0,0,0,0,0,0,0,0,73,0,OK
9时33分15秒,46/79 静置,551.3,25.94,14299.9,545.13,26,14175.96,549.58,11.96,6570.76,551.56,11.9,6564.35,73,68.9,68.2,547.2,10.8,548.7,10.8,547.1,0,548,51.4,25.7,25.3,11.9,11.7,25.7,25.3,11.9,11.7,230.5,231.7,233.9,58,57.2,56.9,0,0,0,0,0,0,0,0,0,0,0,0,0,0,0,0,0,73,0,OK
9时33分20秒,46/79 静置,551.3,25.94,14299.9,545.13,26,14175.96,549.58,11.96,6570.76,551.56,11.9,6564.35,73,68.9,68.2,547.2,10.8,548.7,10.8,547.1,0,548,51.4,25.7,25.3,11.9,11.7,25.7,25.3,11.9,11.7,230.5,231.7,233.9,58,57.2,56.9,0,0,0,0,0,0,0,0,0,0,0,0,0,0,0,0,0,73,0,OK
9时33分25秒,46/79 静置,549.66,25.77,14163.34,551.14,25.61,14116.52,549.58,11.84,6508.51,549.1,11.97,6574.16,73,68.9,68.2,547.3,10.8,547.6,11,547.9,0,545.6,51.4,25.7,25.4,11.9,11.8,25.7,25.4,11.9,11.8,230.8,231.7,233.8,58,57.3,56.9,0,0,0,0,0,0,0,0,0,0,0,0,0,0,0,0,0,73,0,OK
9时33分30秒,46/79 静置,549.66,25.77,14163.34,551.14,25.61,14116.52,549.58,11.84,6508.51,549.1,11.97,6574.16,73,68.9,68.2,547.3,10.8,547.6,11,547.9,0,545.6,51.4,25.7,25.4,11.9,11.8,25.7,25.4,11.9,11.8,230.8,231.7,233.8,58,57.3,56.9,0,0,0,0,0,0,0,0,0,0,0,0,0,0,0,0,0,73,0,OK
9时33分35秒,46/79 静置,550.75,26.05,14346.47,544.03,25.92,14101.32,550.4,11.94,6574.11,550.47,12,6606.68,73,68.9,68.2,542.2,10.7,548.4,11,546.1,0,547.7,51.4,26,25.4,11.9,11.8,26,25.4,11.9,11.8,230.5,231.5,233.6,58.2,57.5,57.2,0,0,0,0,0,0,0,0,0,0,0,0,0,0,0,0,0,73,0,OK
9时33分40秒,46/79 静置,550.75,26.05,14346.47,544.03,25.92,14101.32,550.4,11.94,6574.11,550.47,12,6606.68,73,68.9,68.2,542.2,10.7,548.4,11,546.1,0,547.7,51.4,26,25.4,11.9,11.8,26,25.4,11.9,11.8,230.5,231.5,233.6,58.2,57.5,57.2,0,0,0,0,0,0,0,0,0,0,0,0,0,0,0,0,0,73,0,OK
9时33分45秒,46/79 静置,550.75,25.86,14242.13,551.96,25.56,14107.32,551.22,11.79,6496.7,543.07,12.02,6527.99,73,68.9,68.2,547.7,10.8,549.1,11,548.9,0,546.4,51.4,25.7,25.4,11.8,11.8,25.7,25.4,11.8,11.8,230.7,231.6,233.8,57.8,57.1,56.7,0,0,0,0,0,0,0,0,0,0,0,0,0,0,0,0,0,73,0,OK
9时33分50秒,46/79 静置,550.75,25.86,14242.13,551.96,25.56,14107.32,551.22,11.79,6496.7,543.07,12.02,6527.99,73,68.9,68.2,547.7,10.8,549.1,11,548.9,0,546.4,51.4,25.7,25.4,11.8,11.8,25.7,25.4,11.8,11.8,230.7,231.6,233.8,57.8,57.1,56.7,0,0,0,0,0,0,0,0,0,0,0,0,0,0,0,0,0,73,0,OK
9时33分55秒,46/79 静置,544.18,26.13,14218.74,544.58,26.15,14240.98,549.85,11.95,6570.8,549.92,11.97,6582.92,73,68.9,68.2,541.4,10.9,542,11.1,547,0,547.5,51.4,26,25.6,11.9,11.8,26,25.6,11.9,11.8,230.6,231.5,233.8,58.2,57.4,57.1,0,0,0,0,0,0,0,0,0,0,0,0,0,0,0,0,0,73,0,OK
9时34分00秒,46/79 静置,544.18,26.13,14218.74,544.58,26.15,14240.98,549.85,11.95,6570.8,549.92,11.97,6582.92,73,68.9,68.2,541.4,10.9,542,11.1,547,0,547.5,51.4,26,25.6,11.9,11.8,26,25.6,11.9,11.8,230.6,231.5,233.8,58.2,57.4,57.1,0,0,0,0,0,0,0,0,0,0,0,0,0,0,0,0,0,73,0,OK
9时34分05秒,46/79 静置,547.46,26,14235.69,543.21,26.03,14142.13,547.12,11.98,6552.56,546.36,12.01,6564.3,73,68.9,68.2,547,11,549,11.2,548.6,0,547.1,51.4,25.7,25.3,11.8,11.8,25.7,25.3,11.8,11.8,230.6,231.6,233.7,58.1,57.4,57.1,0,0,0,0,0,0,0,0,0,0,0,0,0,0,0,0,0,73,0,OK
9时34分10秒,46/79 静置,547.46,26,14235.69,543.21,26.03,14142.13,547.12,11.98,6552.56,546.36,12.01,6564.3,73,68.9,68.2,547,11,549,11.2,548.6,0,547.1,51.4,25.7,25.3,11.8,11.8,25.7,25.3,11.8,11.8,230.6,231.6,233.7,58.1,57.4,57.1,0,0,0,0,0,0,0,0,0,0,0,0,0,0,0,0,0,73,0,OK
9时34分15秒,46/79 静置,548.83,25.94,14237.01,547.59,25.97,14222.82,550.4,11.95,6576.26,550.74,11.9,6552.96,73,68.9,68.2,548,11,548.9,10.9,548.2,0,547.4,51.4,25.7,25.4,11.9,11.8,25.7,25.4,11.9,11.8,230.9,231.8,233.9,58.2,57.5,57.2,0,0,0,0,0,0,0,0,0,0,0,0,0,0,0,0,0,73,0,OK
9时34分20秒,46/79 静置,548.83,25.94,14237.01,547.59,25.97,14222.82,550.4,11.95,6576.26,550.74,11.9,6552.96,73,68.9,68.2,548,11,548.9,10.9,548.2,0,547.4,51.4,25.7,25.4,11.9,11.8,25.7,25.4,11.9,11.8,230.9,231.8,233.9,58.2,57.5,57.2,0,0,0,0,0,0,0,0,0,0,0,0,0,0,0,0,0,73,0,OK
9时34分25秒,46/79 静置,546.37,26.05,14234.94,550.05,25.88,14233.54,547.12,11.95,6540.27,549.37,11.92,6547.92,73,68.9,68.2,543.8,11,548,11.1,546,0,547.1,51.4,25.9,25.4,11.9,11.8,25.9,25.4,11.9,11.8,230.5,231.4,233.8,58.2,57.6,57.2,0,0,0,0,0,0,0,0,0,0,0,0,0,0,0,0,0,73,0,OK
9时34分30秒,46/79 静置,546.37,26.05,14234.94,550.05,25.88,14233.54,547.12,11.95,6540.27,549.37,11.92,6547.92,73,68.9,68.2,543.8,11,548,11.1,546,0,547.1,51.4,25.9,25.4,11.9,11.8,25.9,25.4,11.9,11.8,230.5,231.4,233.8,58.2,57.6,57.2,0,0,0,0,0,0,0,0,0,0,0,0,0,0,0,0,0,73,0,OK
9时34分35秒,46/79 静置,546.09,26.13,14270.99,541.3,26.08,14116.11,546.57,12.03,6574.83,547.73,11.99,6566.85,73,68.9,68.2,539.3,10.9,546.2,11.1,543.6,0,545.4,51.4,26.1,25.5,12,11.8,26.1,25.5,12,11.8,230.7,231.6,233.9,58.1,57.5,57.2,0,0,0,0,0,0,0,0,0,0,0,0,0,0,0,0,0,73,0,OK
9时34分40秒,46/79 静置,546.09,26.13,14270.99,541.3,26.08,14116.11,546.57,12.03,6574.83,547.73,11.99,6566.85,73,68.9,68.2,539.3,10.9,546.2,11.1,543.6,0,545.4,51.4,26.1,25.5,12,11.8,26.1,25.5,12,11.8,230.7,231.6,233.9,58.1,57.5,57.2,0,0,0,0,0,0,0,0,0,0,0,0,0,0,0,0,0,73,0,OK
9时34分45秒,46/79 静置,548.83,25.98,14260.6,548.68,26.01,14269.98,548.21,12.01,6586,547.73,12,6570.06,73,68.9,68.2,547.6,11,548.7,10.9,546.8,0,548,51.4,25.6,25.3,11.9,11.7,25.6,25.3,11.9,11.7,230.8,231.7,234.2,57.9,57.2,56.9,0,0,0,0,0,0,0,0,0,0,0,0,0,0,0,0,0,73,0,OK
9时34分50秒,46/79 静置,548.83,25.98,14260.6,548.68,26.01,14269.98,548.21,12.01,6586,547.73,12,6570.06,73,68.9,68.2,547.6,11,548.7,10.9,546.8,0,548,51.4,25.6,25.3,11.9,11.7,25.6,25.3,11.9,11.7,230.8,231.7,234.2,57.9,57.2,56.9,0,0,0,0,0,0,0,0,0,0,0,0,0,0,0,0,0,73,0,OK
9时34分55秒,46/79 静置,539.52,26.09,14075.98,542.39,26.08,14145.14,544.38,12.01,6538.42,547.73,11.99,6567.92,73,68.9,68.2,543.6,11,545.4,11.2,545.4,0,547.3,51.4,25.9,25.5,12,11.8,25.9,25.5,12,11.8,230.5,231.4,234.3,58,57.3,57,0,0,0,0,0,0,0,0,0,0,0,0,0,0,0,0,0,73,0,OK
9时35分00秒,46/79 静置,539.52,26.09,14075.98,542.39,26.08,14145.14,544.38,12.01,6538.42,547.73,11.99,6567.92,73,68.9,68.2,543.6,11,545.4,11.2,545.4,0,547.3,51.4,25.9,25.5,12,11.8,25.9,25.5,12,11.8,230.5,231.4,234.3,58,57.3,57,0,0,0,0,0,0,0,0,0,0,0,0,0,0,0,0,0,73,0,OK
9时35分05秒,46/79 静置,546.09,26,14198.46,547.04,25.93,14184.04,546.02,11.91,6502.67,550.74,11.86,6530.91,73,68.9,68.2,547.5,10.9,549.6,11.2,549.2,0,548.5,51.4,25.6,25.1,11.7,11.7,25.6,25.1,11.7,11.7,230.6,231.4,234.3,58.2,57.5,57.2,0,0,0,0,0,0,0,0,0,0,0,0,0,0,0,0,0,73,0,OK
9时35分10秒,46/79 静置,546.09,26,14198.46,547.04,25.93,14184.04,546.02,11.91,6502.67,550.74,11.86,6530.91,73,68.9,68.2,547.5,10.9,549.6,11.2,549.2,0,548.5,51.4,25.6,25.1,11.7,11.7,25.6,25.1,11.7,11.7,230.6,231.4,234.3,58.2,57.5,57.2,0,0,0,0,0,0,0,0,0,0,0,0,0,0,0,0,0,73,0,OK
9时35分15秒,46/79 静置,543.08,26.17,14213.98,543.21,26.15,14204.19,550.4,11.89,6545.62,549.65,11.87,6522.75,73,68.9,68.2,541.3,10.9,544.2,11.1,547.5,0,548.2,51.4,26,25.6,11.9,11.7,26,25.6,11.9,11.7,230.7,231.5,234.5,58.2,57.4,57.1,0,0,0,0,0,0,0,0,0,0,0,0,0,0,0,0,0,73,0,OK
9时35分20秒,46/79 静置,543.08,26.17,14213.98,543.21,26.15,14204.19,550.4,11.89,6545.62,549.65,11.87,6522.75,73,68.9,68.2,541.3,10.9,544.2,11.1,547.5,0,548.2,51.4,26,25.6,11.9,11.7,26,25.6,11.9,11.7,230.7,231.5,234.5,58.2,57.4,57.1,0,0,0,0,0,0,0,0,0,0,0,0,0,0,0,0,0,73,0,OK
9时35分25秒,46/79 静置,546.92,26.07,14259.37,544.58,26.09,14208.54,542.74,12.05,6541.52,546.08,12.01,6556.74,73,68.9,68.2,544.2,11,544.7,11.3,543.7,0,547,51.4,25.9,25.5,12,11.8,25.9,25.5,12,11.8,230.5,231.4,234,57.9,57.2,56.9,0,0,0,0,0,0,0,0,0,0,0,0,0,0,0,0,0,73,0,OK
9时35分30秒,46/79 静置,546.92,26.07,14259.37,544.58,26.09,14208.54,542.74,12.05,6541.52,546.08,12.01,6556.74,73,68.9,68.2,544.2,11,544.7,11.3,543.7,0,547,51.4,25.9,25.5,12,11.8,25.9,25.5,12,11.8,230.5,231.4,234,57.9,57.2,56.9,0,0,0,0,0,0,0,0,0,0,0,0,0,0,0,0,0,73,0,OK
9时35分35秒,46/79 静置,550.75,25.78,14198.02,550.87,25.68,14148.25,551.49,11.79,6500.46,551.29,11.85,6532.02,73,68.9,68.3,542.2,10.7,544.4,10.9,543.3,0,543.6,51.4,25.9,25.4,12,11.8,25.9,25.4,12,11.8,230.7,231.4,234,58.2,57.5,57.2,0,0,0,0,0,0,0,0,0,0,0,0,0,0,0,0,0,73,0,OK
9时35分40秒,46/79 静置,550.75,25.78,14198.02,550.87,25.68,14148.25,551.49,11.79,6500.46,551.29,11.85,6532.02,73,68.9,68.3,542.2,10.7,544.4,10.9,543.3,0,543.6,51.4,25.9,25.4,12,11.8,25.9,25.4,12,11.8,230.7,231.4,234,58.2,57.5,57.2,0,0,0,0,0,0,0,0,0,0,0,0,0,0,0,0,0,73,0,OK
9时35分45秒,46/79 静置,547.46,26.23,14357.59,534.19,26.21,14001.73,543.29,12.1,6574.63,539.51,12.15,6556.83,73,69,68.3,539.3,11.1,541.9,11.3,539,0,538.7,51.4,26.1,25.6,12,11.9,26.1,25.6,12,11.9,230.7,231.5,234.1,57.8,57.1,56.8,0,0,0,0,0,0,0,0,0,0,0,0,0,0,0,0,0,73,0,OK
9时35分50秒,46/79 静置,547.46,26.23,14357.59,534.19,26.21,14001.73,543.29,12.1,6574.63,539.51,12.15,6556.83,73,69,68.3,539.3,11.1,541.9,11.3,539,0,538.7,51.4,26.1,25.6,12,11.9,26.1,25.6,12,11.9,230.7,231.5,234.1,57.8,57.1,56.8,0,0,0,0,0,0,0,0,0,0,0,0,0,0,0,0,0,73,0,OK
9时35分55秒,46/79 静置,549.66,25.96,14267.47,546.49,25.97,14190.17,546.57,12.01,6566.83,547.45,12.02,6578,73,69,68.3,545.3,11,549.1,11.2,546.8,0,547.4,51.4,25.9,25.3,11.9,11.7,25.9,25.3,11.9,11.7,231,231.7,233.9,58.2,57.5,57.2,0,0,0,0,0,0,0,0,0,0,0,0,0,0,0,0,0,73,0,OK
9时36分00秒,46/79 静置,549.66,25.96,14267.47,546.49,25.97,14190.17,546.57,12.01,6566.83,547.45,12.02,6578,73,69,68.3,545.3,11,549.1,11.2,546.8,0,547.4,51.4,25.9,25.3,11.9,11.7,25.9,25.3,11.9,11.7,231,231.7,233.9,58.2,57.5,57.2,0,0,0,0,0,0,0,0,0,0,0,0,0,0,0,0,0,73,0,OK
9时36分05秒,46/79 静置,548.29,26.02,14267.78,548.41,25.88,14192.71,542.19,12,6503.68,549.1,11.99,6582.74,73,69,68.3,546.2,11.1,549.2,11.1,548.6,0,547.3,51.4,25.9,25.3,11.9,11.8,25.9,25.3,11.9,11.8,231.1,232,234.2,58.1,57.4,57.1,0,0,0,0,0,0,0,0,0,0,0,0,0,0,0,0,0,73,0,OK
9时36分10秒,46/79 静置,548.29,26.02,14267.78,548.41,25.88,14192.71,542.19,12,6503.68,549.1,11.99,6582.74,73,69,68.3,546.2,11.1,549.2,11.1,548.6,0,547.3,51.4,25.9,25.3,11.9,11.8,25.9,25.3,11.9,11.8,231.1,232,234.2,58.1,57.4,57.1,0,0,0,0,0,0,0,0,0,0,0,0,0,0,0,0,0,73,0,OK
9时36分15秒,46/79 静置,549.66,25.91,14242.24,548.95,25.85,14191.86,551.22,11.88,6547.3,545.81,11.99,6541.73,73,69,68.3,547.4,10.9,549.7,11.1,546.6,0,548.6,51.4,25.8,25.3,11.9,11.7,25.8,25.3,11.9,11.7,231,231.9,234.3,58.1,57.4,57.1,0,0,0,0,0,0,0,0,0,0,0,0,0,0,0,0,0,73,0,OK
9时36分20秒,46/79 静置,549.66,25.91,14242.24,548.95,25.85,14191.86,551.22,11.88,6547.3,545.81,11.99,6541.73,73,69,68.3,547.4,10.9,549.7,11.1,546.6,0,548.6,51.4,25.8,25.3,11.9,11.7,25.8,25.3,11.9,11.7,231,231.9,234.3,58.1,57.4,57.1,0,0,0,0,0,0,0,0,0,0,0,0,0,0,0,0,0,73,0,OK
9时36分25秒,46/79 静置,550.75,25.78,14199.1,547.86,26.05,14269.51,548.76,11.96,6565.24,549.37,11.97,6576.36,73,69,68.3,547.4,10.7,548.1,11.2,549.2,0,547.4,51.4,25.8,25.5,11.8,11.8,25.8,25.5,11.8,11.8,231.1,231.8,234.2,58,57.3,57,0,0,0,0,0,0,0,0,0,0,0,0,0,0,0,0,0,73,0,OK
9时36分30秒,46/79 静置,550.75,25.78,14199.1,547.86,26.05,14269.51,548.76,11.96,6565.24,549.37,11.97,6576.36,73,69,68.3,547.4,10.7,548.1,11.2,549.2,0,547.4,51.4,25.8,25.5,11.8,11.8,25.8,25.5,11.8,11.8,231.1,231.8,234.2,58,57.3,57,0,0,0,0,0,0,0,0,0,0,0,0,0,0,0,0,0,73,0,OK
9时36分35秒,46/79 静置,549.11,25.99,14271.48,547.59,26.05,14264.53,549.3,11.83,6497.76,547.45,11.98,6560.9,73,69,68.3,546.7,11.1,546.5,11.1,548.4,0,547.4,51.4,25.8,25.5,11.8,11.7,25.8,25.5,11.8,11.7,231.1,231.8,234,58.2,57.5,57.2,0,0,0,0,0,0,0,0,0,0,0,0,0,0,0,0,0,73,0,OK
9时36分40秒,46/79 静置,549.11,25.99,14271.48,547.59,26.05,14264.53,549.3,11.83,6497.76,547.45,11.98,6560.9,73,69,68.3,546.7,11.1,546.5,11.1,548.4,0,547.4,51.4,25.8,25.5,11.8,11.7,25.8,25.5,11.8,11.7,231.1,231.8,234,58.2,57.5,57.2,0,0,0,0,0,0,0,0,0,0,0,0,0,0,0,0,0,73,0,OK
9时36分45秒,46/79 静置,547.19,26.11,14285.22,543.76,26.1,14189.82,547.66,12,6571.41,546.91,12.01,6570.89,73,69,68.3,541.8,11,544,11.3,546,0,545.6,51.4,26,25.6,12,11.8,26,25.6,12,11.8,231.1,231.8,234.4,58,57.3,57,0,0,0,0,0,0,0,0,0,0,0,0,0,0,0,0,0,73,0,OK
9时36分50秒,46/79 静置,547.19,26.11,14285.22,543.76,26.1,14189.82,547.66,12,6571.41,546.91,12.01,6570.89,73,69,68.3,541.8,11,544,11.3,546,0,545.6,51.4,26,25.6,12,11.8,26,25.6,12,11.8,231.1,231.8,234.4,58,57.3,57,0,0,0,0,0,0,0,0,0,0,0,0,0,0,0,0,0,73,0,OK
9时36分55秒,46/79 静置,549.11,25.77,14151.36,549.5,25.65,14097.04,547.66,12,6571.41,549.37,11.97,6577.43,73,69,68.3,548.3,11.1,550,11.1,546.7,0,548.3,51.4,25.5,25.1,11.9,11.7,25.5,25.1,11.9,11.7,231.1,231.9,234.2,58.1,57.4,57.1,0,0,0,0,0,0,0,0,0,0,0,0,0,0,0,0,0,73,0,OK
9时37分00秒,46/79 静置,549.11,25.77,14151.36,549.5,25.65,14097.04,547.66,12,6571.41,549.37,11.97,6577.43,73,69,68.3,548.3,11.1,550,11.1,546.7,0,548.3,51.4,25.5,25.1,11.9,11.7,25.5,25.1,11.9,11.7,231.1,231.9,234.2,58.1,57.4,57.1,0,0,0,0,0,0,0,0,0,0,0,0,0,0,0,0,0,73,0,OK
9时37分05秒,46/79 静置,546.64,26.09,14260.22,547.86,26.01,14248.65,547.12,11.98,6555.23,548.28,11.87,6507.56,73,69,68.3,543.8,11,547.8,11.2,548,0,547,51.4,25.9,25.5,11.9,11.7,25.9,25.5,11.9,11.7,231.1,232,234.1,58.2,57.4,57.1,0,0,0,0,0,0,0,0,0,0,0,0,0,0,0,0,0,73,0,OK
9时37分10秒,46/79 静置,546.64,26.09,14260.22,547.86,26.01,14248.65,547.12,11.98,6555.23,548.28,11.87,6507.56,73,69,68.3,543.8,11,547.8,11.2,548,0,547,51.4,25.9,25.5,11.9,11.7,25.9,25.5,11.9,11.7,231.1,232,234.1,58.2,57.4,57.1,0,0,0,0,0,0,0,0,0,0,0,0,0,0,0,0,0,73,0,OK
9时37分15秒,46/79 静置,545.55,26.05,14212.99,544.85,26.04,14185.88,549.3,12,6590.02,549.37,11.96,6567.77,73,69,68.3,543.7,10.9,547.7,11.1,545.4,0,548.6,51.4,26,25.5,12,11.7,26,25.5,12,11.7,231.2,231.9,234.2,58.1,57.4,57,0,0,0,0,0,0,0,0,0,0,0,0,0,0,0,0,0,73,0,OK
9时37分20秒,46/79 静置,545.55,26.05,14212.99,544.85,26.04,14185.88,549.3,12,6590.02,549.37,11.96,6567.77,73,69,68.3,543.7,10.9,547.7,11.1,545.4,0,548.6,51.4,26,25.5,12,11.7,26,25.5,12,11.7,231.2,231.9,234.2,58.1,57.4,57,0,0,0,0,0,0,0,0,0,0,0,0,0,0,0,0,0,73,0,OK
9时37分25秒,46/79 静置,548.01,25.98,14239.23,549.77,25.65,14099.76,549.3,11.98,6578.22,550.47,11.92,6559.37,73,69,68.3,547.6,10.9,549.6,10.7,548.5,0,548.3,51.4,25.7,25.2,11.8,11.8,25.7,25.2,11.8,11.8,231.2,231.9,234.3,58.1,57.4,57.1,0,0,0,0,0,0,0,0,0,0,0,0,0,0,0,0,0,73,0,OK
9时37分30秒,46/79 静置,548.01,25.98,14239.23,549.77,25.65,14099.76,549.3,11.98,6578.22,550.47,11.92,6559.37,73,69,68.3,547.6,10.9,549.6,10.7,548.5,0,548.3,51.4,25.7,25.2,11.8,11.8,25.7,25.2,11.8,11.8,231.2,231.9,234.3,58.1,57.4,57.1,0,0,0,0,0,0,0,0,0,0,0,0,0,0,0,0,0,73,0,OK
9时37分35秒,46/79 静置,546.09,25.99,14195.26,548.95,25.99,14269.59,539.73,12.07,6514.75,541.43,12.04,6516.17,73,69,68.3,546.3,11.1,547.5,10.9,544.6,0,545.1,51.4,25.8,25.4,12,11.8,25.8,25.4,12,11.8,231,231.8,234.3,58,57.2,56.9,0,0,0,0,0,0,0,0,0,0,0,0,0,0,0,0,0,73,0,OK
9时37分40秒,46/79 静置,546.09,25.99,14195.26,548.95,25.99,14269.59,539.73,12.07,6514.75,541.43,12.04,6516.17,73,69,68.3,546.3,11.1,547.5,10.9,544.6,0,545.1,51.4,25.8,25.4,12,11.8,25.8,25.4,12,11.8,231,231.8,234.3,58,57.2,56.9,0,0,0,0,0,0,0,0,0,0,0,0,0,0,0,0,0,73,0,OK
9时37分45秒,46/79 静置,548.83,25.97,14252.02,548.68,25.97,14250.69,548.21,11.76,6446.27,550.19,11.97,6584.05,73,69,68.2,547.6,11,549,11.1,549.9,0,549.2,51.4,25.8,25.4,11.7,11.7,25.8,25.4,11.7,11.7,231.1,231.9,234.3,58,57.2,56.9,0,0,0,0,0,0,0,0,0,0,0,0,0,0,0,0,0,73,0,OK
9时37分50秒,46/79 静置,548.83,25.97,14252.02,548.68,25.97,14250.69,548.21,11.76,6446.27,550.19,11.97,6584.05,73,69,68.2,547.6,11,549,11.1,549.9,0,549.2,51.4,25.8,25.4,11.7,11.7,25.8,25.4,11.7,11.7,231.1,231.9,234.3,58,57.2,56.9,0,0,0,0,0,0,0,0,0,0,0,0,0,0,0,0,0,73,0,OK
9时37分55秒,46/79 静置,548.01,25.92,14203.38,549.5,26,14284.85,544.38,11.94,6501.74,547.18,12,6568.83,73,69,68.2,547.1,10.8,547.4,11,548.3,0,547.7,51.4,25.8,25.5,11.9,11.8,25.8,25.5,11.9,11.8,231,231.8,234.4,58.1,57.3,57,0,0,0,0,0,0,0,0,0,0,0,0,0,0,0,0,0,73,0,OK
9时38分00秒,46/79 静置,548.01,25.92,14203.38,549.5,26,14284.85,544.38,11.94,6501.74,547.18,12,6568.83,73,69,68.2,547.1,10.8,547.4,11,548.3,0,547.7,51.4,25.8,25.5,11.9,11.8,25.8,25.5,11.9,11.8,231,231.8,234.4,58.1,57.3,57,0,0,0,0,0,0,0,0,0,0,0,0,0,0,0,0,0,73,0,OK
9时38分05秒,46/79 静置,550.48,25.78,14193.1,550.05,25.84,14215.27,547.39,12,6566.53,549.1,11.9,6534.48,73,69,68.2,546.9,10.9,548.7,11.1,545.6,0,548.8,51.4,25.8,25.4,12,11.7,25.8,25.4,12,11.7,231.2,231.9,234.5,57.9,57.2,56.9,0,0,0,0,0,0,0,0,0,0,0,0,0,0,0,0,0,73,0,OK
9时38分10秒,46/79 静置,550.48,25.78,14193.1,550.05,25.84,14215.27,547.39,12,6566.53,549.1,11.9,6534.48,73,69,68.2,546.9,10.9,548.7,11.1,545.6,0,548.8,51.4,25.8,25.4,12,11.7,25.8,25.4,12,11.7,231.2,231.9,234.5,57.9,57.2,56.9,0,0,0,0,0,0,0,0,0,0,0,0,0,0,0,0,0,73,0,OK
9时38分15秒,46/79 静置,543.36,26.05,14152.71,540.21,26.02,14055.41,551.22,11.95,6587.14,543.07,12.02,6525.87,73,69,68.2,545.7,10.7,548.8,10.8,546.3,0,545.7,51.4,25.9,25.3,12,11.8,25.9,25.3,12,11.8,231.3,232.1,234.7,57.8,57,56.7,0,0,0,0,0,0,0,0,0,0,0,0,0,0,0,0,0,73,0,OK
9时38分20秒,46/79 静置,543.36,26.05,14152.71,540.21,26.02,14055.41,551.22,11.95,6587.14,543.07,12.02,6525.87,73,69,68.2,545.7,10.7,548.8,10.8,546.3,0,545.7,51.4,25.9,25.3,12,11.8,25.9,25.3,12,11.8,231.3,232.1,234.7,57.8,57,56.7,0,0,0,0,0,0,0,0,0,0,0,0,0,0,0,0,0,73,0,OK
9时38分25秒,46/79 静置,549.11,25.89,14217.86,549.23,25.91,14231.62,547.12,11.96,6546.15,550.19,11.81,6498.08,73,69,68.1,545.9,11.1,547.2,11.1,546.9,0,548.1,51.4,25.8,25.4,11.9,11.7,25.8,25.4,11.9,11.7,230.9,232,234.5,58.1,57,56.6,0,0,0,0,0,0,0,0,0,0,0,0,0,0,0,0,0,73,0,OK
9时38分30秒,46/79 静置,549.11,25.89,14217.86,549.23,25.91,14231.62,547.12,11.96,6546.15,550.19,11.81,6498.08,73,69,68.1,545.9,11.1,547.2,11.1,546.9,0,548.1,51.4,25.8,25.4,11.9,11.7,25.8,25.4,11.9,11.7,230.9,232,234.5,58.1,57,56.6,0,0,0,0,0,0,0,0,0,0,0,0,0,0,0,0,0,73,0,OK
9时38分35秒,46/79 静置,548.83,26.03,14287.4,547.59,25.93,14201.43,550.67,11.97,6592.97,543.07,12.01,6520.04,73,68.9,68.1,545.9,10.8,549.8,10.9,548,0,546.5,51.4,25.9,25.2,11.9,11.8,25.9,25.2,11.9,11.8,230.9,232,234.6,58.1,57.3,57,0,0,0,0,0,0,0,0,0,0,0,0,0,0,0,0,0,73,0,OK
9时38分40秒,46/79 静置,548.83,26.03,14287.4,547.59,25.93,14201.43,550.67,11.97,6592.97,543.07,12.01,6520.04,73,68.9,68.1,545.9,10.8,549.8,10.9,548,0,546.5,51.4,25.9,25.2,11.9,11.8,25.9,25.2,11.9,11.8,230.9,232,234.6,58.1,57.3,57,0,0,0,0,0,0,0,0,0,0,0,0,0,0,0,0,0,73,0,OK
9时38分45秒,46/79 静置,548.56,26.03,14277.57,544.58,26.08,14200.03,551.49,11.97,6603.33,544.71,12.04,6558.39,73,68.9,68.1,545.5,10.7,545.9,11,548.2,0,546.4,51.4,25.9,25.5,11.9,11.8,25.9,25.5,11.9,11.8,231,231.8,234.3,58.1,57.4,57.1,0,0,0,0,0,0,0,0,0,0,0,0,0,0,0,0,0,73,0,OK
9时38分50秒,46/79 静置,548.56,26.03,14277.57,544.58,26.08,14200.03,551.49,11.97,6603.33,544.71,12.04,6558.39,73,68.9,68.1,545.5,10.7,545.9,11,548.2,0,546.4,51.4,25.9,25.5,11.9,11.8,25.9,25.5,11.9,11.8,231,231.8,234.3,58.1,57.4,57.1,0,0,0,0,0,0,0,0,0,0,0,0,0,0,0,0,0,73,0,OK
9时38分55秒,46/79 静置,547.46,25.95,14205.75,547.86,25.99,14241.16,543.83,12.02,6537.7,548,12.01,6582.98,73,68.9,68.1,547.2,10.9,548.8,11.1,547,0,544.7,51.4,25.8,25.4,11.9,11.8,25.8,25.4,11.9,11.8,230.9,232,234.5,57.8,57.1,56.8,0,0,0,0,0,0,0,0,0,0,0,0,0,0,0,0,0,73,0,OK
9时39分00秒,46/79 静置,547.46,25.95,14205.75,547.86,25.99,14241.16,543.83,12.02,6537.7,548,12.01,6582.98,73,68.9,68.1,547.2,10.9,548.8,11.1,547,0,544.7,51.4,25.8,25.4,11.9,11.8,25.8,25.4,11.9,11.8,230.9,232,234.5,57.8,57.1,56.8,0,0,0,0,0,0,0,0,0,0,0,0,0,0,0,0,0,73,0,OK
9时39分05秒,46/79 静置,545.27,26.07,14215.45,550.59,25.96,14292.32,542.19,11.97,6488.33,545.26,12.03,6561.26,73,68.9,68.1,545,11,548.8,10.9,548.7,0,546.8,51.4,25.9,25.4,11.9,11.8,25.9,25.4,11.9,11.8,230.9,232,234.5,58.1,57.3,57,0,0,0,0,0,0,0,0,0,0,0,0,0,0,0,0,0,73,0,OK
9时39分10秒,46/79 静置,545.27,26.07,14215.45,550.59,25.96,14292.32,542.19,11.97,6488.33,545.26,12.03,6561.26,73,68.9,68.1,545,11,548.8,10.9,548.7,0,546.8,51.4,25.9,25.4,11.9,11.8,25.9,25.4,11.9,11.8,230.9,232,234.5,58.1,57.3,57,0,0,0,0,0,0,0,0,0,0,0,0,0,0,0,0,0,73,0,OK
9时39分15秒,46/79 静置,548.01,26.06,14282.05,550.05,25.97,14285.64,547.12,11.92,6522.1,549.65,11.96,6573.2,73,68.8,68.1,545.7,11.1,548.3,11.2,548,0,546.5,51.4,25.9,25.4,11.9,11.8,25.9,25.4,11.9,11.8,231,232,234.4,58,57.3,57,0,0,0,0,0,0,0,0,0,0,0,0,0,0,0,0,0,73,0,OK
9时39分20秒,46/79 静置,548.01,26.06,14282.05,550.05,25.97,14285.64,547.12,11.92,6522.1,549.65,11.96,6573.2,73,68.8,68.1,545.7,11.1,548.3,11.2,548,0,546.5,51.4,25.9,25.4,11.9,11.8,25.9,25.4,11.9,11.8,231,232,234.4,58,57.3,57,0,0,0,0,0,0,0,0,0,0,0,0,0,0,0,0,0,73,0,OK
9时39分25秒,46/79 静置,549.93,25.93,14261.68,549.23,25.81,14174.77,550.4,11.88,6540.78,549.1,11.94,6555.93,73,68.8,68,546.5,10.9,550.1,11.1,548.3,0,549.2,51.4,25.9,25.1,11.9,11.7,25.9,25.1,11.9,11.7,231.2,232.1,234.5,57.9,57.2,56.9,0,0,0,0,0,0,0,0,0,0,0,0,0,0,0,0,0,73,0,OK
9时39分30秒,46/79 静置,549.93,25.93,14261.68,549.23,25.81,14174.77,550.4,11.88,6540.78,549.1,11.94,6555.93,73,68.8,68,546.5,10.9,550.1,11.1,548.3,0,549.2,51.4,25.9,25.1,11.9,11.7,25.9,25.1,11.9,11.7,231.2,232.1,234.5,57.9,57.2,56.9,0,0,0,0,0,0,0,0,0,0,0,0,0,0,0,0,0,73,0,OK
9时39分35秒,46/79 静置,548.56,25.9,14206.86,548.95,26.01,14279.24,550.67,11.86,6532.74,548.82,11.91,6538.18,73,68.8,68,548.2,10.9,548.4,11,548.3,0,549.3,51.4,25.6,25.4,11.9,11.7,25.6,25.4,11.9,11.7,231,231.8,234.3,58,57.3,57,0,0,0,0,0,0,0,0,0,0,0,0,0,0,0,0,0,73,0,OK
9时39分40秒,46/79 静置,548.56,25.9,14206.86,548.95,26.01,14279.24,550.67,11.86,6532.74,548.82,11.91,6538.18,73,68.8,68,548.2,10.9,548.4,11,548.3,0,549.3,51.4,25.6,25.4,11.9,11.7,25.6,25.4,11.9,11.7,231,231.8,234.3,58,57.3,57,0,0,0,0,0,0,0,0,0,0,0,0,0,0,0,0,0,73,0,OK
9时39分45秒,46/79 静置,549.11,25.9,14223.76,547.31,26.01,14235.5,549.3,11.97,6576.08,550.47,11.8,6495.94,73,68.8,68,548.3,11,548.2,11,548.3,0,550.3,51.4,25.6,25.4,11.9,11.5,25.6,25.4,11.9,11.5,231.2,231.9,234.3,58.1,57.4,57.1,0,0,0,0,0,0,0,0,0,0,0,0,0,0,0,0,0,73,0,OK
9时39分50秒,46/79 静置,549.11,25.9,14223.76,547.31,26.01,14235.5,549.3,11.97,6576.08,550.47,11.8,6495.94,73,68.8,68,548.3,11,548.2,11,548.3,0,550.3,51.4,25.6,25.4,11.9,11.5,25.6,25.4,11.9,11.5,231.2,231.9,234.3,58.1,57.4,57.1,0,0,0,0,0,0,0,0,0,0,0,0,0,0,0,0,0,73,0,OK
9时39分55秒,46/79 静置,550.75,25.84,14231.91,546.77,26.04,14239.99,543.83,12.03,6543.01,538.96,12.02,6478.07,73,68.7,67.9,547.5,10.9,546.6,11.1,543.6,0,545.5,51.4,25.8,25.5,12,11.8,25.8,25.5,12,11.8,230.8,231.8,234.4,57.9,57.2,56.9,0,0,0,0,0,0,0,0,0,0,0,0,0,0,0,0,0,73,0,OK
9时40分00秒,46/79 静置,550.75,25.84,14231.91,546.77,26.04,14239.99,543.83,12.03,6543.01,538.96,12.02,6478.07,73,68.7,67.9,547.5,10.9,546.6,11.1,543.6,0,545.5,51.4,25.8,25.5,12,11.8,25.8,25.5,12,11.8,230.8,231.8,234.4,57.9,57.2,56.9,0,0,0,0,0,0,0,0,0,0,0,0,0,0,0,0,0,73,0,OK
9时40分05秒,46/79 静置,539.52,26.04,14047,544.85,25.99,14161.4,548.21,12.01,6582.26,549.37,11.98,6579.58,73,68.7,67.9,545.8,10.9,548.9,11,544.6,0,547.6,51.4,25.9,25.3,12,11.8,25.9,25.3,12,11.8,230.9,231.9,234.6,58,57.3,57,0,0,0,0,0,0,0,0,0,0,0,0,0,0,0,0,0,73,0,OK
9时40分10秒,46/79 静置,539.52,26.04,14047,544.85,25.99,14161.4,548.21,12.01,6582.26,549.37,11.98,6579.58,73,68.7,67.9,545.8,10.9,548.9,11,544.6,0,547.6,51.4,25.9,25.3,12,11.8,25.9,25.3,12,11.8,230.9,231.9,234.6,58,57.3,57,0,0,0,0,0,0,0,0,0,0,0,0,0,0,0,0,0,73,0,OK
9时40分15秒,46/79 静置,549.66,25.94,14255.66,546.77,26.05,14243.72,547.39,11.97,6554.77,551.29,11.81,6508.87,73,68.7,67.9,544.7,11.2,546.5,11.1,547.5,0,548.5,51.4,25.9,25.5,11.9,11.7,25.9,25.5,11.9,11.7,231.3,232.2,234.4,58.1,57.4,57.1,0,0,0,0,0,0,0,0,0,0,0,0,0,0,0,0,0,73,0,OK
9时40分20秒,46/79 静置,549.66,25.94,14255.66,546.77,26.05,14243.72,547.39,11.97,6554.77,551.29,11.81,6508.87,73,68.7,67.9,544.7,11.2,546.5,11.1,547.5,0,548.5,51.4,25.9,25.5,11.9,11.7,25.9,25.5,11.9,11.7,231.3,232.2,234.4,58.1,57.4,57.1,0,0,0,0,0,0,0,0,0,0,0,0,0,0,0,0,0,73,0,OK
9时40分25秒,46/79 静置,548.29,25.91,14204.6,546.49,26.03,14224.86,548.21,11.94,6544.24,548.82,11.93,6547.83,73,68.7,67.9,547.5,10.9,547.7,11.1,547.3,0,548.9,51.4,25.8,25.5,11.9,11.7,25.8,25.5,11.9,11.7,231.1,232,234.6,57.8,57,56.7,0,0,0,0,0,0,0,0,0,0,0,0,0,0,0,0,0,73,0,OK
9时40分30秒,46/79 静置,548.29,25.91,14204.6,546.49,26.03,14224.86,548.21,11.94,6544.24,548.82,11.93,6547.83,73,68.7,67.9,547.5,10.9,547.7,11.1,547.3,0,548.9,51.4,25.8,25.5,11.9,11.7,25.8,25.5,11.9,11.7,231.1,232,234.6,57.8,57,56.7,0,0,0,0,0,0,0,0,0,0,0,0,0,0,0,0,0,73,0,OK
9时40分35秒,46/79 静置,550.48,25.8,14202.78,550.32,25.78,14184.72,547.94,11.99,6570.41,548,11.97,6560.5,73,68.6,67.9,546.7,10.9,548.5,11.2,546.3,0,547.6,51.4,25.8,25.4,12,11.8,25.8,25.4,12,11.8,230.9,231.7,234.2,58.1,57.4,57.1,0,0,0,0,0,0,0,0,0,0,0,0,0,0,0,0,0,73,0,OK
9时40分40秒,46/79 静置,550.48,25.8,14202.78,550.32,25.78,14184.72,547.94,11.99,6570.41,548,11.97,6560.5,73,68.6,67.9,546.7,10.9,548.5,11.2,546.3,0,547.6,51.4,25.8,25.4,12,11.8,25.8,25.4,12,11.8,230.9,231.7,234.2,58.1,57.4,57.1,0,0,0,0,0,0,0,0,0,0,0,0,0,0,0,0,0,73,0,OK
9时40分45秒,46/79 静置,549.38,25.99,14278.59,549.23,25.98,14268.09,542.47,12.03,6523.39,547.18,12,6568.83,73,68.6,67.8,546.8,10.9,548,10.9,545.3,0,546.5,51.4,25.8,25.4,12,11.8,25.8,25.4,12,11.8,231,231.7,234.1,58.2,57.4,57.1,0,0,0,0,0,0,0,0,0,0,0,0,0,0,0,0,0,73,0,OK
9时40分50秒,46/79 静置,549.38,25.99,14278.59,549.23,25.98,14268.09,542.47,12.03,6523.39,547.18,12,6568.83,73,68.6,67.8,546.8,10.9,548,10.9,545.3,0,546.5,51.4,25.8,25.4,12,11.8,25.8,25.4,12,11.8,231,231.7,234.1,58.2,57.4,57.1,0,0,0,0,0,0,0,0,0,0,0,0,0,0,0,0,0,73,0,OK
9时40分55秒,46/79 静置,549.11,26.03,14293.47,548.95,25.93,14233.67,549.58,11.96,6572.91,549.65,11.9,6543.14,73,68.6,67.8,545.9,11.1,549.3,11,549.1,0,548.9,51.4,25.9,25.4,11.8,11.7,25.9,25.4,11.8,11.7,231.1,231.8,234.4,57.9,57.2,56.9,0,0,0,0,0,0,0,0,0,0,0,0,0,0,0,0,0,73,0,OK
9时41分00秒,46/79 静置,549.11,26.03,14293.47,548.95,25.93,14233.67,549.58,11.96,6572.91,549.65,11.9,6543.14,73,68.6,67.8,545.9,11.1,549.3,11,549.1,0,548.9,51.4,25.9,25.4,11.8,11.7,25.9,25.4,11.8,11.7,231.1,231.8,234.4,57.9,57.2,56.9,0,0,0,0,0,0,0,0,0,0,0,0,0,0,0,0,0,73,0,OK
9时41分05秒,46/79 静置,549.11,25.98,14265.05,551.14,25.43,14013.72,549.03,11.94,6557.79,548.82,11.95,6560.15,73,68.6,67.8,547.1,11,549.2,11,548.5,0,549.2,51.4,25.8,25.2,11.9,11.7,25.8,25.2,11.9,11.7,231.1,231.9,234.5,58.1,57.4,57.1,0,0,0,0,0,0,0,0,0,0,0,0,0,0,0,0,0,73,0,OK
9时41分10秒,46/79 静置,549.11,25.98,14265.05,551.14,25.43,14013.72,549.03,11.94,6557.79,548.82,11.95,6560.15,73,68.6,67.8,547.1,11,549.2,11,548.5,0,549.2,51.4,25.8,25.2,11.9,11.7,25.8,25.2,11.9,11.7,231.1,231.9,234.5,58.1,57.4,57.1,0,0,0,0,0,0,0,0,0,0,0,0,0,0,0,0,0,73,0,OK
9时41分15秒,46/79 静置,550.75,25.16,13857.57,550.87,25.44,14012.68,553.13,11.46,6341.55,545.26,12.01,6549.01,73,68.6,67.8,547.8,10.9,549.3,11.3,549.1,0,546.3,51.4,25.5,25.2,11.7,11.8,25.5,25.2,11.7,11.8,230.9,231.6,234.2,57.9,57.2,56.9,0,0,0,0,0,0,0,0,0,0,0,0,0,0,0,0,0,73,0,OK
9时41分20秒,46/79 静置,550.75,25.16,13857.57,550.87,25.44,14012.68,553.13,11.46,6341.55,545.26,12.01,6549.01,73,68.6,67.8,547.8,10.9,549.3,11.3,549.1,0,546.3,51.4,25.5,25.2,11.7,11.8,25.5,25.2,11.7,11.8,230.9,231.6,234.2,57.9,57.2,56.9,0,0,0,0,0,0,0,0,0,0,0,0,0,0,0,0,0,73,0,OK
9时41分25秒,46/79 静置,549.38,25.99,14280.73,548.95,25.85,14190.79,547.66,11.93,6535.58,547.45,11.96,6547,73,68.6,67.8,545.8,11.1,550.4,11,549.6,0,549.5,51.4,25.9,25.1,11.7,11.6,25.9,25.1,11.7,11.6,231,231.9,234.2,57.7,57,56.7,0,0,0,0,0,0,0,0,0,0,0,0,0,0,0,0,0,73,0,OK
9时41分30秒,46/79 静置,551.58,24.84,13699.43,550.05,25.46,14002.56,551.49,11.54,6364.21,546.63,12,6557.98,73,68.6,67.8,548.6,11,549.7,11,549,0,546.9,51.4,25.3,25,11.8,11.8,25.3,25,11.8,11.8,231,231.9,234.3,57.9,57.3,57,0,0,0,0,0,0,0,0,0,0,0,0,0,0,0,0,0,73,0,OK
9时41分35秒,46/79 静置,551.58,24.84,13699.43,550.05,25.46,14002.56,551.49,11.54,6364.21,546.63,12,6557.98,73,68.6,67.8,548.6,11,549.7,11,549,0,546.9,51.4,25.3,25,11.8,11.8,25.3,25,11.8,11.8,231,231.9,234.3,57.9,57.3,57,0,0,0,0,0,0,0,0,0,0,0,0,0,0,0,0,0,73,0,OK
9时41分40秒,46/79 静置,547.74,26.05,14267.43,548.68,25.89,14203.54,549.58,11.93,6555.74,549.65,11.94,6561.39,73,68.5,67.8,544.3,10.8,548.5,11.1,548.1,0,548.7,51.4,26,25.4,11.9,11.7,26,25.4,11.9,11.7,231.2,231.8,234.3,57.9,57.2,56.9,0,0,0,0,0,0,0,0,0,0,0,0,0,0,0,0,0,73,0,OK
9时41分45秒,46/79 静置,547.74,26.05,14267.43,548.68,25.89,14203.54,549.58,11.93,6555.74,549.65,11.94,6561.39,73,68.5,67.8,544.3,10.8,548.5,11.1,548.1,0,548.7,51.4,26,25.4,11.9,11.7,26,25.4,11.9,11.7,231.2,231.8,234.3,57.9,57.2,56.9,0,0,0,0,0,0,0,0,0,0,0,0,0,0,0,0,0,73,0,OK
9时41分50秒,46/79 静置,547.74,26.05,14267.43,548.68,25.89,14203.54,549.58,11.93,6555.74,549.65,11.94,6561.39,73,68.5,67.8,544.3,10.8,548.5,11.1,548.1,0,548.7,51.4,26,25.4,11.9,11.7,26,25.4,11.9,11.7,231.2,231.8,234.3,57.9,57.2,56.9,0,0,0,0,0,0,0,0,0,0,0,0,0,0,0,0,0,73,0,OK
9时41分55秒,46/79 静置,547.46,26.04,14256.54,547.04,26.07,14259.9,546.57,11.99,6554.55,543.62,12.02,6532.45,73,68.5,67.8,545.4,11.1,546.1,11.1,546.1,0,545.9,51.4,25.9,25.5,12,11.8,25.9,25.5,12,11.8,230.8,231.8,234,57.9,57.3,56.9,0,0,0,0,0,0,0,0,0,0,0,0,0,0,0,0,0,73,0,OK
9时42分00秒,46/79 静置,549.38,25.74,14143.39,548.95,26.02,14284.6,546.29,12.01,6563.01,547.73,11.98,6559.89,74,68.5,67.8,547.6,11.1,547.9,10.9,546.2,0,548,51.4,25.7,25.5,12,11.7,25.7,25.5,12,11.7,230.9,232,234.5,58,57.2,56.9,0,0,0,0,0,0,0,0,0,0,0,0,0,0,0,0,0,74,0,OK
9时42分05秒,46/79 静置,549.38,25.74,14143.39,548.95,26.02,14284.6,546.29,12.01,6563.01,547.73,11.98,6559.89,74,68.5,67.8,547.6,11.1,547.9,10.9,546.2,0,548,51.4,25.7,25.5,12,11.7,25.7,25.5,12,11.7,230.9,232,234.5,58,57.2,56.9,0,0,0,0,0,0,0,0,0,0,0,0,0,0,0,0,0,74,0,OK
9时42分10秒,46/79 静置,549.38,25.95,14255.52,550.05,25.8,14193.79,549.85,11.97,6579.39,550.47,11.9,6552.38,73,68.5,67.8,548.2,11.1,550.4,11.1,547.7,0,549.2,51.4,25.7,25,11.9,11.7,25.7,25,11.9,11.7,230.9,232,234.3,57.9,57.2,56.9,0,0,0,0,0,0,0,0,0,0,0,0,0,0,0,0,0,73,0,OK
9时42分15秒,46/79 静置,549.38,25.95,14255.52,550.05,25.8,14193.79,549.85,11.97,6579.39,550.47,11.9,6552.38,73,68.5,67.8,548.2,11.1,550.4,11.1,547.7,0,549.2,51.4,25.7,25,11.9,11.7,25.7,25,11.9,11.7,230.9,232,234.3,57.9,57.2,56.9,0,0,0,0,0,0,0,0,0,0,0,0,0,0,0,0,0,73,0,OK
9时42分20秒,46/79 静置,549.38,25.95,14255.52,550.05,25.8,14193.79,549.85,11.97,6579.39,550.47,11.9,6552.38,73,68.5,67.8,548.2,11.1,550.4,11.1,547.7,0,549.2,51.4,25.7,25,11.9,11.7,25.7,25,11.9,11.7,230.9,232,234.3,57.9,57.2,56.9,0,0,0,0,0,0,0,0,0,0,0,0,0,0,0,0,0,73,0,OK
9时42分25秒,46/79 静置,549.11,25.86,14200.7,545.95,26.02,14204.23,546.84,11.99,6555.69,546.08,11.96,6532.74,74,68.5,67.8,547.3,11.2,548.8,11.2,547.7,0,548.2,51.4,25.8,25.3,11.9,11.7,25.8,25.3,11.9,11.7,231,232.1,234.2,58.1,57.4,57.1,0,0,0,0,0,0,0,0,0,0,0,0,0,0,0,0,0,74,0,OK
9时42分30秒,46/79 静置,549.11,25.86,14200.7,545.95,26.02,14204.23,546.84,11.99,6555.69,546.08,11.96,6532.74,74,68.5,67.8,547.3,11.2,548.8,11.2,547.7,0,548.2,51.4,25.8,25.3,11.9,11.7,25.8,25.3,11.9,11.7,231,232.1,234.2,58.1,57.4,57.1,0,0,0,0,0,0,0,0,0,0,0,0,0,0,0,0,0,74,0,OK
9时42分35秒,46/79 静置,547.74,25.96,14221.96,550.87,25.23,13897.02,550.4,11.6,6384.37,551.01,11.56,6370.03,74,68.5,67.8,547.4,10.9,550.6,11,549.6,0,550,51.4,25.8,24.8,11.7,11.5,25.8,24.8,11.7,11.5,230.6,231.7,233.8,58.2,57.5,57.2,0,0,0,0,0,0,0,0,0,0,0,0,0,0,0,0,0,74,0,OK
9时42分40秒,46/79 静置,547.74,25.96,14221.96,550.87,25.23,13897.02,550.4,11.6,6384.37,551.01,11.56,6370.03,74,68.5,67.8,547.4,10.9,550.6,11,549.6,0,550,51.4,25.8,24.8,11.7,11.5,25.8,24.8,11.7,11.5,230.6,231.7,233.8,58.2,57.5,57.2,0,0,0,0,0,0,0,0,0,0,0,0,0,0,0,0,0,74,0,OK
9时42分45秒,46/79 静置,541.99,26.05,14116.5,549.5,26.01,14290.76,549.85,11.98,6584.76,549.65,12,6595.75,74,68.4,67.8,546.5,10.9,545.6,11.2,545,0,544.8,51.4,25.8,25.5,12,11.8,25.8,25.5,12,11.8,230.5,231.9,234.1,57.6,56.9,56.6,0,0,0,0,0,0,0,0,0,0,0,0,0,0,0,0,0,74,0,OK
9时42分50秒,46/79 静置,548.56,25.89,14204.18,551.14,25.43,14015.33,551.76,11.68,6446.03,550.47,11.76,6475.51,74,68.4,67.7,547.3,10.9,549.2,10.9,548,0,548.1,51.4,25.8,25.2,11.8,11.7,25.8,25.2,11.8,11.7,230.9,231.9,234.3,58,57.3,57,0,0,0,0,0,0,0,0,0,0,0,0,0,0,0,0,0,74,0,OK
9时42分55秒,46/79 静置,548.56,25.89,14204.18,551.14,25.43,14015.33,551.76,11.68,6446.03,550.47,11.76,6475.51,74,68.4,67.7,547.3,10.9,549.2,10.9,548,0,548.1,51.4,25.8,25.2,11.8,11.7,25.8,25.2,11.8,11.7,230.9,231.9,234.3,58,57.3,57,0,0,0,0,0,0,0,0,0,0,0,0,0,0,0,0,0,74,0,OK
9时43分00秒,46/79 静置,548.56,25.91,14212.22,548.13,26,14249.34,546.29,12.04,6576.88,547.45,11.97,6552.88,74,68.4,67.7,546.6,10.9,545.8,11,542.6,0,545.7,51.4,25.9,25.5,12,11.8,25.9,25.5,12,11.8,230.7,232.1,234.4,58,57.3,57,0,0,0,0,0,0,0,0,0,0,0,0,0,0,0,0,0,74,0,OK
9时43分05秒,46/79 静置,548.56,25.91,14212.22,548.13,26,14249.34,546.29,12.04,6576.88,547.45,11.97,6552.88,74,68.4,67.7,546.6,10.9,545.8,11,542.6,0,545.7,51.4,25.9,25.5,12,11.8,25.9,25.5,12,11.8,230.7,232.1,234.4,58,57.3,57,0,0,0,0,0,0,0,0,0,0,0,0,0,0,0,0,0,74,0,OK
9时43分10秒,46/79 静置,548.01,25.92,14201.77,547.86,25.98,14230.99,549.03,11.98,6578.7,550.19,11.91,6551.28,74,68.4,67.7,548.1,11,548.3,11.2,548.3,0,550,51.4,25.7,25.5,11.9,11.6,25.7,25.5,11.9,11.6,230.6,231.8,234.1,58.2,57.5,57.2,0,0,0,0,0,0,0,0,0,0,0,0,0,0,0,0,0,74,0,OK
9时43分15秒,46/79 静置,548.01,25.92,14201.77,547.86,25.98,14230.99,549.03,11.98,6578.7,550.19,11.91,6551.28,74,68.4,67.7,548.1,11,548.3,11.2,548.3,0,550,51.4,25.7,25.5,11.9,11.6,25.7,25.5,11.9,11.6,230.6,231.8,234.1,58.2,57.5,57.2,0,0,0,0,0,0,0,0,0,0,0,0,0,0,0,0,0,74,0,OK
9时43分20秒,46/79 静置,549.66,25.83,14198.76,549.77,25.76,14163.11,549.85,11.91,6550.93,550.47,11.86,6526.58,74,68.3,67.7,547,10.9,548.1,11.3,548,0,549,51.4,25.8,25.4,11.9,11.7,25.8,25.4,11.9,11.7,230.6,231.7,234.1,58.2,57.4,57.1,0,0,0,0,0,0,0,0,0,0,0,0,0,0,0,0,0,74,0,OK
9时43分25秒,46/79 静置,549.66,25.83,14198.76,549.77,25.76,14163.11,549.85,11.91,6550.93,550.47,11.86,6526.58,74,68.3,67.7,547,10.9,548.1,11.3,548,0,549,51.4,25.8,25.4,11.9,11.7,25.8,25.4,11.9,11.7,230.6,231.7,234.1,58.2,57.4,57.1,0,0,0,0,0,0,0,0,0,0,0,0,0,0,0,0,0,74,0,OK
9时43分30秒,46/79 静置,549.38,25.81,14181.48,550.87,25.64,14126.19,547.66,11.99,6564.46,546.08,12,6550.87,74,68.3,67.7,546.6,11,549.1,11.1,546.2,0,546.9,51.4,25.8,25.3,12,11.8,25.8,25.3,12,11.8,230.8,231.8,234.2,58.2,57.4,57.1,0,0,0,0,0,0,0,0,0,0,0,0,0,0,0,0,0,74,0,OK
9时43分35秒,46/79 静置,549.38,25.81,14181.48,550.87,25.64,14126.19,547.66,11.99,6564.46,546.08,12,6550.87,74,68.3,67.7,546.6,11,549.1,11.1,546.2,0,546.9,51.4,25.8,25.3,12,11.8,25.8,25.3,12,11.8,230.8,231.8,234.2,58.2,57.4,57.1,0,0,0,0,0,0,0,0,0,0,0,0,0,0,0,0,0,74,0,OK
9时43分40秒,46/79 静置,547.74,26.04,14264.76,548.41,25.85,14176.65,547.39,12.02,6577.75,544.71,12.04,6558.92,74,68.3,67.7,544.9,11,549,11.1,544.6,0,545,51.4,25.9,25.3,12,11.8,25.9,25.3,12,11.8,230.9,231.8,234.1,58.2,57.4,57.1,0,0,0,0,0,0,0,0,0,0,0,0,0,0,0,0,0,74,0,OK
9时43分45秒,46/79 静置,547.74,26.04,14264.76,548.41,25.85,14176.65,547.39,12.02,6577.75,544.71,12.04,6558.92,74,68.3,67.7,544.9,11,549,11.1,544.6,0,545,51.4,25.9,25.3,12,11.8,25.9,25.3,12,11.8,230.9,231.8,234.1,58.2,57.4,57.1,0,0,0,0,0,0,0,0,0,0,0,0,0,0,0,0,0,74,0,OK
9时43分50秒,46/79 静置,545.55,26.09,14232.7,550.32,25.37,13961.15,550.4,11.93,6567.12,544.44,12.02,6543.39,74,68.3,67.7,544,11.1,549.1,11,544.9,0,546,51.4,26,25.1,12,11.8,26,25.1,12,11.8,231.1,231.7,234.1,58,57.3,57,0,0,0,0,0,0,0,0,0,0,0,0,0,0,0,0,0,74,0,OK
9时43分55秒,46/79 静置,545.55,26.09,14232.7,550.32,25.37,13961.15,550.4,11.93,6567.12,544.44,12.02,6543.39,74,68.3,67.7,544,11.1,549.1,11,544.9,0,546,51.4,26,25.1,12,11.8,26,25.1,12,11.8,231.1,231.7,234.1,58,57.3,57,0,0,0,0,0,0,0,0,0,0,0,0,0,0,0,0,0,74,0,OK
9时44分00秒,46/79 静置,549.11,25.86,14201.77,550.59,25.76,14184.78,545.47,12,6545.16,551.01,11.81,6507.25,74,68.3,67.7,547.2,11.1,548.9,11,546.3,0,548.7,51.4,25.8,25.3,12,11.7,25.8,25.3,12,11.7,231,231.8,234,57.6,56.9,56.6,0,0,0,0,0,0,0,0,0,0,0,0,0,0,0,0,0,74,0,OK
9时44分05秒,46/79 静置,549.11,25.86,14201.77,550.59,25.76,14184.78,545.47,12,6545.16,551.01,11.81,6507.25,74,68.3,67.7,547.2,11.1,548.9,11,546.3,0,548.7,51.4,25.8,25.3,12,11.7,25.8,25.3,12,11.7,231,231.8,234,57.6,56.9,56.6,0,0,0,0,0,0,0,0,0,0,0,0,0,0,0,0,0,74,0,OK
9时44分10秒,46/79 静置,549.11,25.69,14104.17,548.41,25.58,14026.16,548.21,11.99,6570.48,545.54,12.03,6564.01,74,68.3,67.7,549.9,10.9,551.8,10.8,547.4,0,543.2,51.4,24.9,24.3,12,11.8,24.9,24.3,12,11.8,230.9,231.4,233.4,58.2,57.5,57.2,0,0,0,0,0,0,0,0,0,0,0,0,0,0,0,0,0,74,0,OK
9时44分15秒,46/79 静置,549.11,25.69,14104.17,548.41,25.58,14026.16,548.21,11.99,6570.48,545.54,12.03,6564.01,74,68.3,67.7,549.9,10.9,551.8,10.8,547.4,0,543.2,51.4,24.9,24.3,12,11.8,24.9,24.3,12,11.8,230.9,231.4,233.4,58.2,57.5,57.2,0,0,0,0,0,0,0,0,0,0,0,0,0,0,0,0,0,74,0,OK
9时44分20秒,46/79 静置,551.58,25.49,14060.86,551.69,25.48,14056.69,549.58,11.91,6547.69,548.55,11.99,6577.78,74,68.3,67.7,546.8,11,548.7,11.2,547.8,0,545.5,51.4,25.7,25.3,11.9,11.8,25.7,25.3,11.9,11.8,230.8,231.6,233.4,58.2,57.5,57.2,0,0,0,0,0,0,0,0,0,0,0,0,0,0,0,0,0,74,0,OK
9时44分25秒,46/79 静置,551.58,25.49,14060.86,551.69,25.48,14056.69,549.58,11.91,6547.69,548.55,11.99,6577.78,74,68.3,67.7,546.8,11,548.7,11.2,547.8,0,545.5,51.4,25.7,25.3,11.9,11.8,25.7,25.3,11.9,11.8,230.8,231.6,233.4,58.2,57.5,57.2,0,0,0,0,0,0,0,0,0,0,0,0,0,0,0,0,0,74,0,OK
9时44分30秒,46/79 静置,548.01,26.02,14257.96,547.59,26.04,14259.18,544.38,12.01,6540.54,550.47,11.76,6473.36,74,68.2,67.6,545.7,11.1,546.8,11.2,545.8,0,549.2,51.4,25.9,25.5,12,11.6,25.9,25.5,12,11.6,231.1,231.6,233.4,57.9,57.2,56.9,0,0,0,0,0,0,0,0,0,0,0,0,0,0,0,0,0,74,0,OK
9时44分35秒,46/79 静置,548.01,26.02,14257.96,547.59,26.04,14259.18,544.38,12.01,6540.54,550.47,11.76,6473.36,74,68.2,67.6,545.7,11.1,546.8,11.2,545.8,0,549.2,51.4,25.9,25.5,12,11.6,25.9,25.5,12,11.6,231.1,231.6,233.4,57.9,57.2,56.9,0,0,0,0,0,0,0,0,0,0,0,0,0,0,0,0,0,74,0,OK
9时44分40秒,46/79 静置,545.82,26.01,14198.28,550.32,25.87,14238.46,549.03,11.92,6547.07,549.37,11.97,6575.29,74,68.2,67.6,547.1,10.9,548.6,10.9,549.5,0,549.1,51.4,25.8,25.4,11.8,11.7,25.8,25.4,11.8,11.7,231,231.7,233.5,58.2,57.5,57.2,0,0,0,0,0,0,0,0,0,0,0,0,0,0,0,0,0,74,0,OK
9时44分45秒,46/79 静置,545.82,26.01,14198.28,550.32,25.87,14238.46,549.03,11.92,6547.07,549.37,11.97,6575.29,74,68.2,67.6,547.1,10.9,548.6,10.9,549.5,0,549.1,51.4,25.8,25.4,11.8,11.7,25.8,25.4,11.8,11.7,231,231.7,233.5,58.2,57.5,57.2,0,0,0,0,0,0,0,0,0,0,0,0,0,0,0,0,0,74,0,OK
9时44分50秒,46/79 静置,547.19,26,14228.04,548.95,25.84,14187.57,542.19,12.07,6543.93,547.18,11.8,6456.08,74,68.2,67.6,546.7,10.9,547.5,11.2,541.2,0,548.9,51.4,25.9,25.4,12,11.6,25.9,25.4,12,11.6,231,231.7,233.4,58,57.3,57,0,0,0,0,0,0,0,0,0,0,0,0,0,0,0,0,0,74,0,OK
9时44分55秒,46/79 静置,547.19,26,14228.04,548.95,25.84,14187.57,542.19,12.07,6543.93,547.18,11.8,6456.08,74,68.2,67.6,546.7,10.9,547.5,11.2,541.2,0,548.9,51.4,25.9,25.4,12,11.6,25.9,25.4,12,11.6,231,231.7,233.4,58,57.3,57,0,0,0,0,0,0,0,0,0,0,0,0,0,0,0,0,0,74,0,OK
9时45分00秒,46/79 静置,548.56,26,14261.5,549.23,25.99,14274.53,545.2,11.99,6538.15,550.47,11.9,6548.62,74,68.2,67.6,545.8,11,548.1,11.1,546.6,0,548.6,51.4,25.9,25.5,11.9,11.7,25.9,25.5,11.9,11.7,230.9,231.7,233.5,57.5,56.8,56.5,0,0,0,0,0,0,0,0,0,0,0,0,0,0,0,0,0,74,0,OK
9时45分05秒,46/79 静置,548.56,26,14261.5,549.23,25.99,14274.53,545.2,11.99,6538.15,550.47,11.9,6548.62,74,68.2,67.6,545.8,11,548.1,11.1,546.6,0,548.6,51.4,25.9,25.5,11.9,11.7,25.9,25.5,11.9,11.7,230.9,231.7,233.5,57.5,56.8,56.5,0,0,0,0,0,0,0,0,0,0,0,0,0,0,0,0,0,74,0,OK
9时45分10秒,46/79 静置,549.93,25.96,14277.25,540.48,26.06,14082.58,544.38,12.05,6557.56,548.28,11.96,6555.21,74,68.2,67.6,547.1,10.9,547.1,10.9,545,0,548.3,51.4,25.8,25.5,12,11.7,25.8,25.5,12,11.7,231.1,231.7,233.8,58.1,57.3,57,0,0,0,0,0,0,0,0,0,0,0,0,0,0,0,0,0,74,0,OK
9时45分15秒,46/79 静置,549.93,25.96,14277.25,540.48,26.06,14082.58,544.38,12.05,6557.56,548.28,11.96,6555.21,74,68.2,67.6,547.1,10.9,547.1,10.9,545,0,548.3,51.4,25.8,25.5,12,11.7,25.8,25.5,12,11.7,231.1,231.7,233.8,58.1,57.3,57,0,0,0,0,0,0,0,0,0,0,0,0,0,0,0,0,0,74,0,OK
9时45分20秒,46/79 静置,549.93,25.83,14205.29,550.59,25.77,14186.39,548.76,11.93,6549.17,546.08,12,6550.34,74,68.2,67.6,546.4,10.9,548.6,11.2,548.9,0,547.9,51.4,25.9,25.4,11.8,11.7,25.9,25.4,11.8,11.7,230.9,231.8,233.7,58.1,57.4,57,0,0,0,0,0,0,0,0,0,0,0,0,0,0,0,0,0,74,0,OK
9时45分25秒,46/79 静置,549.93,25.83,14205.29,550.59,25.77,14186.39,548.76,11.93,6549.17,546.08,12,6550.34,74,68.2,67.6,546.4,10.9,548.6,11.2,548.9,0,547.9,51.4,25.9,25.4,11.8,11.7,25.9,25.4,11.8,11.7,230.9,231.8,233.7,58.1,57.4,57,0,0,0,0,0,0,0,0,0,0,0,0,0,0,0,0,0,74,0,OK
9时45分30秒,46/79 静置,551.03,25.67,14146.98,550.87,25.76,14188.06,552.58,11.54,6375.75,551.29,11.74,6470.11,74,68.2,67.6,546.5,10.8,547.8,11,548.9,0,548.9,51.4,25.8,25.4,11.8,11.6,25.8,25.4,11.8,11.6,230.8,231.8,233.7,57.7,56.9,56.6,0,0,0,0,0,0,0,0,0,0,0,0,0,0,0,0,0,74,0,OK
9时45分35秒,46/79 静置,551.03,25.67,14146.98,550.87,25.76,14188.06,552.58,11.54,6375.75,551.29,11.74,6470.11,74,68.2,67.6,546.5,10.8,547.8,11,548.9,0,548.9,51.4,25.8,25.4,11.8,11.6,25.8,25.4,11.8,11.6,230.8,231.8,233.7,57.7,56.9,56.6,0,0,0,0,0,0,0,0,0,0,0,0,0,0,0,0,0,74,0,OK
9时45分40秒,46/79 静置,551.03,25.53,14068.42,550.87,25.68,14146.63,549.85,11.92,6553.62,551.01,11.82,6511.55,74,68.2,67.6,547.3,10.9,546.8,11,545.6,0,547.9,51.4,25.7,25.4,12,11.7,25.7,25.4,12,11.7,230.6,231.5,233.7,57.9,57.1,56.8,0,0,0,0,0,0,0,0,0,0,0,0,0,0,0,0,0,74,0,OK
9时45分45秒,46/79 静置,551.03,25.53,14068.42,550.87,25.68,14146.63,549.85,11.92,6553.62,551.01,11.82,6511.55,74,68.2,67.6,547.3,10.9,546.8,11,545.6,0,547.9,51.4,25.7,25.4,12,11.7,25.7,25.4,12,11.7,230.6,231.5,233.7,57.9,57.1,56.8,0,0,0,0,0,0,0,0,0,0,0,0,0,0,0,0,0,74,0,OK
9时45分50秒,46/79 静置,546.64,26.06,14244.74,544.58,26.07,14199.5,550.4,11.93,6564.43,547.45,12.01,6573.73,74,68.2,67.6,543.9,11,544.9,11.2,547.8,0,548.1,51.4,26,25.6,11.9,11.7,26,25.6,11.9,11.7,230.9,231.7,234,58,57.4,57.1,0,0,0,0,0,0,0,0,0,0,0,0,0,0,0,0,0,74,0,OK
9时45分55秒,46/79 静置,546.64,26.06,14244.74,544.58,26.07,14199.5,550.4,11.93,6564.43,547.45,12.01,6573.73,74,68.2,67.6,543.9,11,544.9,11.2,547.8,0,548.1,51.4,26,25.6,11.9,11.7,26,25.6,11.9,11.7,230.9,231.7,234,58,57.4,57.1,0,0,0,0,0,0,0,0,0,0,0,0,0,0,0,0,0,74,0,OK
9时46分00秒,46/79 静置,547.46,26.05,14261.89,540.48,26.18,14148.03,546.57,12,6559.89,549.65,11.79,6479.27,74,68.2,67.6,543.1,11,542.3,10.9,546.9,0,548.3,51.4,26,25.6,12,11.7,26,25.6,12,11.7,230.6,231.5,233.7,58,57.5,57.1,0,0,0,0,0,0,0,0,0,0,0,0,0,0,0,0,0,74,0,OK
9时46分05秒,46/79 静置,547.46,26.05,14261.89,540.48,26.18,14148.03,546.57,12,6559.89,549.65,11.79,6479.27,74,68.2,67.6,543.1,11,542.3,10.9,546.9,0,548.3,51.4,26,25.6,12,11.7,26,25.6,12,11.7,230.6,231.5,233.7,58,57.5,57.1,0,0,0,0,0,0,0,0,0,0,0,0,0,0,0,0,0,74,0,OK
9时46分10秒,46/79 静置,544.18,26.13,14221.4,549.23,26.04,14300.27,546.29,12.02,6566.74,546.91,12,6562.34,74,68.2,67.6,541.8,11,547.5,11.1,544.2,0,547.4,51.4,26,25.5,12,11.8,26,25.5,12,11.8,230.8,231.7,233.9,58.1,57.3,57,0,0,0,0,0,0,0,0,0,0,0,0,0,0,0,0,0,74,0,OK
9时46分15秒,46/79 静置,544.18,26.13,14221.4,549.23,26.04,14300.27,546.29,12.02,6566.74,546.91,12,6562.34,74,68.2,67.6,541.8,11,547.5,11.1,544.2,0,547.4,51.4,26,25.5,12,11.8,26,25.5,12,11.8,230.8,231.7,233.9,58.1,57.3,57,0,0,0,0,0,0,0,0,0,0,0,0,0,0,0,0,0,74,0,OK
9时46分20秒,46/79 静置,549.93,25.89,14235.9,545.13,26.06,14205.77,547.66,11.97,6553.76,550.74,11.87,6538.98,74,68.2,67.7,546,11,547.2,11.2,547.1,0,548.2,51.4,25.9,25.5,11.9,11.7,25.9,25.5,11.9,11.7,230.8,231.5,233.6,57.9,57.2,56.9,0,0,0,0,0,0,0,0,0,0,0,0,0,0,0,0,0,74,0,OK
9时46分25秒,46/79 静置,549.93,25.89,14235.9,545.13,26.06,14205.77,547.66,11.97,6553.76,550.74,11.87,6538.98,74,68.2,67.7,546,11,547.2,11.2,547.1,0,548.2,51.4,25.9,25.5,11.9,11.7,25.9,25.5,11.9,11.7,230.8,231.5,233.6,57.9,57.2,56.9,0,0,0,0,0,0,0,0,0,0,0,0,0,0,0,0,0,74,0,OK
9时46分30秒,46/79 静置,549.66,25.7,14125.22,549.77,25.62,14087.41,547.39,12,6570.8,541.15,12.06,6528.19,74,68.2,67.7,549,10.8,550.6,10.7,546.1,0,542.1,51.4,25.5,25,12,11.8,25.5,25,12,11.8,231,231.6,234.1,57.9,57.2,56.8,0,0,0,0,0,0,0,0,0,0,0,0,0,0,0,0,0,74,0,OK
9时46分35秒,46/79 静置,549.66,25.7,14125.22,549.77,25.62,14087.41,547.39,12,6570.8,541.15,12.06,6528.19,74,68.2,67.7,549,10.8,550.6,10.7,546.1,0,542.1,51.4,25.5,25,12,11.8,25.5,25,12,11.8,231,231.6,234.1,57.9,57.2,56.8,0,0,0,0,0,0,0,0,0,0,0,0,0,0,0,0,0,74,0,OK
9时46分40秒,46/79 静置,550.21,25.92,14259.12,550.05,25.95,14271.67,551.49,11.77,6493.46,549.92,11.97,6580.77,74,68.2,67.7,544.5,10.9,547.6,11.1,548.4,0,547.8,51.4,25.9,25.5,11.9,11.7,25.9,25.5,11.9,11.7,230.9,231.7,234.4,57.9,57.2,56.9,0,0,0,0,0,0,0,0,0,0,0,0,0,0,0,0,0,74,0,OK
9时46分45秒,46/79 静置,550.21,25.92,14259.12,550.05,25.95,14271.67,551.49,11.77,6493.46,549.92,11.97,6580.77,74,68.2,67.7,544.5,10.9,547.6,11.1,548.4,0,547.8,51.4,25.9,25.5,11.9,11.7,25.9,25.5,11.9,11.7,230.9,231.7,234.4,57.9,57.2,56.9,0,0,0,0,0,0,0,0,0,0,0,0,0,0,0,0,0,74,0,OK
9时46分50秒,46/79 静置,547.46,25.97,14216.98,549.23,25.95,14254.68,547.66,12.05,6597.62,549.1,11.92,6543.06,74,68.3,67.7,546.4,10.9,547.7,11.3,544.7,0,549,51.4,25.9,25.5,12,11.7,25.9,25.5,12,11.7,230.9,231.7,234.6,58,57.3,56.9,0,0,0,0,0,0,0,0,0,0,0,0,0,0,0,0,0,74,0,OK
9时46分55秒,46/79 静置,547.46,25.97,14216.98,549.23,25.95,14254.68,547.66,12.05,6597.62,549.1,11.92,6543.06,74,68.3,67.7,546.4,10.9,547.7,11.3,544.7,0,549,51.4,25.9,25.5,12,11.7,25.9,25.5,12,11.7,230.9,231.7,234.6,58,57.3,56.9,0,0,0,0,0,0,0,0,0,0,0,0,0,0,0,0,0,74,0,OK
9时47分00秒,46/79 静置,548.01,26.16,14333.96,540.75,26.16,14147.26,543.83,12.02,6535.05,548.55,11.98,6572.42,74,68.3,67.7,540.6,10.9,542.1,11.1,542.7,0,547.2,51.4,26.1,25.6,12,11.8,26.1,25.6,12,11.8,230.8,231.6,234.5,57.8,57.1,56.8,0,0,0,0,0,0,0,0,0,0,0,0,0,0,0,0,0,74,0,OK
9时47分05秒,46/79 静置,548.01,26.16,14333.96,540.75,26.16,14147.26,543.83,12.02,6535.05,548.55,11.98,6572.42,74,68.3,67.7,540.6,10.9,542.1,11.1,542.7,0,547.2,51.4,26.1,25.6,12,11.8,26.1,25.6,12,11.8,230.8,231.6,234.5,57.8,57.1,56.8,0,0,0,0,0,0,0,0,0,0,0,0,0,0,0,0,0,74,0,OK
9时47分10秒,46/79 静置,549.66,25.93,14253.51,549.23,25.94,14245.56,549.58,11.95,6564.86,549.1,11.93,6553.24,74,68.3,67.7,548.1,10.8,549.6,10.9,549,0,549.5,51.4,25.7,25.3,11.8,11.7,25.7,25.3,11.8,11.7,231,231.7,234.2,58.1,57.4,57.1,0,0,0,0,0,0,0,0,0,0,0,0,0,0,0,0,0,74,0,OK
9时47分15秒,46/79 静置,549.66,25.93,14253.51,549.23,25.94,14245.56,549.58,11.95,6564.86,549.1,11.93,6553.24,74,68.3,67.7,548.1,10.8,549.6,10.9,549,0,549.5,51.4,25.7,25.3,11.8,11.7,25.7,25.3,11.8,11.7,231,231.7,234.2,58.1,57.4,57.1,0,0,0,0,0,0,0,0,0,0,0,0,0,0,0,0,0,74,0,OK
9时47分20秒,46/79 静置,548.29,26.02,14265.64,548.95,25.97,14258.33,550.12,11.76,6468.77,549.92,11.98,6589.36,74,68.3,67.7,547.3,10.7,549.5,10.7,550.6,0,548.3,51.4,25.7,25.3,11.5,11.8,25.7,25.3,11.5,11.8,230.9,231.9,234.2,58.2,57.4,57.1,0,0,0,0,0,0,0,0,0,0,0,0,0,0,0,0,0,74,0,OK
9时47分26秒,46/79 静置,548.29,26.02,14265.64,548.95,25.97,14258.33,550.12,11.76,6468.77,549.92,11.98,6589.36,74,68.3,67.7,547.3,10.7,549.5,10.7,550.6,0,548.3,51.4,25.7,25.3,11.5,11.8,25.7,25.3,11.5,11.8,230.9,231.9,234.2,58.2,57.4,57.1,0,0,0,0,0,0,0,0,0,0,0,0,0,0,0,0,0,74,0,OK
9时47分31秒,46/79 静置,550.21,25.52,14041.51,548.95,26,14274.42,549.85,11.83,6506.9,549.92,11.94,6564.12,74,68.4,67.8,548.1,10.9,548.8,10.7,550.2,0,549,51.4,25.6,25.4,11.6,11.7,25.6,25.4,11.6,11.7,230.8,231.7,234.4,58.1,57.3,57,0,0,0,0,0,0,0,0,0,0,0,0,0,0,0,0,0,74,0,OK
9时47分36秒,46/79 静置,550.21,25.52,14041.51,548.95,26,14274.42,549.85,11.83,6506.9,549.92,11.94,6564.12,74,68.4,67.8,548.1,10.9,548.8,10.7,550.2,0,549,51.4,25.6,25.4,11.6,11.7,25.6,25.4,11.6,11.7,230.8,231.7,234.4,58.1,57.3,57,0,0,0,0,0,0,0,0,0,0,0,0,0,0,0,0,0,74,0,OK
9时47分41秒,46/79 静置,546.37,25.99,14198.66,546.77,25.96,14193,550.12,11.8,6493.48,548,11.97,6558.9,74,68.4,67.9,546.4,10.9,548.2,10.8,547.4,0,547.9,51.4,25.9,25.4,11.9,11.7,25.9,25.4,11.9,11.7,230.9,231.8,234.3,57.6,56.9,56.6,0,0,0,0,0,0,0,0,0,0,0,0,0,0,0,0,0,74,0,OK
9时47分46秒,46/79 静置,546.37,25.99,14198.66,546.77,25.96,14193,550.12,11.8,6493.48,548,11.97,6558.9,74,68.4,67.9,546.4,10.9,548.2,10.8,547.4,0,547.9,51.4,25.9,25.4,11.9,11.7,25.9,25.4,11.9,11.7,230.9,231.8,234.3,57.6,56.9,56.6,0,0,0,0,0,0,0,0,0,0,0,0,0,0,0,0,0,74,0,OK
9时47分51秒,46/79 静置,548.29,26.02,14268.32,550.32,25.6,14090.67,546.84,11.99,6557.3,550.47,11.75,6469.06,74,68.4,67.9,546.4,10.9,549.3,10.9,548,0,550.5,51.4,25.9,25.3,11.9,11.5,25.9,25.3,11.9,11.5,230.9,231.8,234.2,58,57.3,57,0,0,0,0,0,0,0,0,0,0,0,0,0,0,0,0,0,74,0,OK
9时47分56秒,46/79 静置,548.29,26.02,14268.32,550.32,25.6,14090.67,546.84,11.99,6557.3,550.47,11.75,6469.06,74,68.4,67.9,546.4,10.9,549.3,10.9,548,0,550.5,51.4,25.9,25.3,11.9,11.5,25.9,25.3,11.9,11.5,230.9,231.8,234.2,58,57.3,57,0,0,0,0,0,0,0,0,0,0,0,0,0,0,0,0,0,74,0,OK
9时48分01秒,46/79 静置,549.38,25.87,14214.21,549.23,25.87,14211.24,551.76,11.72,6468.66,550.19,11.87,6530.86,74,68.5,67.9,546.7,10.9,548.6,10.8,548.4,0,548.9,51.4,25.8,25.4,11.8,11.7,25.8,25.4,11.8,11.7,230.6,231.8,234,58,57.2,56.9,0,0,0,0,0,0,0,0,0,0,0,0,0,0,0,0,0,74,0,OK
9时48分06秒,46/79 静置,549.38,25.87,14214.21,549.23,25.87,14211.24,551.76,11.72,6468.66,550.19,11.87,6530.86,74,68.5,67.9,546.7,10.9,548.6,10.8,548.4,0,548.9,51.4,25.8,25.4,11.8,11.7,25.8,25.4,11.8,11.7,230.6,231.8,234,58,57.2,56.9,0,0,0,0,0,0,0,0,0,0,0,0,0,0,0,0,0,74,0,OK
9时48分11秒,46/79 静置,550.75,25.75,14179.2,550.87,25.36,13971.26,549.03,12.02,6598.54,547.45,11.98,6556.08,74,68.5,67.9,546.7,11,549.1,11.2,545.2,0,548.4,51.4,25.8,25.3,12,11.7,25.8,25.3,12,11.7,230.4,231.6,233.9,58.1,57.4,57,0,0,0,0,0,0,0,0,0,0,0,0,0,0,0,0,0,74,0,OK
9时48分16秒,46/79 静置,550.75,25.75,14179.2,550.87,25.36,13971.26,549.03,12.02,6598.54,547.45,11.98,6556.08,74,68.5,67.9,546.7,11,549.1,11.2,545.2,0,548.4,51.4,25.8,25.3,12,11.7,25.8,25.3,12,11.7,230.4,231.6,233.9,58.1,57.4,57,0,0,0,0,0,0,0,0,0,0,0,0,0,0,0,0,0,74,0,OK
9时48分21秒,46/79 静置,546.37,26.03,14223.21,547.31,26.02,14239.77,541.92,12.11,6562.85,540.06,12.08,6521.83,74,68.6,68,543.9,11.1,545.4,11.2,535.2,0,540.8,51.4,26,25.5,12.1,11.9,26,25.5,12.1,11.9,230.6,231.6,233.9,58.2,57.4,57.1,0,0,0,0,0,0,0,0,0,0,0,0,0,0,0,0,0,74,0,OK
9时48分26秒,46/79 静置,546.37,26.03,14223.21,547.31,26.02,14239.77,541.92,12.11,6562.85,540.06,12.08,6521.83,74,68.6,68,543.9,11.1,545.4,11.2,535.2,0,540.8,51.4,26,25.5,12.1,11.9,26,25.5,12.1,11.9,230.6,231.6,233.9,58.2,57.4,57.1,0,0,0,0,0,0,0,0,0,0,0,0,0,0,0,0,0,74,0,OK
9时48分31秒,46/79 静置,549.66,25.85,14206.28,548.68,26,14266.77,550.94,11.84,6525.22,549.37,11.98,6580.65,74,68.6,68,547,10.8,549.3,10.8,547.4,0,548,51.4,25.8,25.3,11.9,11.8,25.8,25.3,11.9,11.8,230.5,231.6,233.8,58.2,57.5,57.2,0,0,0,0,0,0,0,0,0,0,0,0,0,0,0,0,0,74,0,OK
9时48分36秒,46/79 静置,549.66,25.85,14206.28,548.68,26,14266.77,550.94,11.84,6525.22,549.37,11.98,6580.65,74,68.6,68,547,10.8,549.3,10.8,547.4,0,548,51.4,25.8,25.3,11.9,11.8,25.8,25.3,11.9,11.8,230.5,231.6,233.8,58.2,57.5,57.2,0,0,0,0,0,0,0,0,0,0,0,0,0,0,0,0,0,74,0,OK
9时48分41秒,46/79 静置,548.83,25.87,14199.5,548.68,26.03,14280.16,551.22,11.5,6341.67,547.45,11.98,6556.62,74,68.6,68.1,547.8,10.7,547.5,11,550,0,548.3,51.4,25.7,25.5,11.6,11.7,25.7,25.5,11.6,11.7,230.6,231.7,234,58.2,57.5,57.2,0,0,0,0,0,0,0,0,0,0,0,0,0,0,0,0,0,74,0,OK
9时48分46秒,46/79 静置,548.83,25.87,14199.5,548.68,26.03,14280.16,551.22,11.5,6341.67,547.45,11.98,6556.62,74,68.6,68.1,547.8,10.7,547.5,11,550,0,548.3,51.4,25.7,25.5,11.6,11.7,25.7,25.5,11.6,11.7,230.6,231.7,234,58.2,57.5,57.2,0,0,0,0,0,0,0,0,0,0,0,0,0,0,0,0,0,74,0,OK
9时48分51秒,46/79 静置,550.48,25.57,14076.98,550.59,25.77,14191.23,553.4,11.33,6270.1,550.74,11.67,6427.11,74,68.6,68.1,547.2,10.9,549,11,549.7,0,549,51.4,25.7,25.3,11.6,11.6,25.7,25.3,11.6,11.6,230.7,231.9,234,57.8,57.1,56.8,0,0,0,0,0,0,0,0,0,0,0,0,0,0,0,0,0,74,0,OK
9时48分56秒,46/79 静置,550.48,25.57,14076.98,550.59,25.77,14191.23,553.4,11.33,6270.1,550.74,11.67,6427.11,74,68.6,68.1,547.2,10.9,549,11,549.7,0,549,51.4,25.7,25.3,11.6,11.6,25.7,25.3,11.6,11.6,230.7,231.9,234,57.8,57.1,56.8,0,0,0,0,0,0,0,0,0,0,0,0,0,0,0,0,0,74,0,OK
9时49分01秒,46/79 静置,544.72,26.09,14213.91,547.59,26,14235.66,546.29,12.03,6570.48,547.73,12,6570.59,74,68.7,68.1,544.1,10.9,547.8,11.1,542.9,0,545.8,51.4,26,25.5,12,11.8,26,25.5,12,11.8,230.8,231.9,234,57.9,57.2,56.8,0,0,0,0,0,0,0,0,0,0,0,0,0,0,0,0,0,74,0,OK
9时49分06秒,46/79 静置,544.72,26.09,14213.91,547.59,26,14235.66,546.29,12.03,6570.48,547.73,12,6570.59,74,68.7,68.1,544.1,10.9,547.8,11.1,542.9,0,545.8,51.4,26,25.5,12,11.8,26,25.5,12,11.8,230.8,231.9,234,57.9,57.2,56.8,0,0,0,0,0,0,0,0,0,0,0,0,0,0,0,0,0,74,0,OK
9时49分11秒,46/79 静置,547.74,26.04,14264.76,548.68,25.89,14204.08,546.84,11.98,6553.56,549.65,11.98,6583.94,74,68.7,68.1,546.1,10.9,549.4,10.9,548.3,0,548.5,51.4,25.9,25.4,11.9,11.7,25.9,25.4,11.9,11.7,230.9,232,234.1,58.1,57.4,57.1,0,0,0,0,0,0,0,0,0,0,0,0,0,0,0,0,0,74,0,OK
9时49分16秒,46/79 静置,547.74,26.04,14264.76,548.68,25.89,14204.08,546.84,11.98,6553.56,549.65,11.98,6583.94,74,68.7,68.1,546.1,10.9,549.4,10.9,548.3,0,548.5,51.4,25.9,25.4,11.9,11.7,25.9,25.4,11.9,11.7,230.9,232,234.1,58.1,57.4,57.1,0,0,0,0,0,0,0,0,0,0,0,0,0,0,0,0,0,74,0,OK
9时49分21秒,46/79 静置,550.21,25.89,14244.08,546.22,26.07,14241.75,545.47,12.03,6559.55,548.28,11.97,6561.1,74,68.7,68.1,546.9,11,544.7,11,543,0,547.5,51.4,25.9,25.6,12,11.8,25.9,25.6,12,11.8,230.6,231.6,234.1,57.9,57.1,56.8,0,0,0,0,0,0,0,0,0,0,0,0,0,0,0,0,0,74,0,OK
9时49分26秒,46/79 静置,550.21,25.89,14244.08,546.22,26.07,14241.75,545.47,12.03,6559.55,548.28,11.97,6561.1,74,68.7,68.1,546.9,11,544.7,11,543,0,547.5,51.4,25.9,25.6,12,11.8,25.9,25.6,12,11.8,230.6,231.6,234.1,57.9,57.1,56.8,0,0,0,0,0,0,0,0,0,0,0,0,0,0,0,0,0,74,0,OK
9时49分31秒,46/79 静置,548.83,25.96,14248.27,549.5,25.98,14274.12,548.48,11.95,6552.33,547.18,12.01,6573.1,74,68.7,68.1,546.5,10.9,548.7,11,548.9,0,546,51.4,25.9,25.4,11.8,11.8,25.9,25.4,11.8,11.8,230.6,231.9,234.3,58.2,57.3,57,0,0,0,0,0,0,0,0,0,0,0,0,0,0,0,0,0,74,0,OK
9时49分36秒,46/79 静置,548.83,25.96,14248.27,549.5,25.98,14274.12,548.48,11.95,6552.33,547.18,12.01,6573.1,74,68.7,68.1,546.5,10.9,548.7,11,548.9,0,546,51.4,25.9,25.4,11.8,11.8,25.9,25.4,11.8,11.8,230.6,231.9,234.3,58.2,57.3,57,0,0,0,0,0,0,0,0,0,0,0,0,0,0,0,0,0,74,0,OK
9时49分41秒,46/79 静置,547.74,26,14241.76,547.86,25.93,14206.92,549.3,11.93,6552.47,550.19,11.98,6588.89,74,68.8,68.1,546.7,11,549.2,11,549.5,0,547.2,51.4,25.9,25.4,11.8,11.8,25.9,25.4,11.8,11.8,230.6,231.7,234.2,58.2,57.4,57.1,0,0,0,0,0,0,0,0,0,0,0,0,0,0,0,0,0,74,0,OK
9时49分46秒,46/79 静置,547.74,26,14241.76,547.86,25.93,14206.92,549.3,11.93,6552.47,550.19,11.98,6588.89,74,68.8,68.1,546.7,11,549.2,11,549.5,0,547.2,51.4,25.9,25.4,11.8,11.8,25.9,25.4,11.8,11.8,230.6,231.7,234.2,58.2,57.4,57.1,0,0,0,0,0,0,0,0,0,0,0,0,0,0,0,0,0,74,0,OK
9时49分51秒,46/79 静置,548.83,25.98,14258.45,549.77,26.02,14305.92,545.47,11.99,6541.43,548.55,11.99,6576.17,74,68.8,68.1,547.7,10.9,547.7,11.2,547.7,0,548.7,51.4,25.8,25.5,11.9,11.7,25.8,25.5,11.9,11.7,230.5,231.6,234.1,58.3,57.5,57.2,0,0,0,0,0,0,0,0,0,0,0,0,0,0,0,0,0,74,0,OK
9时49分56秒,46/79 静置,548.83,25.98,14258.45,549.77,26.02,14305.92,545.47,11.99,6541.43,548.55,11.99,6576.17,74,68.8,68.1,547.7,10.9,547.7,11.2,547.7,0,548.7,51.4,25.8,25.5,11.9,11.7,25.8,25.5,11.9,11.7,230.5,231.6,234.1,58.3,57.5,57.2,0,0,0,0,0,0,0,0,0,0,0,0,0,0,0,0,0,74,0,OK
9时50分01秒,46/79 静置,545,26.11,14228.52,545.13,26.13,14242.51,547.94,12.01,6581.11,545.54,12.01,6554.42,74,68.8,68.1,543.3,11.1,543.2,11.3,545.9,0,546.2,51.4,26,25.6,12,11.8,26,25.6,12,11.8,230.6,231.8,234.2,58,57.3,57,0,0,0,0,0,0,0,0,0,0,0,0,0,0,0,0,0,74,0,OK
9时50分06秒,46/79 静置,545,26.11,14228.52,545.13,26.13,14242.51,547.94,12.01,6581.11,545.54,12.01,6554.42,74,68.8,68.1,543.3,11.1,543.2,11.3,545.9,0,546.2,51.4,26,25.6,12,11.8,26,25.6,12,11.8,230.6,231.8,234.2,58,57.3,57,0,0,0,0,0,0,0,0,0,0,0,0,0,0,0,0,0,74,0,OK
9时50分11秒,46/79 静置,544.72,26.09,14211.78,549.5,25.99,14283.78,546.84,12.04,6584.53,548,11.98,6565.32,74,68.8,68.2,544,11,549.1,11,543.5,0,548.3,51.4,26,25.4,12,11.7,26,25.4,12,11.7,230.8,231.8,234.2,58.2,57.5,57.2,0,0,0,0,0,0,0,0,0,0,0,0,0,0,0,0,0,74,0,OK
9时50分16秒,46/79 静置,544.72,26.09,14211.78,549.5,25.99,14283.78,546.84,12.04,6584.53,548,11.98,6565.32,74,68.8,68.2,544,11,549.1,11,543.5,0,548.3,51.4,26,25.4,12,11.7,26,25.4,12,11.7,230.8,231.8,234.2,58.2,57.5,57.2,0,0,0,0,0,0,0,0,0,0,0,0,0,0,0,0,0,74,0,OK
9时50分21秒,46/79 静置,548.83,26.03,14285.79,550.32,25.65,14116.47,548.21,11.89,6516.94,546.63,11.97,6545.17,74,68.9,68.2,546.3,11.1,548.2,11.3,549.2,0,549.2,51.4,25.9,25.4,11.8,11.7,25.9,25.4,11.8,11.7,230.9,232,234.5,57.9,57.2,56.9,0,0,0,0,0,0,0,0,0,0,0,0,0,0,0,0,0,74,0,OK
9时50分26秒,46/79 静置,548.83,26.03,14285.79,550.32,25.65,14116.47,548.21,11.89,6516.94,546.63,11.97,6545.17,74,68.9,68.2,546.3,11.1,548.2,11.3,549.2,0,549.2,51.4,25.9,25.4,11.8,11.7,25.9,25.4,11.8,11.7,230.9,232,234.5,57.9,57.2,56.9,0,0,0,0,0,0,0,0,0,0,0,0,0,0,0,0,0,74,0,OK
9时50分31秒,46/79 静置,548.29,26.03,14269.39,549.77,25.71,14137.34,550.94,11.55,6364.35,550.47,11.82,6508.3,74,68.9,68.2,545.6,10.9,548.6,11,549.6,0,549.1,51.4,25.9,25.3,11.6,11.6,25.9,25.3,11.6,11.6,230.8,231.9,234.3,58.2,57.4,57.1,0,0,0,0,0,0,0,0,0,0,0,0,0,0,0,0,0,74,0,OK
9时50分36秒,46/79 静置,548.29,26.03,14269.39,549.77,25.71,14137.34,550.94,11.55,6364.35,550.47,11.82,6508.3,74,68.9,68.2,545.6,10.9,548.6,11,549.6,0,549.1,51.4,25.9,25.3,11.6,11.6,25.9,25.3,11.6,11.6,230.8,231.9,234.3,58.2,57.4,57.1,0,0,0,0,0,0,0,0,0,0,0,0,0,0,0,0,0,74,0,OK
9时50分41秒,46/79 静置,546.37,26.02,14217.34,549.23,25.97,14264.87,546.02,11.94,6520.8,546.36,12.04,6577.64,74,68.9,68.2,546.5,11,548.5,10.9,546.7,0,542.7,51.4,25.9,25.4,12,11.8,25.9,25.4,12,11.8,230.8,232,234.5,57.7,57,56.7,0,0,0,0,0,0,0,0,0,0,0,0,0,0,0,0,0,74,0,OK
9时50分46秒,46/79 静置,546.37,26.02,14217.34,549.23,25.97,14264.87,546.02,11.94,6520.8,546.36,12.04,6577.64,74,68.9,68.2,546.5,11,548.5,10.9,546.7,0,542.7,51.4,25.9,25.4,12,11.8,25.9,25.4,12,11.8,230.8,232,234.5,57.7,57,56.7,0,0,0,0,0,0,0,0,0,0,0,0,0,0,0,0,0,74,0,OK
9时50分51秒,46/79 静置,544.72,26.03,14178.8,543.21,26.02,14132.58,545.75,12.02,6559.64,548.55,12,6582.6,74,68.9,68.2,546,11,548.1,11,544.6,0,547.7,51.4,25.9,25.4,12,11.7,25.9,25.4,12,11.7,230.9,231.9,234.2,58.1,57.3,57,0,0,0,0,0,0,0,0,0,0,0,0,0,0,0,0,0,74,0,OK
9时50分56秒,46/79 静置,544.72,26.03,14178.8,543.21,26.02,14132.58,545.75,12.02,6559.64,548.55,12,6582.6,74,68.9,68.2,546,11,548.1,11,544.6,0,547.7,51.4,25.9,25.4,12,11.7,25.9,25.4,12,11.7,230.9,231.9,234.2,58.1,57.3,57,0,0,0,0,0,0,0,0,0,0,0,0,0,0,0,0,0,74,0,OK
9时51分01秒,46/79 静置,548.29,26.09,14302.58,542.67,26.2,14218.51,549.3,12.02,6600.22,541.15,12.04,6513.39,74,68.9,68.2,543.9,11,541.2,11.3,545.5,0,544.5,51.4,26,25.7,12,11.8,26,25.7,12,11.8,230.9,232,234.3,58,57.3,57,0,0,0,0,0,0,0,0,0,0,0,0,0,0,0,0,0,74,0,OK
9时51分06秒,46/79 静置,548.29,26.09,14302.58,542.67,26.2,14218.51,549.3,12.02,6600.22,541.15,12.04,6513.39,74,68.9,68.2,543.9,11,541.2,11.3,545.5,0,544.5,51.4,26,25.7,12,11.8,26,25.7,12,11.8,230.9,232,234.3,58,57.3,57,0,0,0,0,0,0,0,0,0,0,0,0,0,0,0,0,0,74,0,OK
9时51分11秒,46/79 静置,544.72,26.09,14211.25,542.94,26.12,14180.08,546.29,12.03,6571.01,546.91,12,6563.41,74,68.9,68.2,544.5,11,545.9,11,545.1,0,547.2,51.4,26,25.5,12,11.8,26,25.5,12,11.8,230.9,232,234.4,58.1,57.3,57,0,0,0,0,0,0,0,0,0,0,0,0,0,0,0,0,0,74,0,OK
9时51分16秒,46/79 静置,544.72,26.09,14211.25,542.94,26.12,14180.08,546.29,12.03,6571.01,546.91,12,6563.41,74,68.9,68.2,544.5,11,545.9,11,545.1,0,547.2,51.4,26,25.5,12,11.8,26,25.5,12,11.8,230.9,232,234.4,58.1,57.3,57,0,0,0,0,0,0,0,0,0,0,0,0,0,0,0,0,0,74,0,OK
9时51分21秒,46/79 静置,546.92,26,14220.38,549.5,25.89,14224.21,550.67,11.7,6442.4,549.92,11.86,6520.08,74,69,68.2,546.6,11,547.3,11,548,0,548.1,51.4,25.9,25.5,11.8,11.7,25.9,25.5,11.8,11.7,230.9,231.7,234.2,58.2,57.4,57.1,0,0,0,0,0,0,0,0,0,0,0,0,0,0,0,0,0,74,0,OK
9时51分26秒,46/79 静置,546.92,26,14220.38,549.5,25.89,14224.21,550.67,11.7,6442.4,549.92,11.86,6520.08,74,69,68.2,546.6,11,547.3,11,548,0,548.1,51.4,25.9,25.5,11.8,11.7,25.9,25.5,11.8,11.7,230.9,231.7,234.2,58.2,57.4,57.1,0,0,0,0,0,0,0,0,0,0,0,0,0,0,0,0,0,74,0,OK
9时51分31秒,46/79 静置,550.21,25.83,14211.84,546.77,26.02,14224.5,547.12,12.01,6572.33,546.63,12,6557.45,74,69,68.2,547.2,10.7,547.4,11,544.2,0,547.1,51.4,25.8,25.5,12,11.8,25.8,25.5,12,11.8,231.1,232,234.4,58,57.3,57,0,0,0,0,0,0,0,0,0,0,0,0,0,0,0,0,0,74,0,OK
9时51分36秒,46/79 静置,550.21,25.83,14211.84,546.77,26.02,14224.5,547.12,12.01,6572.33,546.63,12,6557.45,74,69,68.2,547.2,10.7,547.4,11,544.2,0,547.1,51.4,25.8,25.5,12,11.8,25.8,25.5,12,11.8,231.1,232,234.4,58,57.3,57,0,0,0,0,0,0,0,0,0,0,0,0,0,0,0,0,0,74,0,OK
9时51分41秒,46/79 静置,549.38,25.87,14214.74,548.13,26.04,14271.82,549.03,11.93,6551.36,549.92,11.96,6577.01,74,69,68.2,547.7,10.8,546.7,11.1,547.9,0,548.4,51.4,25.8,25.5,11.9,11.7,25.8,25.5,11.9,11.7,231.1,232,234.6,58.1,57.4,57.1,0,0,0,0,0,0,0,0,0,0,0,0,0,0,0,0,0,74,0,OK
9时51分46秒,46/79 静置,549.38,25.87,14214.74,548.13,26.04,14271.82,549.03,11.93,6551.36,549.92,11.96,6577.01,74,69,68.2,547.7,10.8,546.7,11.1,547.9,0,548.4,51.4,25.8,25.5,11.9,11.7,25.8,25.5,11.9,11.7,231.1,232,234.6,58.1,57.4,57.1,0,0,0,0,0,0,0,0,0,0,0,0,0,0,0,0,0,74,0,OK
9时51分51秒,46/79 静置,548.83,25.88,14204.32,546.49,26.03,14222.72,550.4,11.9,6547.23,545.26,12.03,6561.26,74,69,68.3,547.3,10.9,547.4,11.3,546.5,0,544,51.4,25.8,25.5,12,11.8,25.8,25.5,12,11.8,230.9,231.8,234.3,58.1,57.4,57.1,0,0,0,0,0,0,0,0,0,0,0,0,0,0,0,0,0,74,0,OK
9时51分56秒,46/79 静置,548.83,25.88,14204.32,546.49,26.03,14222.72,550.4,11.9,6547.23,545.26,12.03,6561.26,74,69,68.3,547.3,10.9,547.4,11.3,546.5,0,544,51.4,25.8,25.5,12,11.8,25.8,25.5,12,11.8,230.9,231.8,234.3,58.1,57.4,57.1,0,0,0,0,0,0,0,0,0,0,0,0,0,0,0,0,0,74,0,OK
9时52分01秒,46/79 静置,544.72,26.1,14217.63,541.85,26.14,14165.29,548.76,11.96,6564.71,547.18,12.01,6570.43,74,69,68.3,543.7,11.1,543.4,11.4,546.7,0,545.3,51.4,26,25.6,12,11.8,26,25.6,12,11.8,230.7,231.8,234.3,58.1,57.4,57,0,0,0,0,0,0,0,0,0,0,0,0,0,0,0,0,0,74,0,OK
9时52分06秒,46/79 静置,544.72,26.1,14217.63,541.85,26.14,14165.29,548.76,11.96,6564.71,547.18,12.01,6570.43,74,69,68.3,543.7,11.1,543.4,11.4,546.7,0,545.3,51.4,26,25.6,12,11.8,26,25.6,12,11.8,230.7,231.8,234.3,58.1,57.4,57,0,0,0,0,0,0,0,0,0,0,0,0,0,0,0,0,0,74,0,OK
9时52分11秒,46/79 静置,543.63,26.13,14206.55,548.41,26.08,14304.65,547.66,11.93,6531.83,544.44,12.03,6547.11,74,69,68.3,541.3,11,544,11.2,546,0,545,51.4,26.1,25.6,12,11.8,26.1,25.6,12,11.8,230.8,231.6,234.5,58.1,57.4,57.1,0,0,0,0,0,0,0,0,0,0,0,0,0,0,0,0,0,74,0,OK
9时52分16秒,46/79 静置,543.63,26.13,14206.55,548.41,26.08,14304.65,547.66,11.93,6531.83,544.44,12.03,6547.11,74,69,68.3,541.3,11,544,11.2,546,0,545,51.4,26.1,25.6,12,11.8,26.1,25.6,12,11.8,230.8,231.6,234.5,58.1,57.4,57.1,0,0,0,0,0,0,0,0,0,0,0,0,0,0,0,0,0,74,0,OK
9时52分21秒,46/79 静置,549.38,25.97,14266.25,541.03,26.16,14152.3,544.93,12.04,6563.61,541.98,12.05,6531.76,74,69,68.3,546.8,10.9,543.7,11.2,543.8,0,544.2,51.4,25.9,25.6,12,11.8,25.9,25.6,12,11.8,230.7,231.7,234.3,58.1,57.4,57.1,0,0,0,0,0,0,0,0,0,0,0,0,0,0,0,0,0,74,0,OK
9时52分26秒,46/79 静置,549.38,25.97,14266.25,541.03,26.16,14152.3,544.93,12.04,6563.61,541.98,12.05,6531.76,74,69,68.3,546.8,10.9,543.7,11.2,543.8,0,544.2,51.4,25.9,25.6,12,11.8,25.9,25.6,12,11.8,230.7,231.7,234.3,58.1,57.4,57.1,0,0,0,0,0,0,0,0,0,0,0,0,0,0,0,0,0,74,0,OK
9时52分31秒,46/79 静置,546.92,26.06,14251.35,549.5,25.99,14283.78,542.19,11.96,6484.09,549.65,11.99,6591.99,74,69,68.3,545.3,10.9,547,11,545.2,0,544.9,51.4,26,25.5,12,11.8,26,25.5,12,11.8,231,231.9,234.3,58,57.2,56.9,0,0,0,0,0,0,0,0,0,0,0,0,0,0,0,0,0,74,0,OK
9时52分36秒,46/79 静置,546.92,26.06,14251.35,549.5,25.99,14283.78,542.19,11.96,6484.09,549.65,11.99,6591.99,74,69,68.3,545.3,10.9,547,11,545.2,0,544.9,51.4,26,25.5,12,11.8,26,25.5,12,11.8,231,231.9,234.3,58,57.2,56.9,0,0,0,0,0,0,0,0,0,0,0,0,0,0,0,0,0,74,0,OK
9时52分41秒,46/79 静置,549.38,25.83,14188.99,547.31,26.01,14233.36,549.58,11.91,6544.46,550.47,11.79,6490.02,74,69,68.3,547.6,11,548.9,11.2,549.4,0,549.7,51.4,25.8,25.4,11.8,11.6,25.8,25.4,11.8,11.6,230.9,231.6,234.3,57.8,57,56.7,0,0,0,0,0,0,0,0,0,0,0,0,0,0,0,0,0,74,0,OK
9时52分46秒,46/79 静置,549.38,25.83,14188.99,547.31,26.01,14233.36,549.58,11.91,6544.46,550.47,11.79,6490.02,74,69,68.3,547.6,11,548.9,11.2,549.4,0,549.7,51.4,25.8,25.4,11.8,11.6,25.8,25.4,11.8,11.6,230.9,231.6,234.3,57.8,57,56.7,0,0,0,0,0,0,0,0,0,0,0,0,0,0,0,0,0,74,0,OK
9时52分51秒,46/79 静置,545.82,26.03,14205.75,550.59,25.86,14235.86,549.03,11.98,6578.7,547.73,11.92,6530.47,74,69,68.3,546.6,10.8,547.8,11.2,548.2,0,549.4,51.4,25.9,25.5,11.9,11.6,25.9,25.5,11.9,11.6,230.8,231.8,234.1,58.2,57.5,57.2,0,0,0,0,0,0,0,0,0,0,0,0,0,0,0,0,0,74,0,OK
9时52分56秒,46/79 静置,545.82,26.03,14205.75,550.59,25.86,14235.86,549.03,11.98,6578.7,547.73,11.92,6530.47,74,69,68.3,546.6,10.8,547.8,11.2,548.2,0,549.4,51.4,25.9,25.5,11.9,11.6,25.9,25.5,11.9,11.6,230.8,231.8,234.1,58.2,57.5,57.2,0,0,0,0,0,0,0,0,0,0,0,0,0,0,0,0,0,74,0,OK
9时53分01秒,46/79 静置,549.66,25.79,14173,550.05,25.92,14259.86,549.03,11.91,6538.49,548,12,6574.95,74,69,68.4,549,10.9,548.9,10.9,549.4,0,547.7,51.4,25.4,25.4,11.8,11.8,25.4,25.4,11.8,11.8,231,231.9,234.1,57.8,57.1,56.8,0,0,0,0,0,0,0,0,0,0,0,0,0,0,0,0,0,74,0,OK
9时53分06秒,46/79 静置,549.66,25.79,14173,550.05,25.92,14259.86,549.03,11.91,6538.49,548,12,6574.95,74,69,68.4,549,10.9,548.9,10.9,549.4,0,547.7,51.4,25.4,25.4,11.8,11.8,25.4,25.4,11.8,11.8,231,231.9,234.1,57.8,57.1,56.8,0,0,0,0,0,0,0,0,0,0,0,0,0,0,0,0,0,74,0,OK
9时53分11秒,46/79 静置,544.45,26.13,14225.91,546.22,26.05,14228.94,546.57,12.01,6564.69,549.37,12.01,6597.28,74,69,68.4,542.5,11,547.4,11.1,544.6,0,545.1,51.4,26,25.5,12,11.8,26,25.5,12,11.8,230.8,231.7,234,58.1,57.3,57,0,0,0,0,0,0,0,0,0,0,0,0,0,0,0,0,0,74,0,OK
9时53分16秒,46/79 静置,544.45,26.13,14225.91,546.22,26.05,14228.94,546.57,12.01,6564.69,549.37,12.01,6597.28,74,69,68.4,542.5,11,547.4,11.1,544.6,0,545.1,51.4,26,25.5,12,11.8,26,25.5,12,11.8,230.8,231.7,234,58.1,57.3,57,0,0,0,0,0,0,0,0,0,0,0,0,0,0,0,0,0,74,0,OK
9时53分21秒,46/79 静置,546.09,26.06,14230.99,550.05,25.89,14242.13,544.93,12.04,6560.95,546.08,12.04,6577.54,74,69,68.4,544.1,11,548.3,11.1,542.6,0,542.9,51.4,26,25.5,12,11.8,26,25.5,12,11.8,230.9,231.8,234,58,57.3,56.9,0,0,0,0,0,0,0,0,0,0,0,0,0,0,0,0,0,74,0,OK
9时53分26秒,46/79 静置,546.09,26.06,14230.99,550.05,25.89,14242.13,544.93,12.04,6560.95,546.08,12.04,6577.54,74,69,68.4,544.1,11,548.3,11.1,542.6,0,542.9,51.4,26,25.5,12,11.8,26,25.5,12,11.8,230.9,231.8,234,58,57.3,56.9,0,0,0,0,0,0,0,0,0,0,0,0,0,0,0,0,0,74,0,OK
9时53分31秒,46/79 静置,548.01,25.99,14240.84,548.13,25.96,14228.46,545.75,12.03,6566.56,541.98,12.08,6545.52,74,69,68.4,547.4,11.1,549.1,11.1,546.4,0,540.7,51.4,25.8,25.4,11.9,11.9,25.8,25.4,11.9,11.9,231.3,232.1,234.2,58.1,57.3,57,0,0,0,0,0,0,0,0,0,0,0,0,0,0,0,0,0,74,0,OK
9时53分36秒,46/79 静置,548.01,25.99,14240.84,548.13,25.96,14228.46,545.75,12.03,6566.56,541.98,12.08,6545.52,74,69,68.4,547.4,11.1,549.1,11.1,546.4,0,540.7,51.4,25.8,25.4,11.9,11.9,25.8,25.4,11.9,11.9,231.3,232.1,234.2,58.1,57.3,57,0,0,0,0,0,0,0,0,0,0,0,0,0,0,0,0,0,74,0,OK
9时53分41秒,46/79 静置,545.82,26.03,14206.28,548.95,25.96,14251.9,545.2,12.02,6552.53,546.63,12.01,6565.99,74,69.1,68.4,546,10.8,548.2,10.9,542.5,0,544.7,51.4,25.9,25.5,12,11.8,25.9,25.5,12,11.8,231,232,234.1,58.1,57.4,57.1,0,0,0,0,0,0,0,0,0,0,0,0,0,0,0,0,0,74,0,OK
9时53分46秒,46/79 静置,545.82,26.03,14206.28,548.95,25.96,14251.9,545.2,12.02,6552.53,546.63,12.01,6565.99,74,69.1,68.4,546,10.8,548.2,10.9,542.5,0,544.7,51.4,25.9,25.5,12,11.8,25.9,25.5,12,11.8,231,232,234.1,58.1,57.4,57.1,0,0,0,0,0,0,0,0,0,0,0,0,0,0,0,0,0,74,0,OK
9时53分51秒,46/79 静置,546.37,26.03,14221.6,548.95,25.92,14228.85,544.65,12.05,6561.38,547.45,12.01,6574.26,74,69.1,68.3,545.8,11,549.1,11.1,543.1,0,545.4,51.4,25.9,25.4,12,11.8,25.9,25.4,12,11.8,231,231.7,233.8,58.2,57.5,57.2,0,0,0,0,0,0,0,0,0,0,0,0,0,0,0,0,0,74,0,OK
9时53分56秒,46/79 静置,546.37,26.03,14221.6,548.95,25.92,14228.85,544.65,12.05,6561.38,547.45,12.01,6574.26,74,69.1,68.3,545.8,11,549.1,11.1,543.1,0,545.4,51.4,25.9,25.4,12,11.8,25.9,25.4,12,11.8,231,231.7,233.8,58.2,57.5,57.2,0,0,0,0,0,0,0,0,0,0,0,0,0,0,0,0,0,74,0,OK
9时54分01秒,46/79 静置,549.93,25.88,14234.83,549.23,25.96,14258.97,547.66,12,6574.08,546.08,12,6551.94,74,69.1,68.3,545.4,10.6,547.5,11.1,546.6,0,548.2,51.4,25.9,25.5,11.9,11.7,25.9,25.5,11.9,11.7,230.9,231.5,233.6,57.7,57,56.7,0,0,0,0,0,0,0,0,0,0,0,0,0,0,0,0,0,74,0,OK
9时54分06秒,46/79 静置,549.93,25.88,14234.83,549.23,25.96,14258.97,547.66,12,6574.08,546.08,12,6551.94,74,69.1,68.3,545.4,10.6,547.5,11.1,546.6,0,548.2,51.4,25.9,25.5,11.9,11.7,25.9,25.5,11.9,11.7,230.9,231.5,233.6,57.7,57,56.7,0,0,0,0,0,0,0,0,0,0,0,0,0,0,0,0,0,74,0,OK
9时54分11秒,46/79 静置,549.38,25.99,14279.66,545.67,26.06,14218.43,552.04,11.6,6405.56,549.37,11.88,6527.54,74,69.1,68.3,546.4,11.1,547.9,11.3,548,0,549.1,51.4,25.9,25.4,11.9,11.7,25.9,25.4,11.9,11.7,230.9,231.6,233.8,58.2,57.5,57.2,0,0,0,0,0,0,0,0,0,0,0,0,0,0,0,0,0,74,0,OK
9时54分16秒,46/79 静置,549.38,25.99,14279.66,545.67,26.06,14218.43,552.04,11.6,6405.56,549.37,11.88,6527.54,74,69.1,68.3,546.4,11.1,547.9,11.3,548,0,549.1,51.4,25.9,25.4,11.9,11.7,25.9,25.4,11.9,11.7,230.9,231.6,233.8,58.2,57.5,57.2,0,0,0,0,0,0,0,0,0,0,0,0,0,0,0,0,0,74,0,OK
9时54分21秒,46/79 静置,545.82,26.03,14207.88,547.59,26.01,14245.28,549.3,11.76,6460.21,550.19,11.83,6508.29,74,69.1,68.3,545,11,548.3,11,548.3,0,547.9,51.4,26,25.4,11.8,11.6,26,25.4,11.8,11.6,231.1,231.7,234.1,57.9,57.1,56.8,0,0,0,0,0,0,0,0,0,0,0,0,0,0,0,0,0,74,0,OK
9时54分26秒,46/79 静置,545.82,26.03,14207.88,547.59,26.01,14245.28,549.3,11.76,6460.21,550.19,11.83,6508.29,74,69.1,68.3,545,11,548.3,11,548.3,0,547.9,51.4,26,25.4,11.8,11.6,26,25.4,11.8,11.6,231.1,231.7,234.1,57.9,57.1,56.8,0,0,0,0,0,0,0,0,0,0,0,0,0,0,0,0,0,74,0,OK
9时54分31秒,46/79 静置,547.46,26.01,14241.57,549.23,25.92,14237.52,545.47,12.04,6567,548.55,12,6582.6,74,69,68.3,547.1,10.8,549.6,10.9,543.5,0,548.1,51.4,25.9,25.3,12,11.7,25.9,25.3,12,11.7,231.2,232,234.3,58.1,57.3,57,0,0,0,0,0,0,0,0,0,0,0,0,0,0,0,0,0,74,0,OK
9时54分36秒,46/79 静置,547.46,26.01,14241.57,549.23,25.92,14237.52,545.47,12.04,6567,548.55,12,6582.6,74,69,68.3,547.1,10.8,549.6,10.9,543.5,0,548.1,51.4,25.9,25.3,12,11.7,25.9,25.3,12,11.7,231.2,232,234.3,58.1,57.3,57,0,0,0,0,0,0,0,0,0,0,0,0,0,0,0,0,0,74,0,OK
9时54分41秒,46/79 静置,548.56,26.04,14286.15,547.59,26.03,14253.84,549.58,11.9,6539.63,544.99,12.02,6551.04,74,69,68.3,545.1,11.1,546.2,11,547.7,0,546.4,51.4,26,25.5,11.9,11.8,26,25.5,11.9,11.8,231.1,231.7,234,58.1,57.4,57.1,0,0,0,0,0,0,0,0,0,0,0,0,0,0,0,0,0,74,0,OK
9时54分46秒,46/79 静置,548.56,26.04,14286.15,547.59,26.03,14253.84,549.58,11.9,6539.63,544.99,12.02,6551.04,74,69,68.3,545.1,11.1,546.2,11,547.7,0,546.4,51.4,26,25.5,11.9,11.8,26,25.5,11.9,11.8,231.1,231.7,234,58.1,57.4,57.1,0,0,0,0,0,0,0,0,0,0,0,0,0,0,0,0,0,74,0,OK
9时54分51秒,46/79 静置,549.93,25.93,14260.6,550.87,25.93,14286.5,540.55,11.98,6478.2,550.19,11.97,6583.51,74,69,68.2,546.7,11.1,548.3,11.2,547.2,0,546.5,51.4,25.9,25.4,11.9,11.8,25.9,25.4,11.9,11.8,230.9,231.5,234,58.2,57.4,57.1,0,0,0,0,0,0,0,0,0,0,0,0,0,0,0,0,0,74,0,OK
9时54分56秒,46/79 静置,549.93,25.93,14260.6,550.87,25.93,14286.5,540.55,11.98,6478.2,550.19,11.97,6583.51,74,69,68.2,546.7,11.1,548.3,11.2,547.2,0,546.5,51.4,25.9,25.4,11.9,11.8,25.9,25.4,11.9,11.8,230.9,231.5,234,58.2,57.4,57.1,0,0,0,0,0,0,0,0,0,0,0,0,0,0,0,0,0,74,0,OK
9时55分01秒,46/79 静置,540.62,26.08,14099.29,548.68,26.06,14297.31,550.12,11.98,6589.11,545.26,12,6544.22,74,69,68.2,544.1,11,546.1,11.3,546,0,548.9,51.4,26,25.6,12,11.7,26,25.6,12,11.7,231,231.9,234.2,58.1,57.4,57.1,0,0,0,0,0,0,0,0,0,0,0,0,0,0,0,0,0,74,0,OK
9时55分06秒,46/79 静置,540.62,26.08,14099.29,548.68,26.06,14297.31,550.12,11.98,6589.11,545.26,12,6544.22,74,69,68.2,544.1,11,546.1,11.3,546,0,548.9,51.4,26,25.6,12,11.7,26,25.6,12,11.7,231,231.9,234.2,58.1,57.4,57.1,0,0,0,0,0,0,0,0,0,0,0,0,0,0,0,0,0,74,0,OK
9时55分11秒,46/79 静置,549.38,25.87,14212.6,548.68,26.01,14269.98,549.85,11.98,6585.3,550.74,11.84,6523.38,74,69,68.2,548.2,10.8,548.6,10.9,548.1,0,548.9,51.4,25.7,25.4,11.9,11.7,25.7,25.4,11.9,11.7,231.1,231.9,234.3,58,57.3,57,0,0,0,0,0,0,0,0,0,0,0,0,0,0,0,0,0,74,0,OK
9时55分16秒,46/79 静置,549.38,25.87,14212.6,548.68,26.01,14269.98,549.85,11.98,6585.3,550.74,11.84,6523.38,74,69,68.2,548.2,10.8,548.6,10.9,548.1,0,548.9,51.4,25.7,25.4,11.9,11.7,25.7,25.4,11.9,11.7,231.1,231.9,234.3,58,57.3,57,0,0,0,0,0,0,0,0,0,0,0,0,0,0,0,0,0,74,0,OK
9时55分21秒,46/79 静置,550.21,25.77,14180.68,547.59,25.97,14219.61,547.66,11.97,6553.76,550.47,11.98,6593.77,74,69,68.1,545,11,547.7,11.1,547.4,0,545.9,51.4,25.9,25.5,11.9,11.6,25.8,25.5,11.9,11.6,230.9,231.7,234,58,57.3,57,0,0,0,0,0,0,0,0,0,0,0,0,0,0,0,0,0,74,0,OK
9时55分26秒,46/79 静置,550.21,25.77,14180.68,547.59,25.97,14219.61,547.66,11.97,6553.76,550.47,11.98,6593.77,74,69,68.1,545,11,547.7,11.1,547.4,0,545.9,51.4,25.9,25.5,11.9,11.6,25.8,25.5,11.9,11.6,230.9,231.7,234,58,57.3,57,0,0,0,0,0,0,0,0,0,0,0,0,0,0,0,0,0,74,0,OK
9时55分31秒,46/79 静置,549.38,25.92,14242.64,550.05,25.94,14266.3,549.85,11.92,6553.08,550.74,11.87,6536.29,74,69,68.1,546,10.6,549.3,11.1,547.7,0,549.6,51.4,26,25.4,11.9,11.7,25.8,25.4,11.9,11.7,230.8,231.6,233.9,58.2,57.5,57.2,0,0,0,0,0,0,0,0,0,0,0,0,0,0,0,0,0,74,0,OK
9时55分36秒,46/79 静置,549.38,25.92,14242.64,550.05,25.94,14266.3,549.85,11.92,6553.08,550.74,11.87,6536.29,74,69,68.1,546,10.6,549.3,11.1,547.7,0,549.6,51.4,26,25.4,11.9,11.7,25.8,25.4,11.9,11.7,230.8,231.6,233.9,58.2,57.5,57.2,0,0,0,0,0,0,0,0,0,0,0,0,0,0,0,0,0,74,0,OK
9时55分41秒,46/79 静置,543.36,26.04,14150.06,549.77,25.89,14235.05,549.03,11.98,6578.7,548,11.98,6567.46,74,69,68.1,546.7,10.9,546,11.1,546.4,0,546.2,51.4,25.9,25.5,12,11.7,26,25.4,11.8,11.7,230.6,231.6,233.9,58.1,57.4,57.1,0,0,0,0,0,0,0,0,0,0,0,0,0,0,0,0,0,74,0,OK
9时55分46秒,46/79 静置,543.36,26.04,14150.06,549.77,25.89,14235.05,549.03,11.98,6578.7,548,11.98,6567.46,74,69,68.1,546.7,10.9,546,11.1,546.4,0,546.2,51.4,25.9,25.5,12,11.7,26,25.4,11.8,11.7,230.6,231.6,233.9,58.1,57.4,57.1,0,0,0,0,0,0,0,0,0,0,0,0,0,0,0,0,0,74,0,OK
9时55分51秒,46/79 静置,548.56,26,14264.18,550.05,25.94,14266.3,551.49,11.72,6463.3,545.54,11.98,6533.65,74,69,68.1,547.8,11,548,11.2,548.3,0,551.6,51.4,25.7,25.5,11.9,11.7,25.8,25.4,11.8,11.7,230.3,231.8,234.6,58.1,57.3,56.9,0,0,0,0,0,0,0,0,0,0,0,0,0,0,0,0,0,74,0,OK
9时55分56秒,46/79 静置,548.56,26,14264.18,550.05,25.94,14266.3,551.49,11.72,6463.3,545.54,11.98,6533.65,74,69,68.1,547.8,11,548,11.2,548.3,0,551.6,51.4,25.7,25.5,11.9,11.7,25.8,25.4,11.8,11.7,230.3,231.8,234.6,58.1,57.3,56.9,0,0,0,0,0,0,0,0,0,0,0,0,0,0,0,0,0,74,0,OK
9时56分01秒,46/79 静置,547.74,25.96,14221.43,550.05,25.89,14243.21,549.85,11.79,6483.81,547.18,12.01,6573.1,74,69,68.1,546.9,10.8,547.8,11,546.5,0,547.8,51.4,25.9,25.5,12,11.8,25.9,25.4,11.9,11.8,231.2,231.4,233.6,57.8,57.2,56.9,0,0,0,0,0,0,0,0,0,0,0,0,0,0,0,0,0,74,0,OK
9时56分06秒,46/79 静置,547.74,25.96,14221.43,550.05,25.89,14243.21,549.85,11.79,6483.81,547.18,12.01,6573.1,74,69,68.1,546.9,10.8,547.8,11,546.5,0,547.8,51.4,25.9,25.5,12,11.8,25.9,25.4,11.9,11.8,231.2,231.4,233.6,57.8,57.2,56.9,0,0,0,0,0,0,0,0,0,0,0,0,0,0,0,0,0,74,0,OK
9时56分11秒,46/79 静置,550.48,25.41,13988.28,550.05,25.5,14026.73,553.4,11.32,6263.62,551.56,11.68,6443.69,74,69,68.1,546.7,11,548.8,11.1,547.8,0,547.6,51.4,25.8,25.3,11.8,11.7,25.7,25.3,11.4,11.6,231.2,231.6,233.7,57.9,57.3,57,0,0,0,0,0,0,0,0,0,0,0,0,0,0,0,0,0,74,0,OK
9时56分16秒,46/79 静置,550.48,25.41,13988.28,550.05,25.5,14026.73,553.4,11.32,6263.62,551.56,11.68,6443.69,74,69,68.1,546.7,11,548.8,11.1,547.8,0,547.6,51.4,25.8,25.3,11.8,11.7,25.7,25.3,11.4,11.6,231.2,231.6,233.7,57.9,57.3,57,0,0,0,0,0,0,0,0,0,0,0,0,0,0,0,0,0,74,0,OK
9时56分21秒,46/79 静置,547.74,26.02,14250.85,550.05,25.93,14263.08,547.39,11.91,6521.62,549.1,11.95,6563.43,74,69,68.1,547.2,10.8,547.7,11,547.9,0,549.6,51.4,25.9,25.5,11.9,11.6,25.9,25.3,11.9,11.8,231.2,231.5,233.7,58,57.4,57.1,0,0,0,0,0,0,0,0,0,0,0,0,0,0,0,0,0,74,0,OK
9时56分26秒,46/79 静置,547.74,26.02,14250.85,550.05,25.93,14263.08,547.39,11.91,6521.62,549.1,11.95,6563.43,74,69,68.1,547.2,10.8,547.7,11,547.9,0,549.6,51.4,25.9,25.5,11.9,11.6,25.9,25.3,11.9,11.8,231.2,231.5,233.7,58,57.4,57.1,0,0,0,0,0,0,0,0,0,0,0,0,0,0,0,0,0,74,0,OK
9时56分31秒,46/79 静置,546.92,26.07,14255.63,548.68,25.91,14218.54,550.67,11.89,6545.65,547.45,11.96,6545.93,74,68.9,68.1,545.8,11,548.3,11.1,546.8,0,548.6,51.4,25.9,25.4,11.9,11.7,25.9,25.5,11.9,11.8,230.9,231.2,233.3,58,57.4,57.1,0,0,0,0,0,0,0,0,0,0,0,0,0,0,0,0,0,74,0,OK
9时56分36秒,46/79 静置,546.92,26.07,14255.63,548.68,25.91,14218.54,550.67,11.89,6545.65,547.45,11.96,6545.93,74,68.9,68.1,545.8,11,548.3,11.1,546.8,0,548.6,51.4,25.9,25.4,11.9,11.7,25.9,25.5,11.9,11.8,230.9,231.2,233.3,58,57.4,57.1,0,0,0,0,0,0,0,0,0,0,0,0,0,0,0,0,0,74,0,OK
9时56分41秒,46/79 静置,547.46,26,14233.55,546.77,26.06,14247.99,549.3,12.01,6595.92,545.26,12.01,6550.61,74,68.9,68.1,547.1,11.1,544.8,11.2,544.5,0,544.1,51.4,25.9,25.6,12,11.8,25.9,25.5,12,11.8,231.2,231.5,233.5,58.1,57.5,57.2,0,0,0,0,0,0,0,0,0,0,0,0,0,0,0,0,0,74,0,OK
9时56分46秒,46/79 静置,547.46,26,14233.55,546.77,26.06,14247.99,549.3,12.01,6595.92,545.26,12.01,6550.61,74,68.9,68.1,547.1,11.1,544.8,11.2,544.5,0,544.1,51.4,25.9,25.6,12,11.8,25.9,25.5,12,11.8,231.2,231.5,233.5,58.1,57.5,57.2,0,0,0,0,0,0,0,0,0,0,0,0,0,0,0,0,0,74,0,OK
9时56分51秒,46/79 静置,549.93,25.9,14241.27,549.77,25.87,14223.24,549.03,11.99,6582.99,547.73,11.98,6559.36,74,68.9,68.1,547.1,10.9,550.6,11,547.1,0,549.1,51.4,25.9,24.9,12,11.7,25.9,25.5,11.9,11.8,231,231.2,233.3,58.1,57.5,57.2,0,0,0,0,0,0,0,0,0,0,0,0,0,0,0,0,0,74,0,OK
9时56分56秒,46/79 静置,549.93,25.9,14241.27,549.77,25.87,14223.24,549.03,11.99,6582.99,547.73,11.98,6559.36,74,68.9,68.1,547.1,10.9,550.6,11,547.1,0,549.1,51.4,25.9,24.9,12,11.7,25.9,25.5,11.9,11.8,231,231.2,233.3,58.1,57.5,57.2,0,0,0,0,0,0,0,0,0,0,0,0,0,0,0,0,0,74,0,OK
9时57分01秒,46/79 静置,544.72,26.05,14191.03,539.66,26.19,14133.43,548.21,12.03,6595.64,540.06,12.07,6519.19,74,68.9,68,543.6,10.9,541.7,10.9,547.4,0,540,51.4,26,25.6,11.9,11.9,26,25.7,11.9,11.9,231.1,231.3,233.4,57.9,57.3,57,0,0,0,0,0,0,0,0,0,0,0,0,0,0,0,0,0,74,0,OK
9时57分06秒,46/79 静置,544.72,26.05,14191.03,539.66,26.19,14133.43,548.21,12.03,6595.64,540.06,12.07,6519.19,74,68.9,68,543.6,10.9,541.7,10.9,547.4,0,540,51.4,26,25.6,11.9,11.9,26,25.7,11.9,11.9,231.1,231.3,233.4,57.9,57.3,57,0,0,0,0,0,0,0,0,0,0,0,0,0,0,0,0,0,74,0,OK
9时57分11秒,46/79 静置,544.18,26.04,14171.45,542.94,26.09,14163.11,548.48,12,6581.79,544.17,12.01,6536.38,74,68.9,68,546.4,10.9,545.8,11,545.8,0,545.5,51.4,25.9,25.5,11.9,11.8,26,25.6,11.9,11.8,231.5,231.6,233.6,58,57.4,57.1,0,0,0,0,0,0,0,0,0,0,0,0,0,0,0,0,0,74,0,OK
9时57分16秒,46/79 静置,544.18,26.04,14171.45,542.94,26.09,14163.11,548.48,12,6581.79,544.17,12.01,6536.38,74,68.9,68,546.4,10.9,545.8,11,545.8,0,545.5,51.4,25.9,25.5,11.9,11.8,26,25.6,11.9,11.8,231.5,231.6,233.6,58,57.4,57.1,0,0,0,0,0,0,0,0,0,0,0,0,0,0,0,0,0,74,0,OK
9时57分21秒,46/79 静置,550.48,25.67,14129.67,550.05,25.89,14243.21,549.58,11.97,6576.13,548.82,11.96,6561.22,74,68.9,68,548.2,10.8,549.1,11,548.7,0,549.5,51.4,25.5,25.3,11.8,11.7,25.8,25.5,11.9,11.7,231.3,231.6,233.5,58,57.4,57.1,0,0,0,0,0,0,0,0,0,0,0,0,0,0,0,0,0,74,0,OK
9时57分26秒,46/79 静置,550.48,25.67,14129.67,550.05,25.89,14243.21,549.58,11.97,6576.13,548.82,11.96,6561.22,74,68.9,68,548.2,10.8,549.1,11,548.7,0,549.5,51.4,25.5,25.3,11.8,11.7,25.8,25.5,11.9,11.7,231.3,231.6,233.5,58,57.4,57.1,0,0,0,0,0,0,0,0,0,0,0,0,0,0,0,0,0,74,0,OK
9时57分31秒,46/79 静置,549.11,26,14275.24,548.41,25.98,14248.95,550.94,11.85,6528.99,549.65,12,6596.28,74,68.9,68,548.3,11.1,550,11.1,547.9,0,545.7,51.4,25.6,25.1,11.9,11.8,25.8,25.3,11.9,11.8,231.2,231.5,233.5,57.9,57.3,57,0,0,0,0,0,0,0,0,0,0,0,0,0,0,0,0,0,74,0,OK
9时57分36秒,46/79 静置,549.11,26,14275.24,548.41,25.98,14248.95,550.94,11.85,6528.99,549.65,12,6596.28,74,68.9,68,548.3,11.1,550,11.1,547.9,0,545.7,51.4,25.6,25.1,11.9,11.8,25.8,25.3,11.9,11.8,231.2,231.5,233.5,57.9,57.3,57,0,0,0,0,0,0,0,0,0,0,0,0,0,0,0,0,0,74,0,OK
9时57分41秒,46/79 静置,547.19,26.11,14285.22,546.22,26.1,14257.21,547.94,11.98,6566.67,544.44,12.05,6560.93,74,68.8,68,539.4,10.9,542.1,11.1,545.7,0,541.3,51.4,26.1,25.6,11.9,11.8,25.9,25.5,11.9,11.8,231.5,231.8,233.7,57.9,57.4,57.1,0,0,0,0,0,0,0,0,0,0,0,0,0,0,0,0,0,74,0,OK
9时57分46秒,46/79 静置,547.19,26.11,14285.22,546.22,26.1,14257.21,547.94,11.98,6566.67,544.44,12.05,6560.93,74,68.8,68,539.4,10.9,542.1,11.1,545.7,0,541.3,51.4,26.1,25.6,11.9,11.8,25.9,25.5,11.9,11.8,231.5,231.8,233.7,57.9,57.4,57.1,0,0,0,0,0,0,0,0,0,0,0,0,0,0,0,0,0,74,0,OK
9时57分51秒,46/79 静置,546.64,25.96,14188.68,550.87,25.99,14314.48,546.57,11.98,6547.61,546.08,12,6552.47,74,68.8,68,547.5,11,548.6,11,548.7,0,548,51.4,25.8,25.4,11.9,11.6,25.8,25.4,11.8,11.6,231.4,231.9,233.7,57.2,56.6,56.3,0,0,0,0,0,0,0,0,0,0,0,0,0,0,0,0,0,74,0,OK
9时57分56秒,46/79 静置,546.64,25.96,14188.68,550.87,25.99,14314.48,546.57,11.98,6547.61,546.08,12,6552.47,74,68.8,68,547.5,11,548.6,11,548.7,0,548,51.4,25.8,25.4,11.9,11.6,25.8,25.4,11.8,11.6,231.4,231.9,233.7,57.2,56.6,56.3,0,0,0,0,0,0,0,0,0,0,0,0,0,0,0,0,0,74,0,OK
9时58分01秒,46/79 静置,549.66,25.95,14262.64,549.23,25.89,14218.75,551.76,11.7,6453.04,551.29,11.77,6489.49,74,68.8,68,548.4,10.9,550.2,10.9,547.7,0,548.7,51.4,25.7,25.1,11.9,11.6,25.9,25.5,11.8,11.6,231.2,231.6,233.6,57.8,57.2,56.9,0,0,0,0,0,0,0,0,0,0,0,0,0,0,0,0,0,74,0,OK
9时58分06秒,46/79 静置,549.66,25.95,14262.64,549.23,25.89,14218.75,551.76,11.7,6453.04,551.29,11.77,6489.49,74,68.8,68,548.4,10.9,550.2,10.9,547.7,0,548.7,51.4,25.7,25.1,11.9,11.6,25.9,25.5,11.8,11.6,231.2,231.6,233.6,57.8,57.2,56.9,0,0,0,0,0,0,0,0,0,0,0,0,0,0,0,0,0,74,0,OK
9时58分11秒,46/79 静置,546.37,26.04,14230.14,546.49,26.05,14233.93,547.66,11.97,6556.97,548.28,11.99,6572.34,74,68.8,68,547.1,11.1,548.7,11.2,547.9,0,547.9,51.4,25.8,25.3,12,11.6,26,25.4,12,11.6,231.7,231.7,233.4,57.8,57.3,57,0,0,0,0,0,0,0,0,0,0,0,0,0,0,0,0,0,74,0,OK
9时58分16秒,46/79 静置,546.37,26.04,14230.14,546.49,26.05,14233.93,547.66,11.97,6556.97,548.28,11.99,6572.34,74,68.8,68,547.1,11.1,548.7,11.2,547.9,0,547.9,51.4,25.8,25.3,12,11.6,26,25.4,12,11.6,231.7,231.7,233.4,57.8,57.3,57,0,0,0,0,0,0,0,0,0,0,0,0,0,0,0,0,0,74,0,OK
9时58分21秒,46/79 静置,549.93,25.8,14185.96,542.67,26.12,14177.17,542.74,12.05,6541.52,543.62,12.05,6548.91,74,68.8,68,547.3,10.9,544.3,11,542.7,0,543.3,51.4,25.9,25.6,12,11.9,25.9,25.6,12,11.9,230.8,231.7,233.9,58.1,57.3,57,0,0,0,0,0,0,0,0,0,0,0,0,0,0,0,0,0,74,0,OK
9时58分26秒,46/79 静置,549.93,25.8,14185.96,542.67,26.12,14177.17,542.74,12.05,6541.52,543.62,12.05,6548.91,74,68.8,68,547.3,10.9,544.3,11,542.7,0,543.3,51.4,25.9,25.6,12,11.9,25.9,25.6,12,11.9,230.8,231.7,233.9,58.1,57.3,57,0,0,0,0,0,0,0,0,0,0,0,0,0,0,0,0,0,74,0,OK
9时58分31秒,46/79 静置,549.93,25.87,14224.62,547.31,26.02,14239.77,546.84,12.02,6571.71,547.18,12,6563.48,74,68.8,68,547.2,10.9,546.4,11,545.3,0,546.8,51.4,25.8,25.5,12,11.8,25.6,25.5,12,11.8,231,231.9,234,58.1,57.4,57.1,0,0,0,0,0,0,0,0,0,0,0,0,0,0,0,0,0,74,0,OK
9时58分36秒,46/79 静置,549.93,25.87,14224.62,547.31,26.02,14239.77,546.84,12.02,6571.71,547.18,12,6563.48,74,68.8,68,547.2,10.9,546.4,11,545.3,0,546.8,51.4,25.8,25.5,12,11.8,25.6,25.5,12,11.8,231,231.9,234,58.1,57.4,57.1,0,0,0,0,0,0,0,0,0,0,0,0,0,0,0,0,0,74,0,OK
9时58分41秒,46/79 静置,541.71,26.1,14139.5,540.48,26.16,14140.64,547.12,12.01,6572.33,550.19,11.91,6554.5,74,68.8,68,545.3,11.1,545.9,11.1,546.9,0,547.7,51.4,25.9,25.5,11.9,11.8,26,25.6,12,11.8,231,231.8,234,58.1,57.4,57.1,0,0,0,0,0,0,0,0,0,0,0,0,0,0,0,0,0,74,0,OK
9时58分46秒,46/79 静置,541.71,26.1,14139.5,540.48,26.16,14140.64,547.12,12.01,6572.33,550.19,11.91,6554.5,74,68.8,68,545.3,11.1,545.9,11.1,546.9,0,547.7,51.4,25.9,25.5,11.9,11.8,26,25.6,12,11.8,231,231.8,234,58.1,57.4,57.1,0,0,0,0,0,0,0,0,0,0,0,0,0,0,0,0,0,74,0,OK
9时58分51秒,46/79 静置,548.56,25.92,14216.5,544.85,26.03,14180.56,550.4,11.9,6552.07,547.18,11.98,6556.54,74,68.8,68,547.9,10.9,548.4,11.1,548.5,0,548.4,51.4,25.6,25.4,11.8,11.7,25.9,25.5,11.9,11.7,230.9,231.7,234.2,57.8,57.1,56.8,0,0,0,0,0,0,0,0,0,0,0,0,0,0,0,0,0,74,0,OK
9时58分57秒,46/79 静置,548.56,25.92,14216.5,544.85,26.03,14180.56,550.4,11.9,6552.07,547.18,11.98,6556.54,74,68.8,68,547.9,10.9,548.4,11.1,548.5,0,548.4,51.4,25.6,25.4,11.8,11.7,25.9,25.5,11.9,11.7,230.9,231.7,234.2,57.8,57.1,56.8,0,0,0,0,0,0,0,0,0,0,0,0,0,0,0,0,0,74,0,OK
9时59分02秒,46/79 静置,545.55,26.08,14225.77,549.23,26.01,14287.94,546.57,12.01,6565.23,548,11.96,6554.62,74,68.8,68,545.5,10.9,546.1,11.1,546.6,0,548.8,51.4,25.9,25.5,11.9,11.8,26,25.4,12,11.8,231,231.8,234.3,57.9,57.2,56.9,0,0,0,0,0,0,0,0,0,0,0,0,0,0,0,0,0,74,0,OK
9时59分07秒,46/79 静置,545.55,26.08,14225.77,549.23,26.01,14287.94,546.57,12.01,6565.23,548,11.96,6554.62,74,68.8,68,545.5,10.9,546.1,11.1,546.6,0,548.8,51.4,25.9,25.5,11.9,11.8,26,25.4,12,11.8,231,231.8,234.3,57.9,57.2,56.9,0,0,0,0,0,0,0,0,0,0,0,0,0,0,0,0,0,74,0,OK
9时59分12秒,46/79 静置,550.75,25.68,14143.7,550.87,25.75,14182.14,547.94,11.92,6530.28,548.82,11.93,6545.68,74,68.8,68,547.3,11.1,548.8,11.2,547.3,0,547.5,51.4,25.8,25.4,11.9,11.7,25.8,25.3,11.9,11.7,230.6,231.5,234,58.1,57.3,57,0,0,0,0,0,0,0,0,0,0,0,0,0,0,0,0,0,74,0,OK
9时59分17秒,46/79 静置,550.75,25.68,14143.7,550.87,25.75,14182.14,547.94,11.92,6530.28,548.82,11.93,6545.68,74,68.8,68,547.3,11.1,548.8,11.2,547.3,0,547.5,51.4,25.8,25.4,11.9,11.7,25.8,25.3,11.9,11.7,230.6,231.5,234,58.1,57.3,57,0,0,0,0,0,0,0,0,0,0,0,0,0,0,0,0,0,74,0,OK
9时59分22秒,46/79 静置,549.38,25.95,14253.91,548.13,25.94,14216.68,549.85,11.94,6567.58,549.92,11.96,6578.08,74,68.8,68,544.9,11,546.7,11.1,543.7,0,543.9,51.4,26,25.5,12,11.5,25.9,25.5,11.7,11.5,230.7,231.6,234.1,57.8,57.1,56.8,0,0,0,0,0,0,0,0,0,0,0,0,0,0,0,0,0,74,0,OK
9时59分27秒,46/79 静置,549.38,25.95,14253.91,548.13,25.94,14216.68,549.85,11.94,6567.58,549.92,11.96,6578.08,74,68.8,68,544.9,11,546.7,11.1,543.7,0,543.9,51.4,26,25.5,12,11.5,25.9,25.5,11.7,11.5,230.7,231.6,234.1,57.8,57.1,56.8,0,0,0,0,0,0,0,0,0,0,0,0,0,0,0,0,0,74,0,OK
9时59分32秒,46/79 静置,544.72,26.13,14233.06,546.49,26.13,14279.83,548.21,12.02,6589.75,547.45,11.99,6565.17,74,68.8,68,541.3,11.1,543,11.2,543.3,0,545.5,51.4,26.1,25.6,12,11.8,26,25.6,12,11.8,230.9,231.6,234.2,58.1,57.4,57.1,0,0,0,0,0,0,0,0,0,0,0,0,0,0,0,0,0,74,0,OK
9时59分37秒,46/79 静置,544.72,26.13,14233.06,546.49,26.13,14279.83,548.21,12.02,6589.75,547.45,11.99,6565.17,74,68.8,68,541.3,11.1,543,11.2,543.3,0,545.5,51.4,26.1,25.6,12,11.8,26,25.6,12,11.8,230.9,231.6,234.2,58.1,57.4,57.1,0,0,0,0,0,0,0,0,0,0,0,0,0,0,0,0,0,74,0,OK
9时59分42秒,46/79 静置,549.66,26,14293.77,550.05,25.69,14131.48,550.4,11.76,6471.45,550.19,11.99,6596.41,74,68.8,68.1,546.1,11,549,10.9,548.8,0,547.5,51.4,25.9,25.3,11.8,11.7,25.9,25.4,11.9,11.7,230.7,231.8,234.1,58.2,57.5,57.2,0,0,0,0,0,0,0,0,0,0,0,0,0,0,0,0,0,74,0,OK
9时59分47秒,46/79 静置,549.66,26,14293.77,550.05,25.69,14131.48,550.4,11.76,6471.45,550.19,11.99,6596.41,74,68.8,68.1,546.1,11,549,10.9,548.8,0,547.5,51.4,25.9,25.3,11.8,11.7,25.9,25.4,11.9,11.7,230.7,231.8,234.1,58.2,57.5,57.2,0,0,0,0,0,0,0,0,0,0,0,0,0,0,0,0,0,74,0,OK
9时59分52秒,46/79 静置,545,26.04,14193.39,549.23,25.94,14248.25,542.19,12.05,6535.45,545.81,11.98,6539.07,74,68.8,68.1,547.8,10.9,549.8,11.1,546.2,0,549.3,51.4,25.8,25.3,11.9,11.8,25.9,25.4,12,11.8,230.6,231.6,234.1,58.2,57.4,57.1,0,0,0,0,0,0,0,0,0,0,0,0,0,0,0,0,0,74,0,OK
9时59分57秒,46/79 静置,545,26.04,14193.39,549.23,25.94,14248.25,542.19,12.05,6535.45,545.81,11.98,6539.07,74,68.8,68.1,547.8,10.9,549.8,11.1,546.2,0,549.3,51.4,25.8,25.3,11.9,11.8,25.9,25.4,12,11.8,230.6,231.6,234.1,58.2,57.4,57.1,0,0,0,0,0,0,0,0,0,0,0,0,0,0,0,0,0,74,0,OK
10时00分02秒,46/79 静置,547.46,26.08,14275.25,544.03,26.1,14201.21,543.01,12.06,6546.4,546.36,12.03,6574.44,74,68.8,68.1,542.7,10.9,542.4,11.1,543.2,0,545.6,51.4,26,25.6,12,11.8,26,25.6,12,11.8,230.7,231.6,233.9,58.2,57.5,57.2,0,0,0,0,0,0,0,0,0,0,0,0,0,0,0,0,0,74,0,OK
10时00分07秒,46/79 静置,547.46,26.08,14275.25,544.03,26.1,14201.21,543.01,12.06,6546.4,546.36,12.03,6574.44,74,68.8,68.1,542.7,10.9,542.4,11.1,543.2,0,545.6,51.4,26,25.6,12,11.8,26,25.6,12,11.8,230.7,231.6,233.9,58.2,57.5,57.2,0,0,0,0,0,0,0,0,0,0,0,0,0,0,0,0,0,74,0,OK
10时00分12秒,46/79 静置,550.21,25.94,14271.48,546.49,26.06,14244.07,550.4,11.88,6541.32,547.45,12.03,6584.42,74,68.8,68,548,10.8,547.8,11,545.3,0,544.7,51.4,25.7,25.4,12,11.8,25.9,25.6,12,11.8,231,231.7,234.2,58,57.3,57,0,0,0,0,0,0,0,0,0,0,0,0,0,0,0,0,0,74,0,OK
10时00分17秒,46/79 静置,550.21,25.94,14271.48,546.49,26.06,14244.07,550.4,11.88,6541.32,547.45,12.03,6584.42,74,68.8,68,548,10.8,547.8,11,545.3,0,544.7,51.4,25.7,25.4,12,11.8,25.9,25.6,12,11.8,231,231.7,234.2,58,57.3,57,0,0,0,0,0,0,0,0,0,0,0,0,0,0,0,0,0,74,0,OK
10时00分22秒,46/79 静置,550.75,25.23,13895.75,547.04,26.06,14254.56,551.49,11.79,6500.46,546.36,11.99,6549.9,74,68.8,68,547.7,10.9,547.5,11,548,0,549.3,51.4,25.6,25.5,11.9,11.7,25.6,25.4,11.8,11.8,230.7,231.7,234,58.2,57.4,57.1,0,0,0,0,0,0,0,0,0,0,0,0,0,0,0,0,0,74,0,OK
10时00分27秒,46/79 静置,550.75,25.23,13895.75,547.04,26.06,14254.56,551.49,11.79,6500.46,546.36,11.99,6549.9,74,68.8,68,547.7,10.9,547.5,11,548,0,549.3,51.4,25.6,25.5,11.9,11.7,25.6,25.4,11.8,11.8,230.7,231.7,234,58.2,57.4,57.1,0,0,0,0,0,0,0,0,0,0,0,0,0,0,0,0,0,74,0,OK
10时00分32秒,46/79 静置,551.03,25.93,14285.81,545.4,25.95,14152.71,545.47,12,6547.83,545.81,11.99,6541.73,74,68.8,68,548.1,10.8,549.6,10.9,547.4,0,547.8,51.4,25.7,25.3,11.9,11.8,25.8,25.4,12,11.8,230.6,231.4,234,58.3,57.5,57.2,0,0,0,0,0,0,0,0,0,0,0,0,0,0,0,0,0,74,0,OK
10时00分37秒,46/79 静置,551.03,25.93,14285.81,545.4,25.95,14152.71,545.47,12,6547.83,545.81,11.99,6541.73,74,68.8,68,548.1,10.8,549.6,10.9,547.4,0,547.8,51.4,25.7,25.3,11.9,11.8,25.8,25.4,12,11.8,230.6,231.4,234,58.3,57.5,57.2,0,0,0,0,0,0,0,0,0,0,0,0,0,0,0,0,0,74,0,OK
10时00分42秒,46/79 静置,549.38,25.97,14269.47,549.23,25.96,14255.75,540.01,11.98,6471.12,544.44,12.04,6553.49,74,68.8,68,546.3,10.7,547.3,10.8,549.5,0,546.8,51.4,25.9,25.5,11.8,11.8,25.9,25.5,12,11.8,231,231.7,234.1,58,57.3,57,0,0,0,0,0,0,0,0,0,0,0,0,0,0,0,0,0,74,0,OK
10时00分47秒,46/79 静置,549.38,25.97,14269.47,549.23,25.96,14255.75,540.01,11.98,6471.12,544.44,12.04,6553.49,74,68.8,68,546.3,10.7,547.3,10.8,549.5,0,546.8,51.4,25.9,25.5,11.8,11.8,25.9,25.5,12,11.8,231,231.7,234.1,58,57.3,57,0,0,0,0,0,0,0,0,0,0,0,0,0,0,0,0,0,74,0,OK
10时00分52秒,46/79 静置,548.01,26.04,14267.6,548.95,26.04,14293.71,546.57,12,6559.89,546.08,11.99,6548.21,74,68.8,68,546.7,11.1,548.3,11.2,547.5,0,547.6,51.4,25.9,25.4,11.9,11.7,25.9,25.5,12,11.8,231,231.6,234,58.1,57.4,57.1,0,0,0,0,0,0,0,0,0,0,0,0,0,0,0,0,0,74,0,OK
10时00分57秒,46/79 静置,548.01,26.04,14267.6,548.95,26.04,14293.71,546.57,12,6559.89,546.08,11.99,6548.21,74,68.8,68,546.7,11.1,548.3,11.2,547.5,0,547.6,51.4,25.9,25.4,11.9,11.7,25.9,25.5,12,11.8,231,231.6,234,58.1,57.4,57.1,0,0,0,0,0,0,0,0,0,0,0,0,0,0,0,0,0,74,0,OK
10时01分02秒,46/79 静置,550.21,25.81,14201.63,550.32,25.85,14226.1,540.01,11.99,6473.75,549.92,11.99,6594.73,74,68.7,68,546.4,10.9,547.3,11.1,549.2,0,549.6,51.4,25.9,25.5,12,11.8,25.8,25.4,12,11.8,231.2,231.7,234.2,58,57.3,57,0,0,0,0,0,0,0,0,0,0,0,0,0,0,0,0,0,74,0,OK
10时01分07秒,46/79 静置,550.21,25.81,14201.63,550.32,25.85,14226.1,540.01,11.99,6473.75,549.92,11.99,6594.73,74,68.7,68,546.4,10.9,547.3,11.1,549.2,0,549.6,51.4,25.9,25.5,12,11.8,25.8,25.4,12,11.8,231.2,231.7,234.2,58,57.3,57,0,0,0,0,0,0,0,0,0,0,0,0,0,0,0,0,0,74,0,OK
10时01分07秒,46/79 静置,550.21,25.81,14201.63,550.32,25.85,14226.1,540.01,11.99,6473.75,549.92,11.99,6594.73,74,68.7,68,546.4,10.9,547.3,11.1,549.2,0,549.6,51.4,25.9,25.5,12,11.8,25.8,25.4,12,11.8,231.2,231.7,234.2,58,57.3,57,0,0,0,0,0,0,0,0,0,0,0,0,0,0,0,0,0,74,0,OK
10时01分12秒,47/79 Modbus写入,599.8,0.05,31.63,599.79,0.08,48.03,599.88,0.05,31.63,599.77,0.05,31.63,74,68.7,67.9,598.5,0,599.5,0,600,0,600.3,51.4,0,0,0,0,0,0,0,0,230.6,230.8,233.3,0,0,0,0,0,0,0,0,0,0,0,0,0,0,0,0,0,0,0,0,74,0,OK
10时01分12秒,47/79 Modbus写入,599.8,0.05,31.63,599.79,0.08,48.03,599.88,0.05,31.63,599.77,0.05,31.63,74,68.7,67.9,598.5,0,599.5,0,600,0,600.3,51.4,0,0,0,0,0,0,0,0,230.6,230.8,233.3,0,0,0,0,0,0,0,0,0,0,0,0,0,0,0,0,0,0,0,0,74,0,OK
10时03分21秒,49/79 停止采集,,,,,,,,,,,,,,,,,,,,,,,,,,,,,,,,,,,,,,,,,,,,,,,,,,,,,,,0,0,OK
10时03分31秒,36/79 开始采集,599.8,0.05,31.63,599.79,0.07,43.34,599.88,0.04,26.95,599.77,0.05,31.63,73,62.7,58.8,598.6,0,599.5,0,600.1,0,600.1,51.4,0,0,0,0,0,0,0,0,231.5,230.9,231.2,0,0,0,1,0,0,0,0,0,0,0,0,0,0,0,0,0,0,0,0,73,0,OK
10时03分31秒,36/79 开始采集,599.8,0.05,31.63,599.79,0.07,43.34,599.88,0.04,26.95,599.77,0.05,31.63,73,62.7,58.8,598.6,0,599.5,0,600.1,0,600.1,51.4,0,0,0,0,0,0,0,0,231.5,230.9,231.2,0,0,0,1,0,0,0,0,0,0,0,0,0,0,0,0,0,0,0,0,73,0,OK
10时03分36秒,36/79 开始采集,599.8,0.05,31.63,599.79,0.07,43.34,599.88,0.04,26.95,599.77,0.05,31.63,73,62.2,58.3,598.6,0,599.5,0,600.1,0,600.2,51.4,0,0,0,0,0,0,0,0,231.6,231.2,231.5,0,0,0,1,0,0,0,0,0,0,0,0,0,0,0,0,0,0,0,0,73,0,OK
10时03分36秒,36/79 开始采集,599.8,0.05,31.63,599.79,0.07,43.34,599.88,0.04,26.95,599.77,0.05,31.63,73,62.2,58.3,598.6,0,599.5,0,600.1,0,600.2,51.4,0,0,0,0,0,0,0,0,231.6,231.2,231.5,0,0,0,1,0,0,0,0,0,0,0,0,0,0,0,0,0,0,0,0,73,0,OK
10时03分41秒,36/79 开始采集,599.8,0.05,31.63,599.79,0.07,43.34,599.88,0.04,26.95,599.77,0.05,31.63,73,62.2,58.3,598.6,0,599.5,0,600.1,0,600.2,51.4,0,0,0,0,0,0,0,0,231.6,231.2,231.5,0,0,0,1,0,0,0,0,0,0,0,0,0,0,0,0,0,0,0,0,73,0,OK
10时03分42秒,36/79 开始采集,599.8,0.05,31.63,599.79,0.07,43.34,599.88,0.04,26.95,599.77,0.05,31.63,73,62.2,58.3,598.6,0,599.5,0,600.1,0,600.2,51.4,0,0,0,0,0,0,0,0,231.6,231.2,231.5,0,0,0,1,0,0,0,0,0,0,0,0,0,0,0,0,0,0,0,0,73,0,OK
10时03分47秒,43/79 Modbus写入,599.8,0.05,31.63,599.79,0.07,43.34,599.88,0.04,25.19,599.77,0.05,31.63,74,61.8,57.9,598.6,0,599.6,0,600.1,0,600.3,51.4,0,0,0,0,0,0,0,0,230.7,230.8,232.7,0,0,0,1,0,0,0,0,0,0,0,0,0,0,0,0,0,0,0,0,74,0,OK
10时03分52秒,43/79 Modbus写入,599.8,0.05,31.63,599.79,0.07,43.34,599.88,0.04,25.19,599.77,0.05,31.63,74,61.8,57.9,598.6,0,599.6,0,600.1,0,600.3,51.4,0,0,0,0,0,0,0,0,230.7,230.8,232.7,0,0,0,1,0,0,0,0,0,0,0,0,0,0,0,0,0,0,0,0,74,0,OK
10时03分57秒,44/79 静置,599.8,0.05,31.63,599.79,0.07,41,599.88,0.04,26.95,599.77,0.05,31.63,74,61.4,57.6,598.6,0,599.5,0,600.1,0,600.3,51.4,0,0,0,0,0,0,0,0,230.6,231.3,232.8,0,0,0,1,0,0,0,0,0,0,0,0,0,0,0,0,0,0,0,0,74,0,OK
10时04分02秒,44/79 静置,599.8,0.05,31.63,599.79,0.07,41,599.88,0.04,26.95,599.77,0.05,31.63,74,61.4,57.6,598.6,0,599.5,0,600.1,0,600.3,51.4,0,0,0,0,0,0,0,0,230.6,231.3,232.8,0,0,0,1,0,0,0,0,0,0,0,0,0,0,0,0,0,0,0,0,74,0,OK
10时04分07秒,44/79 静置,599.8,0.05,31.63,599.52,0.05,32.2,599.88,0.03,19.33,600.05,0.05,31.64,74,61.1,57.3,598.7,-0.6,599.6,-0.6,600.1,0,600.3,51.4,0,0,0,0,0,0,0,0,230.7,231.1,233,0,0,0,0,0,0,0,0,0,0,0,0,0,0,0,0,0,0,0,0,74,0,OK
10时04分12秒,44/79 静置,599.8,0.05,31.63,599.52,0.05,32.2,599.88,0.03,19.33,600.05,0.05,31.64,74,61.1,57.3,598.7,-0.6,599.6,-0.6,600.1,0,600.3,51.4,0,0,0,0,0,0,0,0,230.7,231.1,233,0,0,0,0,0,0,0,0,0,0,0,0,0,0,0,0,0,0,0,0,74,0,OK
10时04分17秒,44/79 静置,599.8,0.05,31.63,600.07,0.05,31.64,599.06,0.03,17.55,599.77,0.05,31.63,74,60.8,57.2,598.8,-0.5,599.6,-0.6,600.1,0,600.4,51.4,0,0,0,0,0,0,0,0,230.6,230.9,232.9,0,0,0,0,0,0,0,0,0,0,0,0,0,0,0,0,0,0,0,0,74,0,OK
10时04分22秒,44/79 静置,599.8,0.05,31.63,600.07,0.05,31.64,599.06,0.03,17.55,599.77,0.05,31.63,74,60.8,57.2,598.8,-0.5,599.6,-0.6,600.1,0,600.4,51.4,0,0,0,0,0,0,0,0,230.6,230.9,232.9,0,0,0,0,0,0,0,0,0,0,0,0,0,0,0,0,0,0,0,0,74,0,OK
10时04分27秒,44/79 静置,601.17,0.09,56.95,596.51,0.13,75.15,599.88,0.07,41.59,597.86,0.08,50.21,74,60.6,57.1,598.8,-0.6,599.6,-0.6,600.1,0,600.3,51.4,0,0,0,0,0,0,0,0,230.5,230.8,232.8,1.2,1.1,1.1,0,0,0,0,0,0,0,0,0,0,0,0,0,0,0,0,0,74,0,OK
10时04分32秒,44/79 静置,601.17,0.09,56.95,596.51,0.13,75.15,599.88,0.07,41.59,597.86,0.08,50.21,74,60.6,57.1,598.8,-0.6,599.6,-0.6,600.1,0,600.3,51.4,0,0,0,0,0,0,0,0,230.5,230.8,232.8,1.2,1.1,1.1,0,0,0,0,0,0,0,0,0,0,0,0,0,0,0,0,0,74,0,OK
10时04分37秒,44/79 静置,597.88,0.1,57.8,600.88,0.11,66.31,599.88,0.04,21.68,597.58,0.08,44.94,74,60.3,57.1,599.1,0,599.8,0,600.2,0,600.4,51.4,0,0,0,0,0,0,0,0,230.7,231.1,232.7,0,0,0,0,0,0,0,0,0,0,0,0,0,0,0,0,0,0,0,0,74,0,OK
10时04分42秒,44/79 静置,597.88,0.1,57.8,600.88,0.11,66.31,599.88,0.04,21.68,597.58,0.08,44.94,74,60.3,57.1,599.1,0,599.8,0,600.2,0,600.4,51.4,0,0,0,0,0,0,0,0,230.7,231.1,232.7,0,0,0,0,0,0,0,0,0,0,0,0,0,0,0,0,0,0,0,0,74,0,OK
10时04分47秒,44/79 静置,599.52,0.47,282.78,598.42,0.49,293.37,599.88,0.13,80.26,599.77,0.22,134.13,73,60.3,57.2,598.5,-0.3,599.3,-0.4,599.9,0,600.2,51.4,0.4,0.4,0.2,0.2,0.4,0.4,0.2,0.2,230.4,230.9,232.5,1.9,2,1.9,0,0,0,0,0,0,0,0,0,0,0,0,0,0,0,0,0,73,0,OK
10时04分52秒,44/79 静置,599.52,0.47,282.78,598.42,0.49,293.37,599.88,0.13,80.26,599.77,0.22,134.13,73,60.3,57.2,598.5,-0.3,599.3,-0.4,599.9,0,600.2,51.4,0.4,0.4,0.2,0.2,0.4,0.4,0.2,0.2,230.4,230.9,232.5,1.9,2,1.9,0,0,0,0,0,0,0,0,0,0,0,0,0,0,0,0,0,73,0,OK
10时04分57秒,44/79 静置,599.8,0.83,497.88,599.79,0.87,519.55,599.88,0.42,253.66,599.23,0.44,262.16,73,60,57.2,598.5,-0.3,599.2,-0.1,599.8,0,600.1,51.4,0.7,0.8,0.3,0.3,0.7,0.8,0.3,0.3,230.4,230.7,232.6,2.5,2.5,2.6,0,0,0,0,0,0,0,0,0,0,0,0,0,0,0,0,0,73,0,OK
10时05分02秒,44/79 静置,599.8,0.83,497.88,599.79,0.87,519.55,599.88,0.42,253.66,599.23,0.44,262.16,73,60,57.2,598.5,-0.3,599.2,-0.1,599.8,0,600.1,51.4,0.7,0.8,0.3,0.3,0.7,0.8,0.3,0.3,230.4,230.7,232.6,2.5,2.5,2.6,0,0,0,0,0,0,0,0,0,0,0,0,0,0,0,0,0,73,0,OK
10时05分07秒,44/79 静置,600.35,1.21,728.15,597.61,1.24,743.51,599.88,0.61,367.31,599.77,0.62,369.59,73,59.7,56.9,598.7,0,597.7,-0.1,599.8,0,600.1,51.4,1.1,1.1,0.5,0.5,1.1,1.1,0.5,0.5,230.3,231,232.4,3.3,3.3,3.3,0,0,0,0,0,0,0,0,0,0,0,0,0,0,0,0,0,73,0,OK
10时05分12秒,44/79 静置,600.35,1.21,728.15,597.61,1.24,743.51,599.88,0.61,367.31,599.77,0.62,369.59,73,59.7,56.9,598.7,0,597.7,-0.1,599.8,0,600.1,51.4,1.1,1.1,0.5,0.5,1.1,1.1,0.5,0.5,230.3,231,232.4,3.3,3.3,3.3,0,0,0,0,0,0,0,0,0,0,0,0,0,0,0,0,0,73,0,OK
10时05分17秒,44/79 静置,596.78,1.6,954.04,596.79,1.62,965.7,599.61,0.79,476.64,599.77,0.81,488.49,72,59.2,56.3,595.4,0,596,0,599.8,0,600,51.4,1.5,1.5,0.7,0.7,1.5,1.5,0.7,0.7,230.2,230.9,232.7,4.1,4.1,4.2,0,0,0,0,0,0,0,0,0,0,0,0,0,0,0,0,0,72,0,OK
10时05分22秒,44/79 静置,596.78,1.6,954.04,596.79,1.62,965.7,599.61,0.79,476.64,599.77,0.81,488.49,72,59.2,56.3,595.4,0,596,0,599.8,0,600,51.4,1.5,1.5,0.7,0.7,1.5,1.5,0.7,0.7,230.2,230.9,232.7,4.1,4.1,4.2,0,0,0,0,0,0,0,0,0,0,0,0,0,0,0,0,0,72,0,OK
10时05分27秒,44/79 静置,595.96,1.97,1173.3,595.96,2,1192.51,599.88,0.99,594.61,600.05,0.99,594.77,72,58.8,55.7,594.6,0.2,595.3,0.3,599.8,0,600,51.4,1.9,1.9,0.9,0.9,1.9,1.9,0.9,0.9,230.3,230.8,232.8,5,5,5,0,0,0,0,0,0,0,0,0,0,0,0,0,0,0,0,0,72,0,OK
10时05分32秒,44/79 静置,595.96,1.97,1173.3,595.96,2,1192.51,599.88,0.99,594.61,600.05,0.99,594.77,72,58.8,55.7,594.6,0.2,595.3,0.3,599.8,0,600,51.4,1.9,1.9,0.9,0.9,1.9,1.9,0.9,0.9,230.3,230.8,232.8,5,5,5,0,0,0,0,0,0,0,0,0,0,0,0,0,0,0,0,0,72,0,OK
10时05分37秒,44/79 静置,595.41,2.36,1405.39,595.15,2.39,1425.09,594.96,1.17,698.38,594.02,1.2,711.2,72,58.2,55,593.8,0.4,594.5,0.4,594.7,0,595,51.4,2.3,2.3,1.1,1.1,2.3,2.3,1.1,1.1,230.2,230.8,232.7,5.9,5.9,6,0,0,0,0,0,0,0,0,0,0,0,0,0,0,0,0,0,72,0,OK
10时05分42秒,44/79 静置,595.41,2.36,1405.39,595.15,2.39,1425.09,594.96,1.17,698.38,594.02,1.2,711.2,72,58.2,55,593.8,0.4,594.5,0.4,594.7,0,595,51.4,2.3,2.3,1.1,1.1,2.3,2.3,1.1,1.1,230.2,230.8,232.7,5.9,5.9,6,0,0,0,0,0,0,0,0,0,0,0,0,0,0,0,0,0,72,0,OK
10时05分47秒,44/79 静置,594.59,2.75,1634.55,594.6,2.79,1656.63,593.87,1.37,816.56,594.02,1.39,824.9,72,57.7,54.3,593.1,0.6,593.8,0.5,593.8,0,594.3,51.4,2.6,2.7,1.3,1.3,2.6,2.7,1.3,1.3,230,230.5,232.5,6.9,6.9,6.9,0,0,0,0,0,0,0,0,0,0,0,0,0,0,0,0,0,72,0,OK
10时05分52秒,44/79 静置,594.59,2.75,1634.55,594.6,2.79,1656.63,593.87,1.37,816.56,594.02,1.39,824.9,72,57.7,54.3,593.1,0.6,593.8,0.5,593.8,0,594.3,51.4,2.6,2.7,1.3,1.3,2.6,2.7,1.3,1.3,230,230.5,232.5,6.9,6.9,6.9,0,0,0,0,0,0,0,0,0,0,0,0,0,0,0,0,0,72,0,OK
10时05分57秒,44/79 静置,593.77,3.13,1860.75,593.78,3.18,1888.61,593.32,1.56,927.64,592.65,1.57,931.81,71,57.1,53.7,592.3,0.8,593,0.7,593.1,0,593.4,51.4,3,3,1.5,1.5,3,3,1.5,1.5,230,230.5,232.6,7.9,7.8,7.8,0,0,0,0,0,0,0,0,0,0,0,0,0,0,0,0,0,71,0,OK
10时06分02秒,44/79 静置,593.77,3.13,1860.75,593.78,3.18,1888.61,593.32,1.56,927.64,592.65,1.57,931.81,71,57.1,53.7,592.3,0.8,593,0.7,593.1,0,593.4,51.4,3,3,1.5,1.5,3,3,1.5,1.5,230,230.5,232.6,7.9,7.8,7.8,0,0,0,0,0,0,0,0,0,0,0,0,0,0,0,0,0,71,0,OK
10时06分07秒,44/79 静置,592.95,3.52,2087.48,592.96,3.56,2111.84,592.5,1.77,1047.87,592.38,1.78,1054.59,71,56.5,53,591.5,1,592.3,0.8,592.2,0,592.6,51.4,3.4,3.4,1.7,1.7,3.4,3.4,1.7,1.7,230.1,230.5,232.7,8.8,8.7,8.8,0,0,0,0,0,0,0,0,0,0,0,0,0,0,0,0,0,71,0,OK
10时06分12秒,44/79 静置,592.95,3.52,2087.48,592.96,3.56,2111.84,592.5,1.77,1047.87,592.38,1.78,1054.59,71,56.5,53,591.5,1,592.3,0.8,592.2,0,592.6,51.4,3.4,3.4,1.7,1.7,3.4,3.4,1.7,1.7,230.1,230.5,232.7,8.8,8.7,8.8,0,0,0,0,0,0,0,0,0,0,0,0,0,0,0,0,0,71,0,OK
10时06分17秒,44/79 静置,592.4,3.91,2315.8,592.14,3.96,2344.27,591.68,1.96,1162.55,591.56,1.97,1167.51,71,55.9,52.5,590.7,1.2,591.5,1.1,591.5,0,591.7,51.4,3.8,3.8,1.9,1.9,3.8,3.8,1.9,1.9,230,230.6,232.7,9.7,9.6,9.7,0,0,0,0,0,0,0,0,0,0,0,0,0,0,0,0,0,71,0,OK
10时06分22秒,44/79 静置,592.4,3.91,2315.8,592.14,3.96,2344.27,591.68,1.96,1162.55,591.56,1.97,1167.51,71,55.9,52.5,590.7,1.2,591.5,1.1,591.5,0,591.7,51.4,3.8,3.8,1.9,1.9,3.8,3.8,1.9,1.9,230,230.6,232.7,9.7,9.6,9.7,0,0,0,0,0,0,0,0,0,0,0,0,0,0,0,0,0,71,0,OK
10时06分27秒,44/79 静置,591.58,4.31,2548.29,591.59,4.35,2573.77,590.86,2.17,1282.11,590.73,2.18,1288.77,71,55.3,52,590,1.2,590.8,1.3,590.6,0,590.9,51.4,4.2,4.2,2.1,2.1,4.2,4.2,2.1,2.1,230.1,230.7,232.7,10.7,10.6,10.7,0,0,0,0,0,0,0,0,0,0,0,0,0,0,0,0,0,71,0,OK
10时06分32秒,44/79 静置,591.58,4.31,2548.29,591.59,4.35,2573.77,590.86,2.17,1282.11,590.73,2.18,1288.77,71,55.3,52,590,1.2,590.8,1.3,590.6,0,590.9,51.4,4.2,4.2,2.1,2.1,4.2,4.2,2.1,2.1,230.1,230.7,232.7,10.7,10.6,10.7,0,0,0,0,0,0,0,0,0,0,0,0,0,0,0,0,0,71,0,OK
10时06分37秒,44/79 静置,590.76,4.69,2772.63,590.77,4.74,2800.4,590.04,2.35,1388.66,589.91,2.37,1395.86,71,54.7,51.5,589.3,1.3,590,1.5,589.8,0,590.1,51.4,4.6,4.6,2.3,2.3,4.6,4.6,2.3,2.3,229.9,230.6,232.6,11.7,11.5,11.6,0,0,0,0,0,0,0,0,0,0,0,0,0,0,0,0,0,71,0,OK
10时06分42秒,44/79 静置,590.76,4.69,2772.63,590.77,4.74,2800.4,590.04,2.35,1388.66,589.91,2.37,1395.86,71,54.7,51.5,589.3,1.3,590,1.5,589.8,0,590.1,51.4,4.6,4.6,2.3,2.3,4.6,4.6,2.3,2.3,229.9,230.6,232.6,11.7,11.5,11.6,0,0,0,0,0,0,0,0,0,0,0,0,0,0,0,0,0,71,0,OK
10时06分47秒,44/79 静置,589.93,5.08,2998.64,589.68,5.15,3035.35,589.22,2.55,1504.11,589.36,2.55,1502.76,70,54.2,51.1,588.5,1.7,589.3,1.5,589,0,589.4,51.4,5,5,2.5,2.5,5,5,2.5,2.5,230.3,231,232.9,12.6,12.5,12.5,0,0,0,0,0,0,0,0,0,0,0,0,0,0,0,0,0,70,0,OK
10时06分52秒,44/79 静置,589.93,5.08,2998.64,589.68,5.15,3035.35,589.22,2.55,1504.11,589.36,2.55,1502.76,70,54.2,51.1,588.5,1.7,589.3,1.5,589,0,589.4,51.4,5,5,2.5,2.5,5,5,2.5,2.5,230.3,231,232.9,12.6,12.5,12.5,0,0,0,0,0,0,0,0,0,0,0,0,0,0,0,0,0,70,0,OK
10时06分57秒,44/79 静置,589.11,5.48,3226.31,589.13,5.53,3256.91,588.67,2.75,1615.97,588,2.73,1605.5,70,53.7,50.7,587.7,1.8,588.5,1.8,588.1,0,588.6,51.4,5.4,5.4,2.7,2.7,5.4,5.4,2.7,2.7,230.3,231,233,13.6,13.4,13.5,0,0,0,0,0,0,0,0,0,0,0,0,0,0,0,0,0,70,0,OK
10时07分02秒,44/79 静置,589.11,5.48,3226.31,589.13,5.53,3256.91,588.67,2.75,1615.97,588,2.73,1605.5,70,53.7,50.7,587.7,1.8,588.5,1.8,588.1,0,588.6,51.4,5.4,5.4,2.7,2.7,5.4,5.4,2.7,2.7,230.3,231,233,13.6,13.4,13.5,0,0,0,0,0,0,0,0,0,0,0,0,0,0,0,0,0,70,0,OK
10时07分07秒,44/79 静置,588.56,5.87,3456.09,588.59,5.92,3487.26,587.58,2.94,1729.45,587.45,2.93,1720.46,70,53.2,50.3,587,2,587.7,1.9,587.3,0,587.7,51.4,5.8,5.8,2.8,2.9,5.8,5.8,2.8,2.9,230.3,230.8,233,14.6,14.4,14.4,0,0,0,0,0,0,0,0,0,0,0,0,0,0,0,0,0,70,0,OK
10时07分12秒,44/79 静置,588.56,5.87,3456.09,588.59,5.92,3487.26,587.58,2.94,1729.45,587.45,2.93,1720.46,70,53.2,50.3,587,2,587.7,1.9,587.3,0,587.7,51.4,5.8,5.8,2.8,2.9,5.8,5.8,2.8,2.9,230.3,230.8,233,14.6,14.4,14.4,0,0,0,0,0,0,0,0,0,0,0,0,0,0,0,0,0,70,0,OK
10时07分17秒,44/79 静置,587.74,6.26,3681.42,587.49,6.33,3717.72,586.76,3.14,1842.78,586.62,3.13,1835.49,70,52.8,50,586.2,2.1,587,2.2,586.5,0,586.8,51.4,6.2,6.1,3,3.1,6.2,6.1,3,3.1,230.2,231.1,233.1,15.5,15.3,15.4,0,0,0,0,0,0,0,0,0,0,0,0,0,0,0,0,0,70,0,OK
10时07分22秒,44/79 静置,587.74,6.26,3681.42,587.49,6.33,3717.72,586.76,3.14,1842.78,586.62,3.13,1835.49,70,52.8,50,586.2,2.1,587,2.2,586.5,0,586.8,51.4,6.2,6.1,3,3.1,6.2,6.1,3,3.1,230.2,231.1,233.1,15.5,15.3,15.4,0,0,0,0,0,0,0,0,0,0,0,0,0,0,0,0,0,70,0,OK
10时07分27秒,44/79 静置,586.92,6.67,3912.42,586.95,6.72,3945.83,585.94,3.33,1950.64,585.8,3.33,1951.34,70,52.4,49.8,585.4,2.2,586.2,2.3,585.7,0,586,51.4,6.6,6.5,3.2,3.3,6.6,6.5,3.2,3.3,230,230.6,232.8,16.5,16.3,16.4,0,0,0,0,0,0,0,0,0,0,0,0,0,0,0,0,0,70,0,OK
10时07分32秒,44/79 静置,586.92,6.67,3912.42,586.95,6.72,3945.83,585.94,3.33,1950.64,585.8,3.33,1951.34,70,52.4,49.8,585.4,2.2,586.2,2.3,585.7,0,586,51.4,6.6,6.5,3.2,3.3,6.6,6.5,3.2,3.3,230,230.6,232.8,16.5,16.3,16.4,0,0,0,0,0,0,0,0,0,0,0,0,0,0,0,0,0,70,0,OK
10时07分37秒,44/79 静置,586.37,7.07,4143.54,586.13,7.13,4177.29,585.12,3.53,2067.91,584.98,3.53,2065.72,69,52.1,49.7,584.7,2.5,585.4,2.5,584.8,0,585.2,51.4,6.9,6.9,3.4,3.4,6.9,6.9,3.4,3.4,230.4,230.9,233,17.4,17.2,17.3,0,0,0,0,0,0,0,0,0,0,0,0,0,0,0,0,0,69,0,OK
10时07分42秒,44/79 静置,586.37,7.07,4143.54,586.13,7.13,4177.29,585.12,3.53,2067.91,584.98,3.53,2065.72,69,52.1,49.7,584.7,2.5,585.4,2.5,584.8,0,585.2,51.4,6.9,6.9,3.4,3.4,6.9,6.9,3.4,3.4,230.4,230.9,233,17.4,17.2,17.3,0,0,0,0,0,0,0,0,0,0,0,0,0,0,0,0,0,69,0,OK
10时07分47秒,44/79 静置,585.28,7.46,4363.28,585.31,7.53,4405.8,584.3,3.73,2177.99,584.43,3.73,2179.64,69,51.8,49.5,583.9,2.7,584.7,2.7,584,0,584.4,51.4,7.3,7.3,3.6,3.6,7.3,7.3,3.6,3.6,230.2,231,232.9,18.4,18.2,18.2,0,0,0,0,0,0,0,0,0,0,0,0,0,0,0,0,0,69,0,OK
10时07分52秒,44/79 静置,585.28,7.46,4363.28,585.31,7.53,4405.8,584.3,3.73,2177.99,584.43,3.73,2179.64,69,51.8,49.5,583.9,2.7,584.7,2.7,584,0,584.4,51.4,7.3,7.3,3.6,3.6,7.3,7.3,3.6,3.6,230.2,231,232.9,18.4,18.2,18.2,0,0,0,0,0,0,0,0,0,0,0,0,0,0,0,0,0,69,0,OK
10时07分57秒,44/79 静置,584.73,7.87,4600.17,584.76,7.93,4635.24,583.48,3.92,2287.18,583.34,3.94,2296.32,69,51.5,49.4,583.1,2.9,584,2.8,583.1,0,583.5,51.4,7.7,7.7,3.8,3.8,7.7,7.7,3.8,3.8,230.6,231.1,233.1,19.4,19.1,19.2,0,0,0,0,0,0,0,0,0,0,0,0,0,0,0,0,0,69,0,OK
10时08分02秒,44/79 静置,584.73,7.87,4600.17,584.76,7.93,4635.24,583.48,3.92,2287.18,583.34,3.94,2296.32,69,51.5,49.4,583.1,2.9,584,2.8,583.1,0,583.5,51.4,7.7,7.7,3.8,3.8,7.7,7.7,3.8,3.8,230.6,231.1,233.1,19.4,19.1,19.2,0,0,0,0,0,0,0,0,0,0,0,0,0,0,0,0,0,69,0,OK
10时08分07秒,44/79 静置,583.91,8.26,4824.64,583.39,8.33,4860.28,582.38,4.13,2406.31,582.52,4.13,2407.43,69,51.2,49.3,582.3,3,583.2,3.1,582.3,0,582.7,51.4,8.1,8.1,4,4,8.1,8.1,4,4,230.5,231,233,20.4,20.1,20.1,0,0,0,0,0,0,0,0,0,0,0,0,0,0,0,0,0,69,0,OK
10时08分12秒,44/79 静置,583.91,8.26,4824.64,583.39,8.33,4860.28,582.38,4.13,2406.31,582.52,4.13,2407.43,69,51.2,49.3,582.3,3,583.2,3.1,582.3,0,582.7,51.4,8.1,8.1,4,4,8.1,8.1,4,4,230.5,231,233,20.4,20.1,20.1,0,0,0,0,0,0,0,0,0,0,0,0,0,0,0,0,0,69,0,OK
10时08分17秒,44/79 静置,583.08,8.66,5051.31,583.12,8.73,5092.61,581.56,4.33,2518.21,581.69,4.34,2522.19,69,51,49.2,581.5,3.2,582.4,3.3,581.4,0,581.8,51.4,8.5,8.5,4.2,4.2,8.5,8.5,4.2,4.2,230.4,230.9,232.9,21.3,21.1,21.1,0,0,0,0,0,0,0,0,0,0,0,0,0,0,0,0,0,69,0,OK
10时08分22秒,44/79 静置,583.08,8.66,5051.31,583.12,8.73,5092.61,581.56,4.33,2518.21,581.69,4.34,2522.19,69,51,49.2,581.5,3.2,582.4,3.3,581.4,0,581.8,51.4,8.5,8.5,4.2,4.2,8.5,8.5,4.2,4.2,230.4,230.9,232.9,21.3,21.1,21.1,0,0,0,0,0,0,0,0,0,0,0,0,0,0,0,0,0,69,0,OK
10时08分27秒,44/79 静置,582.26,9.07,5280.73,582.03,9.15,5323.49,580.74,4.54,2636.59,580.87,4.53,2632.08,69,50.8,49.2,580.8,3.4,581.6,3.4,580.5,0,581,51.4,8.9,8.9,4.4,4.4,8.9,8.9,4.4,4.4,230.5,230.9,232.9,22.3,22,22,0,0,0,0,0,0,0,0,0,0,0,0,0,0,0,0,0,69,0,OK
10时08分32秒,44/79 静置,582.26,9.07,5280.73,582.03,9.15,5323.49,580.74,4.54,2636.59,580.87,4.53,2632.08,69,50.8,49.2,580.8,3.4,581.6,3.4,580.5,0,581,51.4,8.9,8.9,4.4,4.4,8.9,8.9,4.4,4.4,230.5,230.9,232.9,22.3,22,22,0,0,0,0,0,0,0,0,0,0,0,0,0,0,0,0,0,69,0,OK
10时08分37秒,44/79 静置,581.71,9.47,5507.54,581.48,9.54,5549.61,579.92,4.75,2756.89,579.78,4.74,2745.45,68,50.7,49.1,580,3.6,580.9,3.5,579.6,0,580.1,51.4,9.3,9.3,4.6,4.6,9.3,9.3,4.6,4.6,230.2,230.8,233,23.3,23,23,0,0,0,0,0,0,0,0,0,0,0,0,0,0,0,0,0,68,0,OK
10时08分42秒,44/79 静置,581.71,9.47,5507.54,581.48,9.54,5549.61,579.92,4.75,2756.89,579.78,4.74,2745.45,68,50.7,49.1,580,3.6,580.9,3.5,579.6,0,580.1,51.4,9.3,9.3,4.6,4.6,9.3,9.3,4.6,4.6,230.2,230.8,233,23.3,23,23,0,0,0,0,0,0,0,0,0,0,0,0,0,0,0,0,0,68,0,OK
10时08分47秒,44/79 静置,580.62,9.88,5736.44,580.66,9.96,5781.07,579.1,4.97,2876.28,579.23,4.94,2859.38,68,50.5,49.1,579.2,3.7,580.1,3.8,578.8,0,579.2,51.4,9.8,9.7,4.8,4.9,9.8,9.7,4.8,4.9,230.4,231,233.2,24.2,23.9,23.9,0,0,0,0,0,0,0,0,0,0,0,0,0,0,0,0,0,68,0,OK
10时08分52秒,44/79 静置,580.62,9.88,5736.44,580.66,9.96,5781.07,579.1,4.97,2876.28,579.23,4.94,2859.38,68,50.5,49.1,579.2,3.7,580.1,3.8,578.8,0,579.2,51.4,9.8,9.7,4.8,4.9,9.8,9.7,4.8,4.9,230.4,231,233.2,24.2,23.9,23.9,0,0,0,0,0,0,0,0,0,0,0,0,0,0,0,0,0,68,0,OK
10时08分57秒,44/79 静置,579.8,10.28,5961.03,579.84,10.37,6012.43,578.28,5.17,2986.85,578.41,5.14,2975.07,68,50.4,49.2,578.5,3.9,579.3,3.9,577.9,0,578.3,51.4,10.2,10.1,5,5.1,10.2,10.1,5,5.1,230.4,231.1,233.2,25.2,24.9,24.9,0,0,0,0,0,0,0,0,0,0,0,0,0,0,0,0,0,68,0,OK
10时09分02秒,44/79 静置,579.8,10.28,5961.03,579.84,10.37,6012.43,578.28,5.17,2986.85,578.41,5.14,2975.07,68,50.4,49.2,578.5,3.9,579.3,3.9,577.9,0,578.3,51.4,10.2,10.1,5,5.1,10.2,10.1,5,5.1,230.4,231.1,233.2,25.2,24.9,24.9,0,0,0,0,0,0,0,0,0,0,0,0,0,0,0,0,0,68,0,OK
10时09分07秒,44/79 静置,579.25,10.71,6206.55,579.29,10.77,6239.28,577.46,5.36,3097.09,577.31,5.35,3087.83,68,50.3,49.2,577.6,4.1,578.5,4,577.1,0,577.4,51.4,10.6,10.5,5.2,5.3,10.6,10.5,5.2,5.3,230.5,231,233.2,26.2,25.9,25.8,0,0,0,0,0,0,0,0,0,0,0,0,0,0,0,0,0,68,0,OK
10时09分12秒,44/79 静置,579.25,10.71,6206.55,579.29,10.77,6239.28,577.46,5.36,3097.09,577.31,5.35,3087.83,68,50.3,49.2,577.6,4.1,578.5,4,577.1,0,577.4,51.4,10.6,10.5,5.2,5.3,10.6,10.5,5.2,5.3,230.5,231,233.2,26.2,25.9,25.8,0,0,0,0,0,0,0,0,0,0,0,0,0,0,0,0,0,68,0,OK
10时09分17秒,44/79 静置,578.43,11.12,6429.34,578.47,11.18,6469.97,576.09,5.56,3204.53,576.22,5.55,3196.2,68,50.3,49.3,576.8,4.3,577.7,4.3,576.2,0,576.6,51.4,11,10.9,5.4,5.5,11,10.9,5.4,5.5,230.6,231.4,233.6,27.1,26.8,26.7,0,0,0,0,0,0,0,0,0,0,0,0,0,0,0,0,0,68,0,OK
10时09分22秒,44/79 静置,578.43,11.12,6429.34,578.47,11.18,6469.97,576.09,5.56,3204.53,576.22,5.55,3196.2,68,50.3,49.3,576.8,4.3,577.7,4.3,576.2,0,576.6,51.4,11,10.9,5.4,5.5,11,10.9,5.4,5.5,230.6,231.4,233.6,27.1,26.8,26.7,0,0,0,0,0,0,0,0,0,0,0,0,0,0,0,0,0,68,0,OK
10时09分27秒,44/79 静置,577.6,11.54,6663.89,577.65,11.59,6697.16,575.55,5.77,3322.89,575.94,5.75,3313.92,68,50.3,49.4,576,4.5,576.9,4.5,575.3,0,575.7,51.4,11.4,11.3,5.6,5.7,11.4,11.3,5.6,5.7,230.2,231,233,28.1,27.8,27.7,0,0,0,0,0,0,0,0,0,0,0,0,0,0,0,0,0,68,0,OK
10时09分32秒,44/79 静置,577.6,11.54,6663.89,577.65,11.59,6697.16,575.55,5.77,3322.89,575.94,5.75,3313.92,68,50.3,49.4,576,4.5,576.9,4.5,575.3,0,575.7,51.4,11.4,11.3,5.6,5.7,11.4,11.3,5.6,5.7,230.2,231,233,28.1,27.8,27.7,0,0,0,0,0,0,0,0,0,0,0,0,0,0,0,0,0,68,0,OK
10时09分37秒,44/79 静置,576.51,11.95,6888.25,576.56,12,6920.4,575,5.98,3435.97,574.57,5.96,3426.67,68,50.3,49.4,575.2,4.6,576.2,4.7,574.4,0,574.9,51.4,11.8,11.7,5.9,5.9,11.8,11.7,5.9,5.9,229.9,230.9,233,29.1,28.8,28.7,0,0,0,0,0,0,0,0,0,0,0,0,0,0,0,0,0,68,0,OK
10时09分42秒,44/79 静置,576.51,11.95,6888.25,576.56,12,6920.4,575,5.98,3435.97,574.57,5.96,3426.67,68,50.3,49.4,575.2,4.6,576.2,4.7,574.4,0,574.9,51.4,11.8,11.7,5.9,5.9,11.8,11.7,5.9,5.9,229.9,230.9,233,29.1,28.8,28.7,0,0,0,0,0,0,0,0,0,0,0,0,0,0,0,0,0,68,0,OK
10时09分47秒,44/79 静置,575.96,12.36,7120.19,575.74,12.43,7159.07,573.91,6.19,3551.05,574.02,6.18,3545.05,68,50.3,49.5,574.4,4.9,575.3,4.8,573.5,0,574,51.4,12.2,12.2,6.1,6.1,12.2,12.2,6.1,6.1,230.2,231.3,233.3,30,29.7,29.6,0,0,0,0,0,0,0,0,0,0,0,0,0,0,0,0,0,68,0,OK
10时09分52秒,44/79 静置,575.96,12.36,7120.19,575.74,12.43,7159.07,573.91,6.19,3551.05,574.02,6.18,3545.05,68,50.3,49.5,574.4,4.9,575.3,4.8,573.5,0,574,51.4,12.2,12.2,6.1,6.1,12.2,12.2,6.1,6.1,230.2,231.3,233.3,30,29.7,29.6,0,0,0,0,0,0,0,0,0,0,0,0,0,0,0,0,0,68,0,OK
10时09分57秒,44/79 静置,575.14,12.78,7350.43,574.92,12.85,7386.92,573.09,6.39,3661.26,573.2,6.38,3658.09,67,50.4,49.7,573.6,5.2,574.6,5.1,572.6,0,573.2,51.4,12.6,12.6,6.3,6.3,12.6,12.6,6.3,6.3,230.3,231.5,233.4,31,30.6,30.6,0,0,0,0,0,0,0,0,0,0,0,0,0,0,0,0,0,67,0,OK
10时10分02秒,44/79 静置,575.14,12.78,7350.43,574.92,12.85,7386.92,573.09,6.39,3661.26,573.2,6.38,3658.09,67,50.4,49.7,573.6,5.2,574.6,5.1,572.6,0,573.2,51.4,12.6,12.6,6.3,6.3,12.6,12.6,6.3,6.3,230.3,231.5,233.4,31,30.6,30.6,0,0,0,0,0,0,0,0,0,0,0,0,0,0,0,0,0,67,0,OK
10时10分07秒,44/79 静置,574.59,13.18,7573.49,574.37,13.28,7626.15,572.54,6.61,3783.57,572.66,6.6,3780.42,67,50.4,49.8,572.8,5.3,573.8,5.3,571.7,0,572.2,51.4,13.1,13,6.5,6.5,13.1,13,6.5,6.5,230.6,231.5,233.5,31.9,31.6,31.5,0,0,0,0,0,0,0,0,0,0,0,0,0,0,0,0,0,67,0,OK
10时10分12秒,44/79 静置,574.59,13.18,7573.49,574.37,13.28,7626.15,572.54,6.61,3783.57,572.66,6.6,3780.42,67,50.4,49.8,572.8,5.3,573.8,5.3,571.7,0,572.2,51.4,13.1,13,6.5,6.5,13.1,13,6.5,6.5,230.6,231.5,233.5,31.9,31.6,31.5,0,0,0,0,0,0,0,0,0,0,0,0,0,0,0,0,0,67,0,OK
10时10分17秒,44/79 静置,573.49,13.61,7803.22,573.55,13.7,7855.54,571.45,6.82,3898.01,571.56,6.81,3890.96,67,50.5,50,572,5.3,573,5.5,570.8,0,571.3,51.4,13.5,13.4,6.7,6.7,13.5,13.4,6.7,6.7,230.6,231.4,233.5,32.9,32.5,32.5,0,0,0,0,0,0,0,0,0,0,0,0,0,0,0,0,0,67,0,OK
10时10分22秒,44/79 静置,573.49,13.61,7803.22,573.55,13.7,7855.54,571.45,6.82,3898.01,571.56,6.81,3890.96,67,50.5,50,572,5.3,573,5.5,570.8,0,571.3,51.4,13.5,13.4,6.7,6.7,13.5,13.4,6.7,6.7,230.6,231.4,233.5,32.9,32.5,32.5,0,0,0,0,0,0,0,0,0,0,0,0,0,0,0,0,0,67,0,OK
10时10分27秒,44/79 静置,572.67,14.03,8034.76,572.73,14.13,8093.76,570.9,7.03,4015.26,570.74,7.02,4006.87,67,50.6,50.2,571.2,5.5,572.1,5.7,570,0,570.4,51.4,13.9,13.8,6.9,6.9,13.9,13.8,6.9,6.9,230.6,231.4,233.2,33.9,33.5,33.4,0,0,0,0,0,0,0,0,0,0,0,0,0,0,0,0,0,67,0,OK
10时10分32秒,44/79 静置,572.67,14.03,8034.76,572.73,14.13,8093.76,570.9,7.03,4015.26,570.74,7.02,4006.87,67,50.6,50.2,571.2,5.5,572.1,5.7,570,0,570.4,51.4,13.9,13.8,6.9,6.9,13.9,13.8,6.9,6.9,230.6,231.4,233.2,33.9,33.5,33.4,0,0,0,0,0,0,0,0,0,0,0,0,0,0,0,0,0,67,0,OK
10时10分37秒,44/79 静置,572.4,14.46,8274.62,571.91,14.55,8321.78,569.53,7.24,4122.44,569.64,7.24,4123.78,67,50.8,50.4,570.3,5.8,571.4,5.9,569.1,0,569.5,51.4,14.3,14.2,7.1,7.1,14.3,14.2,7.1,7.1,230.5,231.4,233.3,34.8,34.4,34.4,0,0,0,0,0,0,0,0,0,0,0,0,0,0,0,0,0,67,0,OK
10时10分42秒,44/79 静置,572.4,14.46,8274.62,571.91,14.55,8321.78,569.53,7.24,4122.44,569.64,7.24,4123.78,67,50.8,50.4,570.3,5.8,571.4,5.9,569.1,0,569.5,51.4,14.3,14.2,7.1,7.1,14.3,14.2,7.1,7.1,230.5,231.4,233.3,34.8,34.4,34.4,0,0,0,0,0,0,0,0,0,0,0,0,0,0,0,0,0,67,0,OK
10时10分47秒,44/79 静置,571.03,14.88,8497.95,570.82,14.98,8551.7,568.71,7.45,4235.36,568.82,7.44,4233.38,67,50.9,50.6,569.5,6,570.5,6,568.2,0,568.6,51.4,14.7,14.7,7.3,7.3,14.7,14.7,7.3,7.3,230.6,231.6,233.5,35.8,35.4,35.3,0,0,0,0,0,0,0,0,0,0,0,0,0,0,0,0,0,67,0,OK
10时10分52秒,44/79 静置,571.03,14.88,8497.95,570.82,14.98,8551.7,568.71,7.45,4235.36,568.82,7.44,4233.38,67,50.9,50.6,569.5,6,570.5,6,568.2,0,568.6,51.4,14.7,14.7,7.3,7.3,14.7,14.7,7.3,7.3,230.6,231.6,233.5,35.8,35.4,35.3,0,0,0,0,0,0,0,0,0,0,0,0,0,0,0,0,0,67,0,OK
10时10分57秒,44/79 静置,570.48,15.3,8728.8,570.27,15.42,8791.89,567.89,7.67,4355.69,567.72,7.67,4351.63,67,51.1,50.9,568.8,6.3,569.7,6.3,567.3,0,567.6,51.4,15.2,15.1,7.5,7.6,15.2,15.1,7.5,7.6,230.7,231.7,233.3,36.7,36.3,36.2,0,0,0,0,0,0,0,0,0,0,0,0,0,0,0,0,0,67,0,OK
10时11分02秒,44/79 静置,570.48,15.3,8728.8,570.27,15.42,8791.89,567.89,7.67,4355.69,567.72,7.67,4351.63,67,51.1,50.9,568.8,6.3,569.7,6.3,567.3,0,567.6,51.4,15.2,15.1,7.5,7.6,15.2,15.1,7.5,7.6,230.7,231.7,233.3,36.7,36.3,36.2,0,0,0,0,0,0,0,0,0,0,0,0,0,0,0,0,0,67,0,OK
10时11分07秒,44/79 静置,569.66,15.73,8958.77,569.45,15.85,9024.5,567.07,7.87,4462.93,567.18,7.88,4468.18,67,51.3,51.1,567.9,6.3,568.8,6.4,566.4,0,566.7,51.4,15.6,15.5,7.7,7.8,15.6,15.5,7.7,7.8,230.8,231.9,233.4,37.7,37.3,37.2,0,0,0,0,0,0,0,0,0,0,0,0,0,0,0,0,0,67,0,OK
10时11分12秒,44/79 静置,569.66,15.73,8958.77,569.45,15.85,9024.5,567.07,7.87,4462.93,567.18,7.88,4468.18,67,51.3,51.1,567.9,6.3,568.8,6.4,566.4,0,566.7,51.4,15.6,15.5,7.7,7.8,15.6,15.5,7.7,7.8,230.8,231.9,233.4,37.7,37.3,37.2,0,0,0,0,0,0,0,0,0,0,0,0,0,0,0,0,0,67,0,OK
10时11分17秒,44/79 静置,568.84,16.16,9193.05,568.63,16.28,9256.94,565.98,8.09,4578.13,565.81,8.09,4578.94,67,51.5,51.4,567.1,6.6,568,6.7,565.4,0,565.8,51.4,16,15.9,8,8,16,15.9,8,8,230.4,231.5,233.2,38.7,38.3,38.2,0,0,0,0,0,0,0,0,0,0,0,0,0,0,0,0,0,67,0,OK
10时11分22秒,44/79 静置,568.84,16.16,9193.05,568.63,16.28,9256.94,565.98,8.09,4578.13,565.81,8.09,4578.94,67,51.5,51.4,567.1,6.6,568,6.7,565.4,0,565.8,51.4,16,15.9,8,8,16,15.9,8,8,230.4,231.5,233.2,38.7,38.3,38.2,0,0,0,0,0,0,0,0,0,0,0,0,0,0,0,0,0,67,0,OK
10时11分27秒,44/79 静置,567.74,16.61,9428.7,567.81,16.72,9493.12,565.16,8.3,4692.37,565.26,8.31,4694.85,67,51.7,51.7,566.2,6.8,567.2,6.9,564.5,0,564.9,51.4,16.4,16.4,8.2,8.2,16.4,16.4,8.2,8.2,230.6,231.5,233.3,39.7,39.2,39.1,0,0,0,0,0,0,0,0,0,0,0,0,0,0,0,0,0,67,0,OK
10时11分32秒,44/79 静置,567.74,16.61,9428.7,567.81,16.72,9493.12,565.16,8.3,4692.37,565.26,8.31,4694.85,67,51.7,51.7,566.2,6.8,567.2,6.9,564.5,0,564.9,51.4,16.4,16.4,8.2,8.2,16.4,16.4,8.2,8.2,230.6,231.5,233.3,39.7,39.2,39.1,0,0,0,0,0,0,0,0,0,0,0,0,0,0,0,0,0,67,0,OK
10时11分37秒,44/79 静置,566.92,17.03,9653.68,566.72,17.15,9720.57,564.34,8.52,4806.8,564.16,8.52,4805.85,67,51.9,52,565.4,6.9,566.4,7,563.6,0,564,51.4,16.9,16.8,8.4,8.4,16.9,16.8,8.4,8.4,230.9,231.7,233.3,40.6,40.2,40,0,0,0,0,0,0,0,0,0,0,0,0,0,0,0,0,0,67,0,OK
10时11分42秒,44/79 静置,566.92,17.03,9653.68,566.72,17.15,9720.57,564.34,8.52,4806.8,564.16,8.52,4805.85,67,51.9,52,565.4,6.9,566.4,7,563.6,0,564,51.4,16.9,16.8,8.4,8.4,16.9,16.8,8.4,8.4,230.9,231.7,233.3,40.6,40.2,40,0,0,0,0,0,0,0,0,0,0,0,0,0,0,0,0,0,67,0,OK
10时11分47秒,44/79 静置,566.37,17.47,9892.12,565.9,17.58,9949.11,563.52,8.73,4920.33,563.07,8.73,4915.29,67,52.2,52.3,564.5,7.1,565.5,7.4,562.6,0,563,51.4,17.3,17.2,8.6,8.6,17.3,17.2,8.6,8.6,230.9,231.7,233.3,41.6,41.1,41,0,0,0,0,0,0,0,0,0,0,0,0,0,0,0,0,0,67,0,OK
10时11分52秒,44/79 静置,566.37,17.47,9892.12,565.9,17.58,9949.11,563.52,8.73,4920.33,563.07,8.73,4915.29,67,52.2,52.3,564.5,7.1,565.5,7.4,562.6,0,563,51.4,17.3,17.2,8.6,8.6,17.3,17.2,8.6,8.6,230.9,231.7,233.3,41.6,41.1,41,0,0,0,0,0,0,0,0,0,0,0,0,0,0,0,0,0,67,0,OK
10时11分57秒,44/79 静置,565.27,17.91,10121.39,565.08,18.02,10183.03,562.42,8.94,5027.77,562.52,8.96,5037.96,67,52.5,52.6,563.7,7.3,564.7,7.5,561.8,0,562.1,51.4,17.7,17.7,8.8,8.9,17.7,17.7,8.8,8.9,230.6,231.9,233.4,42.6,42.1,41.9,0,0,0,0,0,0,0,0,0,0,0,0,0,0,0,0,0,67,0,OK
10时12分02秒,44/79 静置,565.27,17.91,10121.39,565.08,18.02,10183.03,562.42,8.94,5027.77,562.52,8.96,5037.96,67,52.5,52.6,563.7,7.3,564.7,7.5,561.8,0,562.1,51.4,17.7,17.7,8.8,8.9,17.7,17.7,8.8,8.9,230.6,231.9,233.4,42.6,42.1,41.9,0,0,0,0,0,0,0,0,0,0,0,0,0,0,0,0,0,67,0,OK
10时12分07秒,44/79 静置,564.45,18.35,10356.92,564.26,18.46,10417.32,561.33,9.16,5140.78,561.7,9.18,5154.02,66,52.7,53,562.9,7.5,563.8,7.7,560.8,0,561.1,51.4,18.2,18.1,9,9.1,18.2,18.1,9,9.1,230.4,231.6,233.2,43.6,43.1,42.9,0,0,0,0,0,0,0,0,0,0,0,0,0,0,0,0,0,66,0,OK
10时12分12秒,44/79 静置,564.45,18.35,10356.92,564.26,18.46,10417.32,561.33,9.16,5140.78,561.7,9.18,5154.02,66,52.7,53,562.9,7.5,563.8,7.7,560.8,0,561.1,51.4,18.2,18.1,9,9.1,18.2,18.1,9,9.1,230.4,231.6,233.2,43.6,43.1,42.9,0,0,0,0,0,0,0,0,0,0,0,0,0,0,0,0,0,66,0,OK
10时12分17秒,44/79 静置,563.63,18.78,10582.39,563.71,18.89,10649.99,560.51,9.39,5261.37,560.6,9.4,5270.98,66,53,53.3,562.1,7.8,563.1,7.9,559.9,0,560.2,51.4,18.6,18.5,9.3,9.3,18.6,18.5,9.3,9.3,230.5,231.6,233.2,44.5,44,43.9,0,0,0,0,0,0,0,0,0,0,0,0,0,0,0,0,0,66,0,OK
10时12分22秒,44/79 静置,563.63,18.78,10582.39,563.71,18.89,10649.99,560.51,9.39,5261.37,560.6,9.4,5270.98,66,53,53.3,562.1,7.8,563.1,7.9,559.9,0,560.2,51.4,18.6,18.5,9.3,9.3,18.6,18.5,9.3,9.3,230.5,231.6,233.2,44.5,44,43.9,0,0,0,0,0,0,0,0,0,0,0,0,0,0,0,0,0,66,0,OK
10时12分27秒,44/79 静置,563.08,19.22,10820.1,562.62,19.34,10879.34,559.69,9.61,5376.65,559.51,9.63,5385.8,66,53.3,53.7,561.2,7.9,562.2,8.1,558.9,0,559.3,51.4,19.1,19,9.5,9.5,19.1,19,9.5,9.5,230.5,231.8,233.2,45.5,45,44.8,0,0,0,0,0,0,0,0,0,0,0,0,0,0,0,0,0,66,0,OK
10时12分32秒,44/79 静置,563.08,19.22,10820.1,562.62,19.34,10879.34,559.69,9.61,5376.65,559.51,9.63,5385.8,66,53.3,53.7,561.2,7.9,562.2,8.1,558.9,0,559.3,51.4,19.1,19,9.5,9.5,19.1,19,9.5,9.5,230.5,231.8,233.2,45.5,45,44.8,0,0,0,0,0,0,0,0,0,0,0,0,0,0,0,0,0,66,0,OK
10时12分37秒,44/79 静置,561.99,19.67,11052.03,561.53,19.79,11112.63,558.6,9.83,5491.6,558.68,9.85,5503.37,66,53.7,54,560.4,8.1,561.4,8.2,557.9,0,558.4,51.4,19.5,19.4,9.7,9.7,19.5,19.4,9.7,9.7,231,232,233.6,46.4,45.9,45.7,0,0,0,0,0,0,0,0,0,0,0,0,0,0,0,0,0,66,0,OK
10时12分37秒,44/79 静置,561.99,19.67,11052.03,561.53,19.79,11112.63,558.6,9.83,5491.6,558.68,9.85,5503.37,66,53.7,54,560.4,8.1,561.4,8.2,557.9,0,558.4,51.4,19.5,19.4,9.7,9.7,19.5,19.4,9.7,9.7,231,232,233.6,46.4,45.9,45.7,0,0,0,0,0,0,0,0,0,0,0,0,0,0,0,0,0,66,0,OK
10时12分37秒,44/79 静置,561.99,19.67,11052.03,561.53,19.79,11112.63,558.6,9.83,5491.6,558.68,9.85,5503.37,66,53.7,54,560.4,8.1,561.4,8.2,557.9,0,558.4,51.4,19.5,19.4,9.7,9.7,19.5,19.4,9.7,9.7,231,232,233.6,46.4,45.9,45.7,0,0,0,0,0,0,0,0,0,0,0,0,0,0,0,0,0,66,0,OK
10时12分42秒,44/79 静置,561.99,19.67,11052.03,561.53,19.79,11112.63,558.6,9.83,5491.6,558.68,9.85,5503.37,66,53.7,54,560.4,8.1,561.4,8.2,557.9,0,558.4,51.4,19.5,19.4,9.7,9.7,19.5,19.4,9.7,9.7,231,232,233.6,46.4,45.9,45.7,0,0,0,0,0,0,0,0,0,0,0,0,0,0,0,0,0,66,0,OK
10时12分47秒,46/79 静置,560.89,20.11,11277.52,560.71,20.23,11343.91,557.78,10.06,5610.46,557.86,10.08,5620.58,66,54,54.4,559.5,8.3,560.5,8.5,557,0,557.4,51.4,19.9,19.8,9.9,10,19.9,19.8,9.9,10,231,231.7,233.5,47.4,46.9,46.7,0,0,0,0,0,0,0,0,0,0,0,0,0,0,0,0,0,66,0,OK
10时12分52秒,46/79 静置,560.89,20.11,11277.52,560.71,20.23,11343.91,557.78,10.06,5610.46,557.86,10.08,5620.58,66,54,54.4,559.5,8.3,560.5,8.5,557,0,557.4,51.4,19.9,19.8,9.9,10,19.9,19.8,9.9,10,231,231.7,233.5,47.4,46.9,46.7,0,0,0,0,0,0,0,0,0,0,0,0,0,0,0,0,0,66,0,OK
10时12分57秒,46/79 静置,560.07,20.55,11512.03,560.16,20.69,11587.22,556.41,10.27,5712.98,557.32,10.3,5740.78,66,54.3,54.8,558.6,8.5,559.7,8.7,556.1,0,556.5,51.4,20.4,20.3,10.1,10.2,20.4,20.3,10.1,10.2,231,231.6,233.3,48.4,47.8,47.6,0,0,0,0,0,0,0,0,0,0,0,0,0,0,0,0,0,66,0,OK
10时13分02秒,46/79 静置,560.07,20.55,11512.03,560.16,20.69,11587.22,556.41,10.27,5712.98,557.32,10.3,5740.78,66,54.3,54.8,558.6,8.5,559.7,8.7,556.1,0,556.5,51.4,20.4,20.3,10.1,10.2,20.4,20.3,10.1,10.2,231,231.6,233.3,48.4,47.8,47.6,0,0,0,0,0,0,0,0,0,0,0,0,0,0,0,0,0,66,0,OK
10时13分07秒,46/79 静置,559.52,21.01,11754.85,559.07,21.15,11825.02,556.14,10.5,5839.44,555.95,10.52,5847.2,66,54.7,55.2,557.8,8.7,558.8,9,555.2,0,555.5,51.4,20.8,20.7,10.4,10.4,20.8,20.7,10.4,10.4,231.1,231.6,233.2,49.3,48.8,48.6,0,0,0,0,0,0,0,0,0,0,0,0,0,0,0,0,0,66,0,OK
10时13分12秒,46/79 静置,559.52,21.01,11754.85,559.07,21.15,11825.02,556.14,10.5,5839.44,555.95,10.52,5847.2,66,54.7,55.2,557.8,8.7,558.8,9,555.2,0,555.5,51.4,20.8,20.7,10.4,10.4,20.8,20.7,10.4,10.4,231.1,231.6,233.2,49.3,48.8,48.6,0,0,0,0,0,0,0,0,0,0,0,0,0,0,0,0,0,66,0,OK
10时13分17秒,46/79 静置,558.7,21.46,11989.1,558.25,21.6,12056.83,555.04,10.73,5953.17,554.85,10.75,5963.55,66,55,55.6,556.8,9,557.9,9.2,554.1,0,554.7,51.4,21.3,21.2,10.6,10.6,21.3,21.2,10.6,10.6,231,231.6,233.4,50.3,49.8,49.5,0,0,0,0,0,0,0,0,0,0,0,0,0,0,0,0,0,66,0,OK
10时13分22秒,46/79 静置,558.7,21.46,11989.1,558.25,21.6,12056.83,555.04,10.73,5953.17,554.85,10.75,5963.55,66,55,55.6,556.8,9,557.9,9.2,554.1,0,554.7,51.4,21.3,21.2,10.6,10.6,21.3,21.2,10.6,10.6,231,231.6,233.4,50.3,49.8,49.5,0,0,0,0,0,0,0,0,0,0,0,0,0,0,0,0,0,66,0,OK
10时13分27秒,46/79 静置,557.6,21.91,12214.44,557.43,22.05,12293.33,554.22,10.95,6068.32,554.03,10.97,6077.54,66,55.4,56.1,556,9.2,557,9.4,553.2,0,553.7,51.4,21.7,21.6,10.8,10.9,21.7,21.6,10.8,10.9,231.1,231.7,233.8,51.2,50.7,50.4,0,0,0,0,0,0,0,0,0,0,0,0,0,0,0,0,0,66,0,OK
10时13分32秒,46/79 静置,557.6,21.91,12214.44,557.43,22.05,12293.33,554.22,10.95,6068.32,554.03,10.97,6077.54,66,55.4,56.1,556,9.2,557,9.4,553.2,0,553.7,51.4,21.7,21.6,10.8,10.9,21.7,21.6,10.8,10.9,231.1,231.7,233.8,51.2,50.7,50.4,0,0,0,0,0,0,0,0,0,0,0,0,0,0,0,0,0,66,0,OK
10时13分37秒,46/79 静置,556.78,22.37,12455.78,556.61,22.51,12531.25,552.86,11.17,6178.06,553.21,11.2,6196.02,66,55.8,56.5,555.1,9.3,556.2,9.5,552.3,0,552.7,51.4,22.2,22.1,11,11.1,22.2,22.1,11,11.1,230.8,231.3,233.5,52.3,51.7,51.4,0,0,0,0,0,0,0,0,0,0,0,0,0,0,0,0,0,66,0,OK
10时13分42秒,46/79 静置,556.78,22.37,12455.78,556.61,22.51,12531.25,552.86,11.17,6178.06,553.21,11.2,6196.02,66,55.8,56.5,555.1,9.3,556.2,9.5,552.3,0,552.7,51.4,22.2,22.1,11,11.1,22.2,22.1,11,11.1,230.8,231.3,233.5,52.3,51.7,51.4,0,0,0,0,0,0,0,0,0,0,0,0,0,0,0,0,0,66,0,OK
10时13分47秒,46/79 静置,555.96,22.83,12690.42,555.79,22.97,12767.36,552.31,11.41,6301.4,552.11,11.43,6310.45,66,56.2,57,554.2,9.6,555.3,9.8,551.3,0,551.7,51.4,22.6,22.5,11.3,11.3,22.6,22.5,11.3,11.3,231,231.7,233.6,53.2,52.6,52.3,0,0,0,0,0,0,0,0,0,0,0,0,0,0,0,0,0,66,0,OK
10时13分52秒,46/79 静置,555.96,22.83,12690.42,555.79,22.97,12767.36,552.31,11.41,6301.4,552.11,11.43,6310.45,66,56.2,57,554.2,9.6,555.3,9.8,551.3,0,551.7,51.4,22.6,22.5,11.3,11.3,22.6,22.5,11.3,11.3,231,231.7,233.6,53.2,52.6,52.3,0,0,0,0,0,0,0,0,0,0,0,0,0,0,0,0,0,66,0,OK
10时13分57秒,46/79 静置,555.14,23.28,12922.65,554.69,23.42,12989.79,551.22,11.63,6411.65,551.29,11.66,6429.19,66,56.7,57.4,553.3,9.7,554.4,9.8,550.3,0,550.7,51.4,23.1,23,11.5,11.5,23.1,23,11.5,11.5,231.2,231.8,233.6,54.1,53.5,53.3,0,0,0,0,0,0,0,0,0,0,0,0,0,0,0,0,0,66,0,OK
10时14分02秒,46/79 静置,555.14,23.28,12922.65,554.69,23.42,12989.79,551.22,11.63,6411.65,551.29,11.66,6429.19,66,56.7,57.4,553.3,9.7,554.4,9.8,550.3,0,550.7,51.4,23.1,23,11.5,11.5,23.1,23,11.5,11.5,231.2,231.8,233.6,54.1,53.5,53.3,0,0,0,0,0,0,0,0,0,0,0,0,0,0,0,0,0,66,0,OK
10时14分07秒,46/79 静置,554.04,23.75,13161.18,553.87,23.89,13230.21,549.85,11.85,6517.64,550.74,11.89,6547.04,66,57.1,57.9,552.4,10,553.6,10,549.3,0,549.6,51.4,23.6,23.4,11.7,11.8,23.6,23.4,11.7,11.8,231,231.5,233.4,55.1,54.5,54.3,0,0,0,0,0,0,0,0,0,0,0,0,0,0,0,0,0,66,0,OK
10时14分12秒,46/79 静置,554.04,23.75,13161.18,553.87,23.89,13230.21,549.85,11.85,6517.64,550.74,11.89,6547.04,66,57.1,57.9,552.4,10,553.6,10,549.3,0,549.6,51.4,23.6,23.4,11.7,11.8,23.6,23.4,11.7,11.8,231,231.5,233.4,55.1,54.5,54.3,0,0,0,0,0,0,0,0,0,0,0,0,0,0,0,0,0,66,0,OK
10时14分17秒,46/79 静置,553.22,24.41,13503.62,552.78,24.54,13564.71,544.65,12.04,6558.72,543.07,12.04,6538.6,66,57.5,58.3,551.2,10.3,552.3,10.4,543,0,543.4,51.4,24.2,24.1,11.9,11.9,24.2,24.1,11.9,11.9,230.8,231.5,233.2,56.1,55.5,55.3,0,0,0,0,0,0,0,0,0,0,0,0,0,0,0,0,0,66,0,OK
10时14分22秒,46/79 静置,553.22,24.41,13503.62,552.78,24.54,13564.71,544.65,12.04,6558.72,543.07,12.04,6538.6,66,57.5,58.3,551.2,10.3,552.3,10.4,543,0,543.4,51.4,24.2,24.1,11.9,11.9,24.2,24.1,11.9,11.9,230.8,231.5,233.2,56.1,55.5,55.3,0,0,0,0,0,0,0,0,0,0,0,0,0,0,0,0,0,66,0,OK
10时14分27秒,46/79 静置,551.58,25.1,13845.94,551.14,25.25,13914.69,544.38,12.05,6558.09,544.17,12.04,6549.13,66,58,58.8,549.8,10.5,550.9,10.8,543.1,0,543.4,51.4,24.9,24.8,11.9,11.9,24.9,24.8,11.9,11.9,230.8,231.5,233.4,57.1,56.5,56.2,0,0,0,0,0,0,0,0,0,0,0,0,0,0,0,0,0,66,0,OK
10时14分32秒,46/79 静置,551.58,25.1,13845.94,551.14,25.25,13914.69,544.38,12.05,6558.09,544.17,12.04,6549.13,66,58,58.8,549.8,10.5,550.9,10.8,543.1,0,543.4,51.4,24.9,24.8,11.9,11.9,24.9,24.8,11.9,11.9,230.8,231.5,233.4,57.1,56.5,56.2,0,0,0,0,0,0,0,0,0,0,0,0,0,0,0,0,0,66,0,OK
10时14分37秒,46/79 静置,545.82,26.17,14281.97,546.77,26.18,14315.27,547.12,11.93,6526.91,544.99,12.01,6543.05,66,58.4,59.3,540.8,11.2,542.9,11.1,546.5,0,546.9,51.4,25.9,25.7,11.8,11.8,25.9,25.7,11.8,11.8,231,231.6,233.6,58.1,57.4,57.2,0,0,0,0,0,0,0,0,0,0,0,0,0,0,0,0,0,66,0,OK
10时14分42秒,46/79 静置,545.82,26.17,14281.97,546.77,26.18,14315.27,547.12,11.93,6526.91,544.99,12.01,6543.05,66,58.4,59.3,540.8,11.2,542.9,11.1,546.5,0,546.9,51.4,25.9,25.7,11.8,11.8,25.9,25.7,11.8,11.8,231,231.6,233.6,58.1,57.4,57.2,0,0,0,0,0,0,0,0,0,0,0,0,0,0,0,0,0,66,0,OK
10时14分47秒,46/79 静置,548.56,26,14259.9,549.23,26.01,14286.33,550.4,11.83,6510.15,545.26,12.01,6550.61,66,58.9,59.8,546.1,11.1,547.5,11,548.5,0,545.3,51.4,25.8,25.5,11.8,11.9,25.8,25.5,11.8,11.9,230.7,231.5,233.5,58.2,57.5,57.3,0,0,0,0,0,0,0,0,0,0,0,0,0,0,0,0,0,66,0,OK
10时14分52秒,46/79 静置,548.56,26,14259.9,549.23,26.01,14286.33,550.4,11.83,6510.15,545.26,12.01,6550.61,66,58.9,59.8,546.1,11.1,547.5,11,548.5,0,545.3,51.4,25.8,25.5,11.8,11.9,25.8,25.5,11.8,11.9,230.7,231.5,233.5,58.2,57.5,57.3,0,0,0,0,0,0,0,0,0,0,0,0,0,0,0,0,0,66,0,OK
10时14分57秒,46/79 静置,549.93,25.96,14273.49,548.41,26.07,14294.47,545.2,12.01,6547.74,546.63,12.03,6574.53,67,59.3,60.3,546.6,11.1,546.2,11.1,544.5,0,544,51.4,25.8,25.6,11.9,11.9,25.8,25.6,11.9,11.9,230.7,231.5,233.3,58.1,57.5,57.3,0,0,0,0,0,0,0,0,0,0,0,0,0,0,0,0,0,67,0,OK
10时15分02秒,46/79 静置,549.93,25.96,14273.49,548.41,26.07,14294.47,545.2,12.01,6547.74,546.63,12.03,6574.53,67,59.3,60.3,546.6,11.1,546.2,11.1,544.5,0,544,51.4,25.8,25.6,11.9,11.9,25.8,25.6,11.9,11.9,230.7,231.5,233.3,58.1,57.5,57.3,0,0,0,0,0,0,0,0,0,0,0,0,0,0,0,0,0,67,0,OK
10时15分07秒,46/79 静置,550.48,25.73,14163.53,547.86,26,14245.97,548.21,12,6577.97,550.19,11.96,6581.9,67,59.8,60.8,547.5,10.9,547.7,11,546.8,0,548.5,51.4,25.7,25.5,11.8,11.8,25.7,25.5,11.8,11.8,230.8,231.5,233.5,58.1,57.5,57.2,0,0,0,0,0,0,0,0,0,0,0,0,0,0,0,0,0,67,0,OK
10时15分12秒,46/79 静置,550.48,25.73,14163.53,547.86,26,14245.97,548.21,12,6577.97,550.19,11.96,6581.9,67,59.8,60.8,547.5,10.9,547.7,11,546.8,0,548.5,51.4,25.7,25.5,11.8,11.8,25.7,25.5,11.8,11.8,230.8,231.5,233.5,58.1,57.5,57.2,0,0,0,0,0,0,0,0,0,0,0,0,0,0,0,0,0,67,0,OK
10时15分17秒,46/79 静置,550.21,25.98,14296.2,548.68,25.94,14235.16,548.21,11.99,6570.48,548.82,11.96,6563.9,67,60.3,61.2,546.3,10.9,548.8,11.1,546.8,0,548,51.4,25.8,25.4,11.8,11.9,25.8,25.4,11.8,11.9,230.5,232.1,233.4,58.2,57.3,57.3,0,0,0,0,0,0,0,0,0,0,0,0,0,0,0,0,0,67,0,OK
10时15分22秒,46/79 静置,550.21,25.98,14296.2,548.68,25.94,14235.16,548.21,11.99,6570.48,548.82,11.96,6563.9,67,60.3,61.2,546.3,10.9,548.8,11.1,546.8,0,548,51.4,25.8,25.4,11.8,11.9,25.8,25.4,11.8,11.9,230.5,232.1,233.4,58.2,57.3,57.3,0,0,0,0,0,0,0,0,0,0,0,0,0,0,0,0,0,67,0,OK
10时15分27秒,46/79 静置,547.46,26.04,14256.54,549.5,26.03,14305.78,547.66,12.01,6577.29,543.89,12.06,6558.58,67,60.7,61.6,544,11,545.3,11.1,544.4,0,543.1,51.4,25.9,25.6,11.9,11.9,25.9,25.6,11.9,11.9,230.5,232,233.2,58.3,57.4,57.3,0,0,0,0,0,0,0,0,0,0,0,0,0,0,0,0,0,67,0,OK
10时15分32秒,46/79 静置,547.46,26.04,14256.54,549.5,26.03,14305.78,547.66,12.01,6577.29,543.89,12.06,6558.58,67,60.7,61.6,544,11,545.3,11.1,544.4,0,543.1,51.4,25.9,25.6,11.9,11.9,25.9,25.6,11.9,11.9,230.5,232,233.2,58.3,57.4,57.3,0,0,0,0,0,0,0,0,0,0,0,0,0,0,0,0,0,67,0,OK
10时15分37秒,46/79 静置,549.11,26.01,14283.81,548.95,25.99,14269.59,540.83,12.07,6525.84,550.47,11.96,6584.64,67,61.2,62,546,11,547.2,11.3,541.2,0,547.6,51.4,25.8,25.5,11.9,11.9,25.8,25.5,11.9,11.9,230.3,231.9,233.2,58.2,57.4,57.3,0,0,0,0,0,0,0,0,0,0,0,0,0,0,0,0,0,67,0,OK
10时15分42秒,46/79 静置,549.11,26.01,14283.81,548.95,25.99,14269.59,540.83,12.07,6525.84,550.47,11.96,6584.64,67,61.2,62,546,11,547.2,11.3,541.2,0,547.6,51.4,25.8,25.5,11.9,11.9,25.8,25.5,11.9,11.9,230.3,231.9,233.2,58.2,57.4,57.3,0,0,0,0,0,0,0,0,0,0,0,0,0,0,0,0,0,67,0,OK
10时15分47秒,46/79 静置,549.11,25.99,14270.95,549.5,25.98,14276.27,546.02,11.98,6539.46,547.45,12,6569.45,67,61.6,62.4,546.9,10.9,547.9,11.1,548,0,546.1,51.4,25.8,25.5,11.8,11.9,25.8,25.5,11.8,11.9,230.3,232,233.4,58.1,57.2,57.2,0,0,0,0,0,0,0,0,0,0,0,0,0,0,0,0,0,67,0,OK
10时15分52秒,46/79 静置,549.11,25.99,14270.95,549.5,25.98,14276.27,546.02,11.98,6539.46,547.45,12,6569.45,67,61.6,62.4,546.9,10.9,547.9,11.1,548,0,546.1,51.4,25.8,25.5,11.8,11.9,25.8,25.5,11.8,11.9,230.3,232,233.4,58.1,57.2,57.2,0,0,0,0,0,0,0,0,0,0,0,0,0,0,0,0,0,67,0,OK
10时15分57秒,46/79 静置,546.64,26.02,14223.92,548.68,26.05,14292.49,550.94,11.86,6532.22,545.54,12,6547.5,67,62,62.7,546.5,11,546.2,11,548,0,547.3,51.4,25.8,25.6,11.8,11.9,25.8,25.6,11.8,11.9,230.2,231.9,233.3,58.2,57.3,57.3,0,0,0,0,0,0,0,0,0,0,0,0,0,0,0,0,0,67,0,OK
10时16分02秒,46/79 静置,546.64,26.02,14223.92,548.68,26.05,14292.49,550.94,11.86,6532.22,545.54,12,6547.5,67,62,62.7,546.5,11,546.2,11,548,0,547.3,51.4,25.8,25.6,11.8,11.9,25.8,25.6,11.8,11.9,230.2,231.9,233.3,58.2,57.3,57.3,0,0,0,0,0,0,0,0,0,0,0,0,0,0,0,0,0,67,0,OK
10时16分07秒,46/79 静置,547.74,26.02,14252.99,549.5,25.97,14272.51,547.94,11.85,6491.75,549.65,11.75,6458.33,67,62.4,63,545.9,10.9,548,10.9,549.7,0,550.4,51.4,25.8,25.5,11.6,11.5,25.8,25.5,11.6,11.5,230.3,232,233.3,58.2,57.3,57.3,0,0,0,0,0,0,0,0,0,0,0,0,0,0,0,0,0,67,0,OK
10时16分12秒,46/79 静置,547.74,26.02,14252.99,549.5,25.97,14272.51,547.94,11.85,6491.75,549.65,11.75,6458.33,67,62.4,63,545.9,10.9,548,10.9,549.7,0,550.4,51.4,25.8,25.5,11.6,11.5,25.8,25.5,11.6,11.5,230.3,232,233.3,58.2,57.3,57.3,0,0,0,0,0,0,0,0,0,0,0,0,0,0,0,0,0,67,0,OK
10时16分17秒,46/79 静置,548.56,26,14260.97,545.4,26.06,14210.77,547.39,12,6568.13,548.82,11.96,6561.76,67,62.7,63.3,546.3,10.9,545.9,11.2,545.6,0,548.3,51.4,25.8,25.6,11.9,11.8,25.8,25.6,11.9,11.8,230.3,231.9,233.3,58.2,57.4,57.3,0,0,0,0,0,0,0,0,0,0,0,0,0,0,0,0,0,67,0,OK
10时16分22秒,46/79 静置,548.56,26,14260.97,545.4,26.06,14210.77,547.39,12,6568.13,548.82,11.96,6561.76,67,62.7,63.3,546.3,10.9,545.9,11.2,545.6,0,548.3,51.4,25.8,25.6,11.9,11.8,25.8,25.6,11.9,11.8,230.3,231.9,233.3,58.2,57.4,57.3,0,0,0,0,0,0,0,0,0,0,0,0,0,0,0,0,0,67,0,OK
10时16分27秒,46/79 静置,547.19,25.95,14198.66,549.5,26.02,14299.88,548.48,11.98,6569.47,548,11.99,6568.53,67,63,63.5,547,11.1,547.7,11.1,546.7,0,547.5,51.4,25.7,25.5,11.9,11.9,25.7,25.5,11.9,11.9,230.4,231.6,233.1,58.2,57.4,57.3,0,0,0,0,0,0,0,0,0,0,0,0,0,0,0,0,0,67,0,OK
10时16分32秒,46/79 静置,547.19,25.95,14198.66,549.5,26.02,14299.88,548.48,11.98,6569.47,548,11.99,6568.53,67,63,63.5,547,11.1,547.7,11.1,546.7,0,547.5,51.4,25.7,25.5,11.9,11.9,25.7,25.5,11.9,11.9,230.4,231.6,233.1,58.2,57.4,57.3,0,0,0,0,0,0,0,0,0,0,0,0,0,0,0,0,0,67,0,OK
10时16分37秒,46/79 静置,550.21,26.02,14313.93,548.68,26.03,14280.16,542.19,12.03,6523.81,547.18,11.94,6534.63,67,63.3,63.8,545.6,11,546.8,11,544.5,0,547.6,51.4,25.8,25.5,11.9,11.8,25.8,25.5,11.9,11.8,230.6,231.6,233.3,58.3,57.4,57.4,0,0,0,0,0,0,0,0,0,0,0,0,0,0,0,0,0,67,0,OK
10时16分42秒,46/79 静置,550.21,26.02,14313.93,548.68,26.03,14280.16,542.19,12.03,6523.81,547.18,11.94,6534.63,67,63.3,63.8,545.6,11,546.8,11,544.5,0,547.6,51.4,25.8,25.5,11.9,11.8,25.8,25.5,11.9,11.8,230.6,231.6,233.3,58.3,57.4,57.4,0,0,0,0,0,0,0,0,0,0,0,0,0,0,0,0,0,67,0,OK
10时16分47秒,46/79 静置,549.38,25.96,14263.03,548.95,25.96,14250.29,549.58,11.95,6565.4,551.01,11.95,6582.04,67,63.7,64,546.2,11,547.7,11,547.3,0,548.3,51.4,25.8,25.5,11.8,11.8,25.8,25.5,11.8,11.8,230.3,231.7,233.5,57.7,56.8,56.8,0,0,0,0,0,0,0,0,0,0,0,0,0,0,0,0,0,67,0,OK
10时16分52秒,46/79 静置,549.38,25.96,14263.03,548.95,25.96,14250.29,549.58,11.95,6565.4,551.01,11.95,6582.04,67,63.7,64,546.2,11,547.7,11,547.3,0,548.3,51.4,25.8,25.5,11.8,11.8,25.8,25.5,11.8,11.8,230.3,231.7,233.5,57.7,56.8,56.8,0,0,0,0,0,0,0,0,0,0,0,0,0,0,0,0,0,67,0,OK
10时16分57秒,46/79 静置,542.81,26.11,14173.93,542.94,26.09,14166.82,541.92,12.06,6537.98,545.26,12.01,6550.61,67,63.9,64.2,542.6,11.2,545.2,11.1,542.9,0,544.8,51.4,25.9,25.6,11.9,11.9,25.9,25.6,11.9,11.9,230.4,231.8,233,58.2,57.3,57.2,0,0,0,0,0,0,0,0,0,0,0,0,0,0,0,0,0,67,0,OK
10时17分02秒,46/79 静置,542.81,26.11,14173.93,542.94,26.09,14166.82,541.92,12.06,6537.98,545.26,12.01,6550.61,67,63.9,64.2,542.6,11.2,545.2,11.1,542.9,0,544.8,51.4,25.9,25.6,11.9,11.9,25.9,25.6,11.9,11.9,230.4,231.8,233,58.2,57.3,57.2,0,0,0,0,0,0,0,0,0,0,0,0,0,0,0,0,0,67,0,OK
10时17分07秒,46/79 静置,546.37,26.07,14241.88,547.31,26.06,14263.82,546.57,12,6561.49,546.63,12.01,6567.59,67,64.2,64.4,544.2,11,545.9,11.2,546.6,0,544.7,51.4,25.9,25.6,11.9,11.9,25.9,25.6,11.9,11.9,230.7,232,233.2,58.2,57.4,57.3,0,0,0,0,0,0,0,0,0,0,0,0,0,0,0,0,0,67,0,OK
10时17分12秒,46/79 静置,546.37,26.07,14241.88,547.31,26.06,14263.82,546.57,12,6561.49,546.63,12.01,6567.59,67,64.2,64.4,544.2,11,545.9,11.2,546.6,0,544.7,51.4,25.9,25.6,11.9,11.9,25.9,25.6,11.9,11.9,230.7,232,233.2,58.2,57.4,57.3,0,0,0,0,0,0,0,0,0,0,0,0,0,0,0,0,0,67,0,OK
10时17分17秒,46/79 静置,546.64,26.04,14235.13,542.39,25.97,14087.4,547.94,11.98,6561.85,540.33,12.03,6498.76,67,64.4,64.5,545.4,11,547.7,11.1,547.4,0,547.6,51.4,25.8,25.5,11.8,11.8,25.8,25.5,11.8,11.8,230.5,232,233.2,58.1,57.3,57.2,0,0,0,0,0,0,0,0,0,0,0,0,0,0,0,0,0,67,0,OK
10时17分22秒,46/79 静置,546.64,26.04,14235.13,542.39,25.97,14087.4,547.94,11.98,6561.85,540.33,12.03,6498.76,67,64.4,64.5,545.4,11,547.7,11.1,547.4,0,547.6,51.4,25.8,25.5,11.8,11.8,25.8,25.5,11.8,11.8,230.5,232,233.2,58.1,57.3,57.2,0,0,0,0,0,0,0,0,0,0,0,0,0,0,0,0,0,67,0,OK
10时17分27秒,46/79 静置,548.56,26.04,14282.4,544.31,26.04,14175.39,546.57,12.01,6563.09,548.55,11.98,6572.96,67,64.6,64.7,545.9,11.2,546.6,11.2,546.5,0,547.5,51.4,25.8,25.5,11.9,11.8,25.8,25.5,11.9,11.8,230.3,231.8,233,58.2,57.3,57.3,0,0,0,0,0,0,0,0,0,0,0,0,0,0,0,0,0,67,0,OK
10时17分32秒,46/79 静置,548.56,26.04,14282.4,544.31,26.04,14175.39,546.57,12.01,6563.09,548.55,11.98,6572.96,67,64.6,64.7,545.9,11.2,546.6,11.2,546.5,0,547.5,51.4,25.8,25.5,11.9,11.8,25.8,25.5,11.9,11.8,230.3,231.8,233,58.2,57.3,57.3,0,0,0,0,0,0,0,0,0,0,0,0,0,0,0,0,0,67,0,OK
10时17分37秒,46/79 静置,548.83,25.91,14220.94,549.5,25.97,14272.51,548.21,11.92,6536.21,548.28,11.93,6542.36,68,64.8,64.8,547.6,10.7,547.8,11.1,548.2,0,549.4,51.4,25.7,25.5,11.8,11.7,25.7,25.5,11.8,11.7,230.5,231.2,233,58.2,57.5,57.3,0,0,0,0,0,0,0,0,0,0,0,0,0,0,0,0,0,68,0,OK
10时17分42秒,46/79 静置,548.83,25.91,14220.94,549.5,25.97,14272.51,548.21,11.92,6536.21,548.28,11.93,6542.36,68,64.8,64.8,547.6,10.7,547.8,11.1,548.2,0,549.4,51.4,25.7,25.5,11.8,11.7,25.7,25.5,11.8,11.7,230.5,231.2,233,58.2,57.5,57.3,0,0,0,0,0,0,0,0,0,0,0,0,0,0,0,0,0,68,0,OK
10时17分47秒,46/79 静置,548.29,26.01,14261.35,549.77,25.64,14097.07,551.49,11.69,6446.07,547.18,12,6563.48,68,65,65,546.5,11,549.3,11.2,549.2,0,547.3,51.4,25.8,25.3,11.7,11.9,25.8,25.3,11.7,11.9,230.6,231.3,233.2,58.2,57.5,57.3,0,0,0,0,0,0,0,0,0,0,0,0,0,0,0,0,0,68,0,OK
10时17分52秒,46/79 静置,548.29,26.01,14261.35,549.77,25.64,14097.07,551.49,11.69,6446.07,547.18,12,6563.48,68,65,65,546.5,11,549.3,11.2,549.2,0,547.3,51.4,25.8,25.3,11.7,11.9,25.8,25.3,11.7,11.9,230.6,231.3,233.2,58.2,57.5,57.3,0,0,0,0,0,0,0,0,0,0,0,0,0,0,0,0,0,68,0,OK
10时17分57秒,46/79 静置,546.64,26.06,14246.34,547.86,26.03,14258.81,546.02,12.02,6564.52,546.36,12.02,6567.51,68,65.2,65.1,543.9,11,548.3,11.1,545.5,0,546.4,51.4,25.9,25.4,11.9,11.9,25.9,25.4,11.9,11.9,230.3,231.2,232.9,58.3,57.6,57.3,0,0,0,0,0,0,0,0,0,0,0,0,0,0,0,0,0,68,0,OK
10时18分02秒,46/79 静置,546.64,26.06,14246.34,547.86,26.03,14258.81,546.02,12.02,6564.52,546.36,12.02,6567.51,68,65.2,65.1,543.9,11,548.3,11.1,545.5,0,546.4,51.4,25.9,25.4,11.9,11.9,25.9,25.4,11.9,11.9,230.3,231.2,232.9,58.3,57.6,57.3,0,0,0,0,0,0,0,0,0,0,0,0,0,0,0,0,0,68,0,OK
10时18分07秒,46/79 静置,539.79,26.19,14134.77,542.67,26.16,14197.84,546.29,11.92,6511.26,550.74,11.97,6591.68,68,65.4,65.3,539.8,11.3,541.6,11.4,544.8,0,544.8,51.4,26,25.7,11.8,11.9,26,25.7,11.8,11.9,230,231,232.8,58.1,57.4,57.2,0,0,0,0,0,0,0,0,0,0,0,0,0,0,0,0,0,68,0,OK
10时18分12秒,46/79 静置,539.79,26.19,14134.77,542.67,26.16,14197.84,546.29,11.92,6511.26,550.74,11.97,6591.68,68,65.4,65.3,539.8,11.3,541.6,11.4,544.8,0,544.8,51.4,26,25.7,11.8,11.9,26,25.7,11.8,11.9,230,231,232.8,58.1,57.4,57.2,0,0,0,0,0,0,0,0,0,0,0,0,0,0,0,0,0,68,0,OK
10时18分17秒,46/79 静置,549.38,26.03,14297.9,550.59,25.47,14024.55,549.58,11.86,6519.78,548.55,11.99,6575.1,68,65.6,65.4,543.8,11,549.3,11.1,547.6,0,547,51.4,25.9,25.3,11.8,11.9,25.9,25.3,11.8,11.9,230.2,231.2,233.1,58.2,57.5,57.3,0,0,0,0,0,0,0,0,0,0,0,0,0,0,0,0,0,68,0,OK
10时18分22秒,46/79 静置,549.38,26.03,14297.9,550.59,25.47,14024.55,549.58,11.86,6519.78,548.55,11.99,6575.1,68,65.6,65.4,543.8,11,549.3,11.1,547.6,0,547,51.4,25.9,25.3,11.8,11.9,25.9,25.3,11.8,11.9,230.2,231.2,233.1,58.2,57.5,57.3,0,0,0,0,0,0,0,0,0,0,0,0,0,0,0,0,0,68,0,OK
10时18分27秒,46/79 静置,548.83,25.82,14168.95,547.86,25.94,14211.2,546.84,11.99,6555.16,549.1,11.95,6563.97,68,65.8,65.5,547.2,10.7,548.6,11,547.5,0,548.3,51.4,25.7,25.4,11.8,11.8,25.7,25.4,11.8,11.8,230.4,231.2,233.1,58.3,57.6,57.4,0,0,0,0,0,0,0,0,0,0,0,0,0,0,0,0,0,68,0,OK
10时18分32秒,46/79 静置,548.83,25.82,14168.95,547.86,25.94,14211.2,546.84,11.99,6555.16,549.1,11.95,6563.97,68,65.8,65.5,547.2,10.7,548.6,11,547.5,0,548.3,51.4,25.7,25.4,11.8,11.8,25.7,25.4,11.8,11.8,230.4,231.2,233.1,58.3,57.6,57.4,0,0,0,0,0,0,0,0,0,0,0,0,0,0,0,0,0,68,0,OK
10时18分37秒,46/79 静置,549.38,25.88,14219.57,544.31,26.13,14222.69,547.94,11.98,6566.13,547.73,12,6571.66,68,65.9,65.6,547.1,10.9,542.5,11.3,547.6,0,546,51.4,25.8,25.7,11.9,11.9,25.8,25.7,11.9,11.9,230.3,231.1,233.3,58.2,57.5,57.3,0,0,0,0,0,0,0,0,0,0,0,0,0,0,0,0,0,68,0,OK
10时18分42秒,46/79 静置,549.38,25.88,14219.57,544.31,26.13,14222.69,547.94,11.98,6566.13,547.73,12,6571.66,68,65.9,65.6,547.1,10.9,542.5,11.3,547.6,0,546,51.4,25.8,25.7,11.9,11.9,25.8,25.7,11.9,11.9,230.3,231.1,233.3,58.2,57.5,57.3,0,0,0,0,0,0,0,0,0,0,0,0,0,0,0,0,0,68,0,OK
10时18分47秒,46/79 静置,548.01,26.01,14254.75,547.86,26.01,14250.25,545.75,12,6550.58,548.55,11.98,6569.21,68,66.1,65.7,546.5,11,548.1,11.2,547.6,0,547.7,51.4,25.8,25.5,11.8,11.9,25.8,25.5,11.8,11.9,230.4,231.3,233.5,58.2,57.5,57.3,0,0,0,0,0,0,0,0,0,0,0,0,0,0,0,0,0,68,0,OK
10时18分52秒,46/79 静置,548.01,26.01,14254.75,547.86,26.01,14250.25,545.75,12,6550.58,548.55,11.98,6569.21,68,66.1,65.7,546.5,11,548.1,11.2,547.6,0,547.7,51.4,25.8,25.5,11.8,11.9,25.8,25.5,11.8,11.9,230.4,231.3,233.5,58.2,57.5,57.3,0,0,0,0,0,0,0,0,0,0,0,0,0,0,0,0,0,68,0,OK
10时18分57秒,46/79 静置,547.19,26.03,14240.87,549.77,25.88,14227,550.94,11.89,6548.9,544.71,12.03,6550.41,68,66.2,65.9,545.6,11,548.7,11.1,547.9,0,546.4,51.4,25.8,25.4,11.8,11.9,25.8,25.4,11.8,11.9,230.7,231.5,233.6,58.1,57.4,57.2,0,0,0,0,0,0,0,0,0,0,0,0,0,0,0,0,0,68,0,OK
10时19分02秒,46/79 静置,547.19,26.03,14240.87,549.77,25.88,14227,550.94,11.89,6548.9,544.71,12.03,6550.41,68,66.2,65.9,545.6,11,548.7,11.1,547.9,0,546.4,51.4,25.8,25.4,11.8,11.9,25.8,25.4,11.8,11.9,230.7,231.5,233.6,58.1,57.4,57.2,0,0,0,0,0,0,0,0,0,0,0,0,0,0,0,0,0,68,0,OK
10时19分07秒,46/79 静置,546.92,26.04,14240.14,546.77,26,14214.89,550.94,11.83,6516.08,547.45,11.96,6549.67,68,66.3,65.9,545.7,10.9,547.2,11,548.3,0,547.3,51.4,25.8,25.5,11.8,11.8,25.8,25.5,11.8,11.8,230.3,231.1,233.5,58.2,57.5,57.3,0,0,0,0,0,0,0,0,0,0,0,0,0,0,0,0,0,68,0,OK
10时19分12秒,46/79 静置,546.92,26.04,14240.14,546.77,26,14214.89,550.94,11.83,6516.08,547.45,11.96,6549.67,68,66.3,65.9,545.7,10.9,547.2,11,548.3,0,547.3,51.4,25.8,25.5,11.8,11.8,25.8,25.5,11.8,11.8,230.3,231.1,233.5,58.2,57.5,57.3,0,0,0,0,0,0,0,0,0,0,0,0,0,0,0,0,0,68,0,OK
10时19分17秒,46/79 静置,543.9,26.1,14197.79,547.31,26.02,14242.98,546.29,12.01,6561.94,547.73,12.01,6576.47,68,66.4,66,543.1,11.1,547,11,546.5,0,546.5,51.4,25.9,25.6,11.9,11.9,25.9,25.6,11.9,11.9,230.4,231.2,233.5,58.2,57.5,57.3,0,0,0,0,0,0,0,0,0,0,0,0,0,0,0,0,0,68,0,OK
10时19分22秒,46/79 静置,543.9,26.1,14197.79,547.31,26.02,14242.98,546.29,12.01,6561.94,547.73,12.01,6576.47,68,66.4,66,543.1,11.1,547,11,546.5,0,546.5,51.4,25.9,25.6,11.9,11.9,25.9,25.6,11.9,11.9,230.4,231.2,233.5,58.2,57.5,57.3,0,0,0,0,0,0,0,0,0,0,0,0,0,0,0,0,0,68,0,OK
10时19分27秒,46/79 静置,543.36,26,14127.77,547.59,26.02,14245.82,547.94,12,6575.76,550.19,11.98,6588.89,68,66.6,66.1,546.9,11,547.3,11.2,546.8,0,547.8,51.4,25.7,25.5,11.9,11.8,25.7,25.5,11.9,11.8,230.4,231.2,233.6,58.1,57.5,57.3,0,0,0,0,0,0,0,0,0,0,0,0,0,0,0,0,0,68,0,OK
10时19分32秒,46/79 静置,543.36,26,14127.77,547.59,26.02,14245.82,547.94,12,6575.76,550.19,11.98,6588.89,68,66.6,66.1,546.9,11,547.3,11.2,546.8,0,547.8,51.4,25.7,25.5,11.9,11.8,25.7,25.5,11.9,11.8,230.4,231.2,233.6,58.1,57.5,57.3,0,0,0,0,0,0,0,0,0,0,0,0,0,0,0,0,0,68,0,OK
10时19分37秒,46/79 静置,547.74,25.99,14234.27,547.31,26.01,14236.03,545.47,12.02,6559.01,547.18,12,6563.48,68,66.7,66.2,546.3,10.9,548,11.2,544.5,0,547.2,51.4,25.8,25.5,11.9,11.9,25.8,25.5,11.9,11.9,230.4,231.3,233.4,58,57.3,57,0,0,0,0,0,0,0,0,0,0,0,0,0,0,0,0,0,68,0,OK
10时19分42秒,46/79 静置,547.74,25.99,14234.27,547.31,26.01,14236.03,545.47,12.02,6559.01,547.18,12,6563.48,68,66.7,66.2,546.3,10.9,548,11.2,544.5,0,547.2,51.4,25.8,25.5,11.9,11.9,25.8,25.5,11.9,11.9,230.4,231.3,233.4,58,57.3,57,0,0,0,0,0,0,0,0,0,0,0,0,0,0,0,0,0,68,0,OK
10时19分47秒,46/79 静置,544.18,26.01,14153.91,544.58,26.03,14177.7,548.76,11.99,6579.71,545.54,11.99,6542.17,68,66.8,66.3,545.5,10.9,546.6,11,546.7,0,547.2,51.4,25.8,25.6,11.9,11.9,25.8,25.6,11.9,11.9,230.4,231.4,233.4,58.1,57.4,57.2,0,0,0,0,0,0,0,0,0,0,0,0,0,0,0,0,0,68,0,OK
10时19分52秒,46/79 静置,544.18,26.01,14153.91,544.58,26.03,14177.7,548.76,11.99,6579.71,545.54,11.99,6542.17,68,66.8,66.3,545.5,10.9,546.6,11,546.7,0,547.2,51.4,25.8,25.6,11.9,11.9,25.8,25.6,11.9,11.9,230.4,231.4,233.4,58.1,57.4,57.2,0,0,0,0,0,0,0,0,0,0,0,0,0,0,0,0,0,68,0,OK
10时19分57秒,46/79 静置,546.92,26.02,14229.46,547.04,26.04,14247.62,547.39,11.96,6544.61,549.65,11.96,6571.59,68,66.8,66.3,545.9,10.9,546.6,11,548.1,0,547.6,51.4,25.8,25.6,11.8,11.8,25.8,25.6,11.8,11.8,230.7,231.6,233.8,58.1,57.4,57.2,0,0,0,0,0,0,0,0,0,0,0,0,0,0,0,0,0,68,0,OK
10时20分02秒,46/79 静置,546.92,26.02,14229.46,547.04,26.04,14247.62,547.39,11.96,6544.61,549.65,11.96,6571.59,68,66.8,66.3,545.9,10.9,546.6,11,548.1,0,547.6,51.4,25.8,25.6,11.8,11.8,25.8,25.6,11.8,11.8,230.7,231.6,233.8,58.1,57.4,57.2,0,0,0,0,0,0,0,0,0,0,0,0,0,0,0,0,0,68,0,OK
10时20分07秒,46/79 静置,546.64,26.09,14260.22,543.21,26.11,14184.57,547.94,12.01,6580.58,549.37,11.95,6563.48,69,66.9,66.4,542.4,11.1,544.2,11.1,545,0,547.4,51.4,25.9,25.6,11.9,11.8,25.9,25.6,11.9,11.8,230.6,231.5,233.7,57.8,57.1,56.9,0,0,0,0,0,0,0,0,0,0,0,0,0,0,0,0,0,69,0,OK
10时20分12秒,46/79 静置,546.64,26.09,14260.22,543.21,26.11,14184.57,547.94,12.01,6580.58,549.37,11.95,6563.48,69,66.9,66.4,542.4,11.1,544.2,11.1,545,0,547.4,51.4,25.9,25.6,11.9,11.8,25.9,25.6,11.9,11.8,230.6,231.5,233.7,57.8,57.1,56.9,0,0,0,0,0,0,0,0,0,0,0,0,0,0,0,0,0,69,0,OK
10时20分18秒,46/79 静置,546.92,25.99,14214.5,549.23,26,14277.75,550.4,11.95,6578.41,546.08,12.01,6557.27,69,67,66.4,546.3,11,547.9,10.9,547.2,0,547.4,51.4,25.8,25.5,11.8,11.8,25.8,25.5,11.8,11.8,230.5,231.7,233.4,57.9,57.3,57.1,0,0,0,0,0,0,0,0,0,0,0,0,0,0,0,0,0,69,0,OK
10时20分23秒,46/79 静置,546.92,25.99,14214.5,549.23,26,14277.75,550.4,11.95,6578.41,546.08,12.01,6557.27,69,67,66.4,546.3,11,547.9,10.9,547.2,0,547.4,51.4,25.8,25.5,11.8,11.8,25.8,25.5,11.8,11.8,230.5,231.7,233.4,57.9,57.3,57.1,0,0,0,0,0,0,0,0,0,0,0,0,0,0,0,0,0,69,0,OK
10时20分28秒,46/79 静置,546.64,26.05,14238.86,547.04,26.1,14279.13,544.93,12.02,6550.84,546.91,12,6563.94,69,67.1,66.5,543.9,11.1,544,11.3,544.6,0,545.4,51.4,25.9,25.6,11.9,11.9,25.9,25.6,11.9,11.9,230.9,232,234,58,57.3,57.1,0,0,0,0,0,0,0,0,0,0,0,0,0,0,0,0,0,69,0,OK
10时20分33秒,46/79 静置,546.64,26.05,14238.86,547.04,26.1,14279.13,544.93,12.02,6550.84,546.91,12,6563.94,69,67.1,66.5,543.9,11.1,544,11.3,544.6,0,545.4,51.4,25.9,25.6,11.9,11.9,25.9,25.6,11.9,11.9,230.9,232,234,58,57.3,57.1,0,0,0,0,0,0,0,0,0,0,0,0,0,0,0,0,0,69,0,OK
10时20分38秒,46/79 静置,546.92,26.11,14280.73,547.86,26.04,14267.37,547.94,12,6574.16,543.62,12.04,6546.79,69,67.2,66.6,542.5,10.9,546.4,11.2,546.2,0,541.8,51.4,25.9,25.6,11.9,11.9,25.9,25.6,11.9,11.9,230.9,231.8,233.9,58,57.4,57.1,0,0,0,0,0,0,0,0,0,0,0,0,0,0,0,0,0,69,0,OK
10时20分43秒,46/79 静置,546.92,26.11,14280.73,547.86,26.04,14267.37,547.94,12,6574.16,543.62,12.04,6546.79,69,67.2,66.6,542.5,10.9,546.4,11.2,546.2,0,541.8,51.4,25.9,25.6,11.9,11.9,25.9,25.6,11.9,11.9,230.9,231.8,233.9,58,57.4,57.1,0,0,0,0,0,0,0,0,0,0,0,0,0,0,0,0,0,69,0,OK
10时20分48秒,46/79 静置,547.46,25.98,14225.53,547.31,25.97,14215.18,549.58,11.98,6584.72,549.65,11.94,6561.93,69,67.2,66.6,547.3,11.1,548.6,11,547.6,0,548,51.4,25.7,25.4,11.9,11.8,25.7,25.4,11.9,11.8,230.9,231.7,233.6,58.1,57.4,57.2,0,0,0,0,0,0,0,0,0,0,0,0,0,0,0,0,0,69,0,OK
10时20分53秒,46/79 静置,547.46,25.98,14225.53,547.31,25.97,14215.18,549.58,11.98,6584.72,549.65,11.94,6561.93,69,67.2,66.6,547.3,11.1,548.6,11,547.6,0,548,51.4,25.7,25.4,11.9,11.8,25.7,25.4,11.9,11.8,230.9,231.7,233.6,58.1,57.4,57.2,0,0,0,0,0,0,0,0,0,0,0,0,0,0,0,0,0,69,0,OK
10时20分58秒,46/79 静置,549.38,25.94,14249.62,547.59,26.03,14251.16,546.29,12.03,6569.41,549.65,11.87,6522.75,69,67.3,66.7,546.8,11,547.4,11,544.7,0,549,51.4,25.8,25.5,11.9,11.8,25.8,25.5,11.9,11.8,230.8,231.9,233.7,58.2,57.5,57.3,0,0,0,0,0,0,0,0,0,0,0,0,0,0,0,0,0,69,0,OK
10时21分03秒,46/79 静置,549.38,25.94,14249.62,547.59,26.03,14251.16,546.29,12.03,6569.41,549.65,11.87,6522.75,69,67.3,66.7,546.8,11,547.4,11,544.7,0,549,51.4,25.8,25.5,11.9,11.8,25.8,25.5,11.9,11.8,230.8,231.9,233.7,58.2,57.5,57.3,0,0,0,0,0,0,0,0,0,0,0,0,0,0,0,0,0,69,0,OK
10时21分08秒,46/79 静置,549.11,25.74,14135.81,545.67,26.06,14219.49,546.84,12.01,6568.51,547.45,12,6568.38,69,67.3,66.8,546.5,10.9,546.8,11,544.8,0,547.2,51.4,25.7,25.6,11.9,11.9,25.7,25.6,11.9,11.9,230.7,232,233.7,58.1,57.4,57.2,0,0,0,0,0,0,0,0,0,0,0,0,0,0,0,0,0,69,0,OK
10时21分13秒,46/79 静置,549.11,25.74,14135.81,545.67,26.06,14219.49,546.84,12.01,6568.51,547.45,12,6568.38,69,67.3,66.8,546.5,10.9,546.8,11,544.8,0,547.2,51.4,25.7,25.6,11.9,11.9,25.7,25.6,11.9,11.9,230.7,232,233.7,58.1,57.4,57.2,0,0,0,0,0,0,0,0,0,0,0,0,0,0,0,0,0,69,0,OK
10时21分18秒,46/79 静置,543.9,26.09,14193.01,542.39,26.09,14152.55,546.29,12.02,6567.28,546.91,12,6560.2,69,67.4,66.8,544,11,545.5,11.1,544.6,0,546.5,51.4,25.9,25.6,11.9,11.9,25.9,25.6,11.9,11.9,230.8,232,233.9,58,57.3,57.1,0,0,0,0,0,0,0,0,0,0,0,0,0,0,0,0,0,69,0,OK
10时21分23秒,46/79 静置,543.9,26.09,14193.01,542.39,26.09,14152.55,546.29,12.02,6567.28,546.91,12,6560.2,69,67.4,66.8,544,11,545.5,11.1,544.6,0,546.5,51.4,25.9,25.6,11.9,11.9,25.9,25.6,11.9,11.9,230.8,232,233.9,58,57.3,57.1,0,0,0,0,0,0,0,0,0,0,0,0,0,0,0,0,0,69,0,OK
10时21分28秒,46/79 静置,550.21,25.95,14278.47,549.5,25.85,14204.36,551.49,11.73,6471.38,548.55,11.98,6573.49,69,67.5,66.9,546.7,10.9,549.1,11.1,548.7,0,548.9,51.4,25.8,25.4,11.7,11.8,25.8,25.4,11.7,11.8,230.7,231.9,233.8,58.1,57.4,57.2,0,0,0,0,0,0,0,0,0,0,0,0,0,0,0,0,0,69,0,OK
10时21分33秒,46/79 静置,550.21,25.95,14278.47,549.5,25.85,14204.36,551.49,11.73,6471.38,548.55,11.98,6573.49,69,67.5,66.9,546.7,10.9,549.1,11.1,548.7,0,548.9,51.4,25.8,25.4,11.7,11.8,25.8,25.4,11.7,11.8,230.7,231.9,233.8,58.1,57.4,57.2,0,0,0,0,0,0,0,0,0,0,0,0,0,0,0,0,0,69,0,OK
10时21分38秒,46/79 静置,546.92,26.02,14229.46,548.68,25.67,14082.45,551.49,11.53,6360.44,548.55,11.92,6538.14,69,67.5,67,546.8,11,549.2,11.2,549.9,0,549.2,51.4,25.7,25.2,11.6,11.8,25.7,25.2,11.6,11.8,231,232,233.7,58,57.3,57.1,0,0,0,0,0,0,0,0,0,0,0,0,0,0,0,0,0,69,0,OK
10时21分43秒,46/79 静置,546.92,26.02,14229.46,548.68,25.67,14082.45,551.49,11.53,6360.44,548.55,11.92,6538.14,69,67.5,67,546.8,11,549.2,11.2,549.9,0,549.2,51.4,25.7,25.2,11.6,11.8,25.7,25.2,11.6,11.8,231,232,233.7,58,57.3,57.1,0,0,0,0,0,0,0,0,0,0,0,0,0,0,0,0,0,69,0,OK
10时21分48秒,46/79 静置,545.82,26.02,14200.95,546.22,26.08,14243.34,547.66,11.98,6562.85,546.36,12.03,6573.91,69,67.6,67,546.5,11,545.4,11.2,546.2,0,544.6,51.4,25.8,25.6,11.9,11.9,25.8,25.6,11.9,11.9,230.8,231.7,233.4,58.2,57.5,57.3,0,0,0,0,0,0,0,0,0,0,0,0,0,0,0,0,0,69,0,OK
10时21分53秒,46/79 静置,545.82,26.02,14200.95,546.22,26.08,14243.34,547.66,11.98,6562.85,546.36,12.03,6573.91,69,67.6,67,546.5,11,545.4,11.2,546.2,0,544.6,51.4,25.8,25.6,11.9,11.9,25.8,25.6,11.9,11.9,230.8,231.7,233.4,58.2,57.5,57.3,0,0,0,0,0,0,0,0,0,0,0,0,0,0,0,0,0,69,0,OK
10时21分58秒,46/79 静置,550.21,25.8,14194.11,550.32,25.89,14245.99,549.85,11.93,6561.13,546.91,12.02,6572.49,69,67.7,67.1,547.7,10.7,549.2,10.9,548,0,545.7,51.4,25.6,25.3,11.8,11.9,25.6,25.3,11.8,11.9,231,231.9,233.8,57.3,56.7,56.5,0,0,0,0,0,0,0,0,0,0,0,0,0,0,0,0,0,69,0,OK
10时22分03秒,46/79 静置,550.21,25.8,14194.11,550.32,25.89,14245.99,549.85,11.93,6561.13,546.91,12.02,6572.49,69,67.7,67.1,547.7,10.7,549.2,10.9,548,0,545.7,51.4,25.6,25.3,11.8,11.9,25.6,25.3,11.8,11.9,231,231.9,233.8,57.3,56.7,56.5,0,0,0,0,0,0,0,0,0,0,0,0,0,0,0,0,0,69,0,OK
10时22分08秒,46/79 静置,549.93,26.01,14306.25,548.68,26.02,14274.27,550.94,11.84,6523.61,548.82,11.87,6514.6,69,67.7,67.2,545.4,10.9,547.5,11,548.4,0,548.9,51.4,25.8,25.5,11.8,11.7,25.8,25.5,11.8,11.7,230.8,231.8,233.5,58.1,57.4,57.2,0,0,0,0,0,0,0,0,0,0,0,0,0,0,0,0,0,69,0,OK
10时22分13秒,46/79 静置,549.93,26.01,14306.25,548.68,26.02,14274.27,550.94,11.84,6523.61,548.82,11.87,6514.6,69,67.7,67.2,545.4,10.9,547.5,11,548.4,0,548.9,51.4,25.8,25.5,11.8,11.7,25.8,25.5,11.8,11.7,230.8,231.8,233.5,58.1,57.4,57.2,0,0,0,0,0,0,0,0,0,0,0,0,0,0,0,0,0,69,0,OK
10时22分18秒,46/79 静置,545.82,26.09,14241.99,544.58,26.08,14203.22,547.94,12,6574.16,544.44,12.01,6539.13,69,67.8,67.2,542.2,11.2,543.9,11.1,546.7,0,547.7,51.4,25.9,25.6,11.9,11.7,25.9,25.6,11.9,11.7,230.7,231.8,233.4,58.1,57.4,57.2,0,0,0,0,0,0,0,0,0,0,0,0,0,0,0,0,0,69,0,OK
10时22分23秒,46/79 静置,545.82,26.09,14241.99,544.58,26.08,14203.22,547.94,12,6574.16,544.44,12.01,6539.13,69,67.8,67.2,542.2,11.2,543.9,11.1,546.7,0,547.7,51.4,25.9,25.6,11.9,11.7,25.9,25.6,11.9,11.7,230.7,231.8,233.4,58.1,57.4,57.2,0,0,0,0,0,0,0,0,0,0,0,0,0,0,0,0,0,69,0,OK
10时22分28秒,46/79 静置,546.37,26.04,14227.47,546.22,26.02,14214.01,547.12,11.99,6557.37,546.91,12,6565.55,69,67.9,67.3,545.6,11,547.4,10.9,545.8,0,546.3,51.4,25.8,25.5,11.9,11.9,25.8,25.5,11.9,11.9,230.7,231.7,233.3,58.1,57.5,57.3,0,0,0,0,0,0,0,0,0,0,0,0,0,0,0,0,0,69,0,OK
10时22分33秒,46/79 静置,546.37,26.04,14227.47,546.22,26.02,14214.01,547.12,11.99,6557.37,546.91,12,6565.55,69,67.9,67.3,545.6,11,547.4,10.9,545.8,0,546.3,51.4,25.8,25.5,11.9,11.9,25.8,25.5,11.9,11.9,230.7,231.7,233.3,58.1,57.5,57.3,0,0,0,0,0,0,0,0,0,0,0,0,0,0,0,0,0,69,0,OK
10时22分38秒,46/79 静置,545,26.1,14224.26,549.5,25.97,14273.05,546.29,11.98,6544.87,538.96,12.1,6521.23,69,68,67.4,542.6,11,548.6,10.9,547.7,0,537.1,51.4,25.9,25.5,11.8,12,25.9,25.5,11.8,12,230.9,232,233.6,58,57.3,57.1,0,0,0,0,0,0,0,0,0,0,0,0,0,0,0,0,0,69,0,OK
10时22分43秒,46/79 静置,545,26.1,14224.26,549.5,25.97,14273.05,546.29,11.98,6544.87,538.96,12.1,6521.23,69,68,67.4,542.6,11,548.6,10.9,547.7,0,537.1,51.4,25.9,25.5,11.8,12,25.9,25.5,11.8,12,230.9,232,233.6,58,57.3,57.1,0,0,0,0,0,0,0,0,0,0,0,0,0,0,0,0,0,69,0,OK
10时22分48秒,46/79 静置,547.19,25.99,14218.96,544.58,26.04,14181.95,548.48,11.96,6557.15,544.17,12.02,6541.69,69,68,67.5,546,10.9,547.1,11,547.4,0,546.2,51.4,25.8,25.5,11.8,11.8,25.8,25.5,11.8,11.8,230.7,231.8,233.5,58.1,57.4,57.2,0,0,0,0,0,0,0,0,0,0,0,0,0,0,0,0,0,69,0,OK
10时22分53秒,46/79 静置,547.19,25.99,14218.96,544.58,26.04,14181.95,548.48,11.96,6557.15,544.17,12.02,6541.69,69,68,67.5,546,10.9,547.1,11,547.4,0,546.2,51.4,25.8,25.5,11.8,11.8,25.8,25.5,11.8,11.8,230.7,231.8,233.5,58.1,57.4,57.2,0,0,0,0,0,0,0,0,0,0,0,0,0,0,0,0,0,69,0,OK
10时22分58秒,46/79 静置,547.74,25.99,14238.01,546.49,26.08,14252.61,547.94,11.99,6569.34,546.36,12.02,6569.64,69,68.1,67.5,546.4,11,545.3,11.3,546.4,0,545.2,51.4,25.8,25.6,11.9,11.9,25.8,25.6,11.9,11.9,230.7,231.7,233.4,58.2,57.4,57.2,0,0,0,0,0,0,0,0,0,0,0,0,0,0,0,0,0,69,0,OK
10时23分03秒,46/79 静置,547.74,25.99,14238.01,546.49,26.08,14252.61,547.94,11.99,6569.34,546.36,12.02,6569.64,69,68.1,67.5,546.4,11,545.3,11.3,546.4,0,545.2,51.4,25.8,25.6,11.9,11.9,25.8,25.6,11.9,11.9,230.7,231.7,233.4,58.2,57.4,57.2,0,0,0,0,0,0,0,0,0,0,0,0,0,0,0,0,0,69,0,OK
10时23分08秒,46/79 静置,546.92,26,14220.91,547.59,25.99,14234.05,550.12,11.95,6575.14,549.65,11.96,6571.59,69,68.1,67.6,545.5,10.8,547.2,11,546.4,0,547.4,51.4,25.8,25.5,11.9,11.8,25.8,25.5,11.9,11.8,230.5,231.6,233.4,58.2,57.5,57.3,0,0,0,0,0,0,0,0,0,0,0,0,0,0,0,0,0,69,0,OK
10时23分13秒,46/79 静置,546.92,26,14220.91,547.59,25.99,14234.05,550.12,11.95,6575.14,549.65,11.96,6571.59,69,68.1,67.6,545.5,10.8,547.2,11,546.4,0,547.4,51.4,25.8,25.5,11.9,11.8,25.8,25.5,11.9,11.8,230.5,231.6,233.4,58.2,57.5,57.3,0,0,0,0,0,0,0,0,0,0,0,0,0,0,0,0,0,69,0,OK
10时23分18秒,46/79 静置,549.38,25.94,14249.08,549.5,25.94,14254.27,550.4,11.7,6437.05,548.55,11.99,6576.17,69,68.2,67.7,547.7,11.1,549.2,11,550.5,0,548.2,51.4,25.7,25.3,11.4,11.8,25.7,25.3,11.4,11.8,230.7,231.8,233.5,58.1,57.4,57.2,0,0,0,0,0,0,0,0,0,0,0,0,0,0,0,0,0,69,0,OK
10时23分23秒,46/79 静置,549.38,25.94,14249.08,549.5,25.94,14254.27,550.4,11.7,6437.05,548.55,11.99,6576.17,69,68.2,67.7,547.7,11.1,549.2,11,550.5,0,548.2,51.4,25.7,25.3,11.4,11.8,25.7,25.3,11.4,11.8,230.7,231.8,233.5,58.1,57.4,57.2,0,0,0,0,0,0,0,0,0,0,0,0,0,0,0,0,0,69,0,OK
10时23分28秒,46/79 静置,545,26.07,14206.17,545.4,26.08,14225.15,547.12,12,6562.71,546.08,12.05,6581.81,70,68.3,67.7,543.5,11.1,544.9,11,547.7,0,542.4,51.4,25.9,25.6,11.8,11.9,25.9,25.6,11.8,11.9,230.7,231.5,233.4,58.1,57.4,57.2,0,0,0,0,0,0,0,0,0,0,0,0,0,0,0,0,0,70,0,OK
10时23分33秒,46/79 静置,545,26.07,14206.17,545.4,26.08,14225.15,547.12,12,6562.71,546.08,12.05,6581.81,70,68.3,67.7,543.5,11.1,544.9,11,547.7,0,542.4,51.4,25.9,25.6,11.8,11.9,25.9,25.6,11.8,11.9,230.7,231.5,233.4,58.1,57.4,57.2,0,0,0,0,0,0,0,0,0,0,0,0,0,0,0,0,0,70,0,OK
10时23分38秒,46/79 静置,546.37,26.06,14239.75,547.86,26.07,14283.96,542.47,12.01,6515.44,550.74,11.97,6592.76,70,68.3,67.7,544.2,11,545.2,11.1,547.5,0,546.2,51.4,25.9,25.6,11.7,11.8,25.9,25.6,11.7,11.8,231.1,231.9,233.8,57.9,57.2,57,0,0,0,0,0,0,0,0,0,0,0,0,0,0,0,0,0,70,0,OK
10时23分43秒,46/79 静置,546.37,26.06,14239.75,547.86,26.07,14283.96,542.47,12.01,6515.44,550.74,11.97,6592.76,70,68.3,67.7,544.2,11,545.2,11.1,547.5,0,546.2,51.4,25.9,25.6,11.7,11.8,25.9,25.6,11.7,11.8,231.1,231.9,233.8,57.9,57.2,57,0,0,0,0,0,0,0,0,0,0,0,0,0,0,0,0,0,70,0,OK
10时23分48秒,46/79 静置,542.53,26.12,14171.03,546.77,26.07,14252.27,540.01,12.09,6526.49,543.34,12.03,6536.59,70,68.4,67.8,541.1,11.2,545.9,11.1,538,0,544.3,51.4,26,25.6,12,11.9,26,25.6,12,11.9,231.1,231.9,233.7,58,57.3,57.1,0,0,0,0,0,0,0,0,0,0,0,0,0,0,0,0,0,70,0,OK
10时23分53秒,46/79 静置,542.53,26.12,14171.03,546.77,26.07,14252.27,540.01,12.09,6526.49,543.34,12.03,6536.59,70,68.4,67.8,541.1,11.2,545.9,11.1,538,0,544.3,51.4,26,25.6,12,11.9,26,25.6,12,11.9,231.1,231.9,233.7,58,57.3,57.1,0,0,0,0,0,0,0,0,0,0,0,0,0,0,0,0,0,70,0,OK
10时23分58秒,46/79 静置,548.83,25.98,14256.31,550.05,25.97,14283.49,547.39,11.97,6554.23,551.56,11.98,6608.52,70,68.5,67.8,545.4,10.9,547.3,11,546.9,0,545.9,51.4,25.8,25.5,11.9,11.9,25.8,25.5,11.9,11.9,230.8,231.6,233.4,58.1,57.4,57.2,0,0,0,0,0,0,0,0,0,0,0,0,0,0,0,0,0,70,0,OK
10时24分03秒,46/79 静置,548.83,25.98,14256.31,550.05,25.97,14283.49,547.39,11.97,6554.23,551.56,11.98,6608.52,70,68.5,67.8,545.4,10.9,547.3,11,546.9,0,545.9,51.4,25.8,25.5,11.9,11.9,25.8,25.5,11.9,11.9,230.8,231.6,233.4,58.1,57.4,57.2,0,0,0,0,0,0,0,0,0,0,0,0,0,0,0,0,0,70,0,OK
10时24分08秒,46/79 静置,549.38,25.98,14275.37,546.49,26.03,14226.46,549.58,11.88,6531.58,548.55,11.97,6567.06,70,68.5,67.8,546.7,10.9,546.9,11.2,549.3,0,548.2,51.4,25.8,25.6,11.7,11.8,25.8,25.6,11.7,11.8,230.9,231.5,233.3,58.1,57.4,57.2,0,0,0,0,0,0,0,0,0,0,0,0,0,0,0,0,0,70,0,OK
10时24分13秒,46/79 静置,549.38,25.98,14275.37,546.49,26.03,14226.46,549.58,11.88,6531.58,548.55,11.97,6567.06,70,68.5,67.8,546.7,10.9,546.9,11.2,549.3,0,548.2,51.4,25.8,25.6,11.7,11.8,25.8,25.6,11.7,11.8,230.9,231.5,233.3,58.1,57.4,57.2,0,0,0,0,0,0,0,0,0,0,0,0,0,0,0,0,0,70,0,OK
10时24分18秒,46/79 静置,549.38,26.01,14288.25,547.31,26.04,14250.46,547.12,12.01,6570.73,548.82,11.96,6564.98,70,68.5,67.9,546,11,546.5,11,545.5,0,548.2,51.4,25.8,25.6,11.9,11.8,25.8,25.6,11.9,11.8,231.1,231.6,233.4,57.9,57.2,57,0,0,0,0,0,0,0,0,0,0,0,0,0,0,0,0,0,70,0,OK
10时24分23秒,46/79 静置,549.38,26.01,14288.25,547.31,26.04,14250.46,547.12,12.01,6570.73,548.82,11.96,6564.98,70,68.5,67.9,546,11,546.5,11,545.5,0,548.2,51.4,25.8,25.6,11.9,11.8,25.8,25.6,11.9,11.8,231.1,231.6,233.4,57.9,57.2,57,0,0,0,0,0,0,0,0,0,0,0,0,0,0,0,0,0,70,0,OK
10时24分28秒,46/79 静置,546.64,26.05,14240.47,550.05,25.98,14292.09,545.75,11.97,6530.32,544.71,11.99,6532.85,70,68.6,68,545,11,547.9,11,546.9,0,544.9,51.4,25.9,25.5,11.8,11.9,25.9,25.5,11.8,11.9,231,231.6,233.3,58.1,57.4,57.1,0,0,0,0,0,0,0,0,0,0,0,0,0,0,0,0,0,70,0,OK
10时24分33秒,46/79 静置,546.64,26.05,14240.47,550.05,25.98,14292.09,545.75,11.97,6530.32,544.71,11.99,6532.85,70,68.6,68,545,11,547.9,11,546.9,0,544.9,51.4,25.9,25.5,11.8,11.9,25.9,25.5,11.8,11.9,231,231.6,233.3,58.1,57.4,57.1,0,0,0,0,0,0,0,0,0,0,0,0,0,0,0,0,0,70,0,OK
10时24分38秒,46/79 静置,548.83,25.88,14201.64,545.67,26.06,14218.96,545.2,12.03,6558.39,546.08,12.02,6562.07,70,68.6,68,547.3,11.1,546.4,10.9,544,0,546.5,51.4,25.7,25.6,11.9,11.9,25.7,25.6,11.9,11.9,230.9,231.7,233.2,58.2,57.5,57.2,0,0,0,0,0,0,0,0,0,0,0,0,0,0,0,0,0,70,0,OK
10时24分43秒,46/79 静置,548.83,25.88,14201.64,545.67,26.06,14218.96,545.2,12.03,6558.39,546.08,12.02,6562.07,70,68.6,68,547.3,11.1,546.4,10.9,544,0,546.5,51.4,25.7,25.6,11.9,11.9,25.7,25.6,11.9,11.9,230.9,231.7,233.2,58.2,57.5,57.2,0,0,0,0,0,0,0,0,0,0,0,0,0,0,0,0,0,70,0,OK
10时24分48秒,46/79 静置,543.9,26.1,14197.79,547.31,25.97,14215.72,547.39,12.01,6574.54,546.08,12.03,6570.07,70,68.6,68.1,543.8,11,548.5,10.8,545.7,0,545.1,51.4,25.9,25.5,11.9,11.9,25.9,25.5,11.9,11.9,231.2,231.7,233.7,58,57.3,57.1,0,0,0,0,0,0,0,0,0,0,0,0,0,0,0,0,0,70,0,OK
10时24分53秒,46/79 静置,543.9,26.1,14197.79,547.31,25.97,14215.72,547.39,12.01,6574.54,546.08,12.03,6570.07,70,68.6,68.1,543.8,11,548.5,10.8,545.7,0,545.1,51.4,25.9,25.5,11.9,11.9,25.9,25.5,11.9,11.9,231.2,231.7,233.7,58,57.3,57.1,0,0,0,0,0,0,0,0,0,0,0,0,0,0,0,0,0,70,0,OK
10时24分58秒,46/79 静置,549.11,25.98,14263.44,549.23,25.93,14239.66,550.4,11.78,6485.42,549.37,12,6589.77,70,68.7,68.1,546.5,11,548.7,11,549.1,0,547.3,51.4,25.8,25.5,11.7,11.8,25.8,25.5,11.7,11.8,231,231.5,233.4,58.2,57.5,57.3,0,0,0,0,0,0,0,0,0,0,0,0,0,0,0,0,0,70,0,OK
10时25分03秒,46/79 静置,549.11,25.98,14263.44,549.23,25.93,14239.66,550.4,11.78,6485.42,549.37,12,6589.77,70,68.7,68.1,546.5,11,548.7,11,549.1,0,547.3,51.4,25.8,25.5,11.7,11.8,25.8,25.5,11.7,11.8,231,231.5,233.4,58.2,57.5,57.3,0,0,0,0,0,0,0,0,0,0,0,0,0,0,0,0,0,70,0,OK
10时25分08秒,46/79 静置,548.56,25.97,14248.65,548.41,26.03,14273.58,547.66,12,6571.95,543.62,12.05,6549.97,70,68.7,68.1,546.3,11.1,547.8,10.9,546.6,0,540.2,51.4,25.8,25.5,11.9,11.9,25.8,25.5,11.9,11.9,230.7,231.3,233.2,58.2,57.5,57.3,0,0,0,0,0,0,0,0,0,0,0,0,0,0,0,0,0,70,0,OK
10时25分13秒,46/79 静置,548.56,25.97,14248.65,548.41,26.03,14273.58,547.66,12,6571.95,543.62,12.05,6549.97,70,68.7,68.1,546.3,11.1,547.8,10.9,546.6,0,540.2,51.4,25.8,25.5,11.9,11.9,25.8,25.5,11.9,11.9,230.7,231.3,233.2,58.2,57.5,57.3,0,0,0,0,0,0,0,0,0,0,0,0,0,0,0,0,0,70,0,OK
10时25分18秒,46/79 静置,550.21,25.92,14263.96,548.13,25.95,14221.5,546.57,11.98,6547.08,549.1,11.99,6585.95,70,68.8,68.2,547,11,548.5,10.9,547.1,0,546.5,51.4,25.8,25.5,11.9,11.9,25.8,25.5,11.9,11.9,230.5,231.1,233.1,58.1,57.4,57.2,0,0,0,0,0,0,0,0,0,0,0,0,0,0,0,0,0,70,0,OK
10时25分23秒,46/79 静置,550.21,25.92,14263.96,548.13,25.95,14221.5,546.57,11.98,6547.08,549.1,11.99,6585.95,70,68.8,68.2,547,11,548.5,10.9,547.1,0,546.5,51.4,25.8,25.5,11.9,11.9,25.8,25.5,11.9,11.9,230.5,231.1,233.1,58.1,57.4,57.2,0,0,0,0,0,0,0,0,0,0,0,0,0,0,0,0,0,70,0,OK
10时25分28秒,46/79 静置,538.42,26.19,14098.9,536.93,26.14,14034.05,542.74,12.09,6564.31,541.15,12,6491.2,70,68.8,68.2,540.4,11.1,543.8,11.1,536.9,0,545.1,51.4,26,25.6,12,11.9,26,25.6,12,11.9,230.5,231.5,233.4,58,57.3,57.1,0,0,0,0,0,0,0,0,0,0,0,0,0,0,0,0,0,70,0,OK
10时25分33秒,46/79 静置,538.42,26.19,14098.9,536.93,26.14,14034.05,542.74,12.09,6564.31,541.15,12,6491.2,70,68.8,68.2,540.4,11.1,543.8,11.1,536.9,0,545.1,51.4,26,25.6,12,11.9,26,25.6,12,11.9,230.5,231.5,233.4,58,57.3,57.1,0,0,0,0,0,0,0,0,0,0,0,0,0,0,0,0,0,70,0,OK
10时25分38秒,46/79 静置,545.55,26.11,14243.89,545.4,26.06,14214.5,552.31,11.72,6475.61,547.18,12.02,6577.38,70,68.8,68.2,541.5,11.1,544.8,11.1,548.1,0,544.5,51.4,26,25.6,11.7,11.9,26,25.6,11.7,11.9,230.7,231.6,233.3,58.1,57.4,57.2,0,0,0,0,0,0,0,0,0,0,0,0,0,0,0,0,0,70,0,OK
10时25分43秒,46/79 静置,545.55,26.11,14243.89,545.4,26.06,14214.5,552.31,11.72,6475.61,547.18,12.02,6577.38,70,68.8,68.2,541.5,11.1,544.8,11.1,548.1,0,544.5,51.4,26,25.6,11.7,11.9,26,25.6,11.7,11.9,230.7,231.6,233.3,58.1,57.4,57.2,0,0,0,0,0,0,0,0,0,0,0,0,0,0,0,0,0,70,0,OK
10时25分48秒,46/79 静置,547.19,26,14226.98,550.59,25.83,14219.19,547.39,11.99,6563.85,548.82,11.95,6560.69,70,68.9,68.3,546.8,11.1,548.7,11,546.8,0,549,51.4,25.8,25.4,11.9,11.8,25.8,25.4,11.9,11.8,230.8,231.7,233.5,58,57.3,57.2,0,0,0,0,0,0,0,0,0,0,0,0,0,0,0,0,0,70,0,OK
10时25分53秒,46/79 静置,547.19,26,14226.98,550.59,25.83,14219.19,547.39,11.99,6563.85,548.82,11.95,6560.69,70,68.9,68.3,546.8,11.1,548.7,11,546.8,0,549,51.4,25.8,25.4,11.9,11.8,25.8,25.4,11.9,11.8,230.8,231.7,233.5,58,57.3,57.2,0,0,0,0,0,0,0,0,0,0,0,0,0,0,0,0,0,70,0,OK
10时25分58秒,46/79 静置,548.83,26.02,14281.5,550.05,25.9,14244.82,547.94,11.96,6555.43,550.19,11.97,6588.35,70,68.9,68.3,546.4,11.1,549.5,10.9,547,0,547.9,51.4,25.8,25.3,11.9,11.8,25.8,25.3,11.9,11.8,230.6,231.6,233.3,58,57.3,57.1,0,0,0,0,0,0,0,0,0,0,0,0,0,0,0,0,0,70,0,OK
10时26分03秒,46/79 静置,548.83,26.02,14281.5,550.05,25.9,14244.82,547.94,11.96,6555.43,550.19,11.97,6588.35,70,68.9,68.3,546.4,11.1,549.5,10.9,547,0,547.9,51.4,25.8,25.3,11.9,11.8,25.8,25.3,11.9,11.8,230.6,231.6,233.3,58,57.3,57.1,0,0,0,0,0,0,0,0,0,0,0,0,0,0,0,0,0,70,0,OK
10时26分08秒,46/79 静置,547.19,26.17,14318.35,547.04,26.12,14290.35,543.56,12.02,6531.23,549.92,12,6600.64,70,68.9,68.3,541.4,11.2,544.3,11.1,542.4,0,545.2,51.4,26,25.6,11.9,11.9,26,25.6,11.9,11.9,230.8,231.8,233.1,57.9,57.2,57,0,0,0,0,0,0,0,0,0,0,0,0,0,0,0,0,0,70,0,OK
10时26分13秒,46/79 静置,547.19,26.17,14318.35,547.04,26.12,14290.35,543.56,12.02,6531.23,549.92,12,6600.64,70,68.9,68.3,541.4,11.2,544.3,11.1,542.4,0,545.2,51.4,26,25.6,11.9,11.9,26,25.6,11.9,11.9,230.8,231.8,233.1,57.9,57.2,57,0,0,0,0,0,0,0,0,0,0,0,0,0,0,0,0,0,70,0,OK
10时26分18秒,46/79 静置,550.75,25.75,14184.58,550.32,25.87,14239,544.11,12.04,6551.07,546.91,12.02,6571.42,70,68.9,68.3,547.3,11.2,549.1,11.1,542.7,0,546.3,51.4,25.7,25.3,11.9,11.9,25.7,25.3,11.9,11.9,230.9,231.9,233.5,57.9,57.2,57,0,0,0,0,0,0,0,0,0,0,0,0,0,0,0,0,0,70,0,OK
10时26分23秒,46/79 静置,550.75,25.75,14184.58,550.32,25.87,14239,544.11,12.04,6551.07,546.91,12.02,6571.42,70,68.9,68.3,547.3,11.2,549.1,11.1,542.7,0,546.3,51.4,25.7,25.3,11.9,11.9,25.7,25.3,11.9,11.9,230.9,231.9,233.5,57.9,57.2,57,0,0,0,0,0,0,0,0,0,0,0,0,0,0,0,0,0,70,0,OK
10时26分28秒,46/79 静置,549.11,25.81,14170.13,550.59,25.66,14126.17,550.67,11.83,6514.99,547.18,11.99,6560.81,70,69,68.3,548.1,11,549.6,11,549,0,547.8,51.4,25.6,25.3,11.7,11.8,25.6,25.3,11.7,11.8,230.7,231.6,233.4,58.3,57.5,57.4,0,0,0,0,0,0,0,0,0,0,0,0,0,0,0,0,0,70,0,OK
10时26分33秒,46/79 静置,549.11,25.81,14170.13,550.59,25.66,14126.17,550.67,11.83,6514.99,547.18,11.99,6560.81,70,69,68.3,548.1,11,549.6,11,549,0,547.8,51.4,25.6,25.3,11.7,11.8,25.6,25.3,11.7,11.8,230.7,231.6,233.4,58.3,57.5,57.4,0,0,0,0,0,0,0,0,0,0,0,0,0,0,0,0,0,70,0,OK
10时26分38秒,46/79 静置,547.74,25.93,14203.78,550.05,25.54,14049.29,544.93,12,6539.67,549.1,11.96,6569.33,70,69,68.3,546.8,11,549.8,11.1,545.2,0,548.7,51.4,25.8,25.2,11.9,11.8,25.8,25.2,11.9,11.8,230.6,231.7,233.3,58.2,57.4,57.3,0,0,0,0,0,0,0,0,0,0,0,0,0,0,0,0,0,70,0,OK
10时26分43秒,46/79 静置,547.74,25.93,14203.78,550.05,25.54,14049.29,544.93,12,6539.67,549.1,11.96,6569.33,70,69,68.3,546.8,11,549.8,11.1,545.2,0,548.7,51.4,25.8,25.2,11.9,11.8,25.8,25.2,11.9,11.8,230.6,231.7,233.3,58.2,57.4,57.3,0,0,0,0,0,0,0,0,0,0,0,0,0,0,0,0,0,70,0,OK
10时26分48秒,46/79 静置,546.37,26.08,14249.88,546.77,26.05,14242.65,545.75,12.01,6552.17,547.18,11.99,6559.21,71,69,68.3,543.7,11.1,546.2,11.2,545.4,0,548,51.4,25.9,25.6,11.9,11.8,25.9,25.6,11.9,11.8,230.5,231.4,233.4,58,57.2,57.1,0,0,0,0,0,0,0,0,0,0,0,0,0,0,0,0,0,71,0,OK
10时26分53秒,46/79 静置,546.37,26.08,14249.88,546.77,26.05,14242.65,545.75,12.01,6552.17,547.18,11.99,6559.21,71,69,68.3,543.7,11.1,546.2,11.2,545.4,0,548,51.4,25.9,25.6,11.9,11.8,25.9,25.6,11.9,11.8,230.5,231.4,233.4,58,57.2,57.1,0,0,0,0,0,0,0,0,0,0,0,0,0,0,0,0,0,71,0,OK
10时26分58秒,46/79 静置,544.72,26.14,14239.44,542.67,26.11,14171.35,551.49,11.92,6571.55,545.81,12.04,6572.65,71,69,68.3,541.8,11.1,543.1,11.2,547.4,0,543.3,51.4,26,25.7,11.8,11.9,26,25.7,11.8,11.9,230.6,231.5,233.4,58,57.2,57.1,0,0,0,0,0,0,0,0,0,0,0,0,0,0,0,0,0,71,0,OK
10时27分03秒,46/79 静置,544.72,26.14,14239.44,542.67,26.11,14171.35,551.49,11.92,6571.55,545.81,12.04,6572.65,71,69,68.3,541.8,11.1,543.1,11.2,547.4,0,543.3,51.4,26,25.7,11.8,11.9,26,25.7,11.8,11.9,230.6,231.5,233.4,58,57.2,57.1,0,0,0,0,0,0,0,0,0,0,0,0,0,0,0,0,0,71,0,OK
10时27分08秒,46/79 静置,547.74,26.02,14252.45,547.31,26.02,14242.44,552.04,11.68,6448.15,547.18,12,6564.55,71,69,68.4,544.8,11.1,546.4,11.2,547.8,0,546.9,51.4,25.9,25.6,11.7,11.9,25.9,25.6,11.7,11.9,230.7,231.6,233.5,58.2,57.4,57.3,0,0,0,0,0,0,0,0,0,0,0,0,0,0,0,0,0,71,0,OK
10时27分13秒,46/79 静置,547.74,26.02,14252.45,547.31,26.02,14242.44,552.04,11.68,6448.15,547.18,12,6564.55,71,69,68.4,544.8,11.1,546.4,11.2,547.8,0,546.9,51.4,25.9,25.6,11.7,11.9,25.9,25.6,11.7,11.9,230.7,231.6,233.5,58.2,57.4,57.3,0,0,0,0,0,0,0,0,0,0,0,0,0,0,0,0,0,71,0,OK
10时27分18秒,46/79 静置,549.38,25.98,14271.61,547.04,26.03,14239.07,550.94,11.92,6566.11,547.45,12.01,6575.86,71,69,68.4,546.3,10.9,546.9,11.1,548.1,0,546,51.4,25.8,25.6,11.8,11.9,25.8,25.6,11.8,11.9,230.7,231.7,233.6,58.2,57.4,57.1,0,0,0,0,0,0,0,0,0,0,0,0,0,0,0,0,0,71,0,OK
10时27分23秒,46/79 静置,549.38,25.98,14271.61,547.04,26.03,14239.07,550.94,11.92,6566.11,547.45,12.01,6575.86,71,69,68.4,546.3,10.9,546.9,11.1,548.1,0,546,51.4,25.8,25.6,11.8,11.9,25.8,25.6,11.8,11.9,230.7,231.7,233.6,58.2,57.4,57.1,0,0,0,0,0,0,0,0,0,0,0,0,0,0,0,0,0,71,0,OK
10时27分28秒,46/79 静置,548.01,26.02,14260.1,541.85,26.03,14101.8,547.39,12,6569.2,542.52,12.03,6525.12,71,69,68.4,546,11,547.5,11.1,546.2,0,544.3,51.4,25.8,25.5,11.9,11.9,25.8,25.5,11.9,11.9,230.9,231.7,233.4,58.1,57.4,56.8,0,0,0,0,0,0,0,0,0,0,0,0,0,0,0,0,0,71,0,OK
10时27分33秒,46/79 静置,548.01,26.02,14260.1,541.85,26.03,14101.8,547.39,12,6569.2,542.52,12.03,6525.12,71,69,68.4,546,11,547.5,11.1,546.2,0,544.3,51.4,25.8,25.5,11.9,11.9,25.8,25.5,11.9,11.9,230.9,231.7,233.4,58.1,57.4,56.8,0,0,0,0,0,0,0,0,0,0,0,0,0,0,0,0,0,71,0,OK
10时27分38秒,46/79 静置,542.53,26.11,14164.14,546.22,26.04,14223.61,543.01,12.02,6528.9,549.1,11.99,6585.95,71,69,68.5,542.5,11.1,547.3,10.9,544.1,0,547.4,51.4,26,25.5,11.9,11.9,26,25.5,11.9,11.9,230.9,231.8,233.4,58.1,57.4,57.2,0,0,0,0,0,0,0,0,0,0,0,0,0,0,0,0,0,71,0,OK
10时27分43秒,46/79 静置,542.53,26.11,14164.14,546.22,26.04,14223.61,543.01,12.02,6528.9,549.1,11.99,6585.95,71,69,68.5,542.5,11.1,547.3,10.9,544.1,0,547.4,51.4,26,25.5,11.9,11.9,26,25.5,11.9,11.9,230.9,231.8,233.4,58.1,57.4,57.2,0,0,0,0,0,0,0,0,0,0,0,0,0,0,0,0,0,71,0,OK
10时27分48秒,46/79 静置,546.92,26.08,14262.04,547.59,26.04,14261.86,543.01,12.06,6546.93,548.55,11.99,6575.63,71,69,68.5,544.6,11,546.8,11.1,542,0,547.2,51.4,25.9,25.6,11.9,11.8,25.9,25.6,11.9,11.8,230.8,231.7,233,58.1,57.4,57.2,0,0,0,0,0,0,0,0,0,0,0,0,0,0,0,0,0,71,0,OK
10时27分53秒,46/79 静置,546.92,26.08,14262.04,547.59,26.04,14261.86,543.01,12.06,6546.93,548.55,11.99,6575.63,71,69,68.5,544.6,11,546.8,11.1,542,0,547.2,51.4,25.9,25.6,11.9,11.8,25.9,25.6,11.9,11.8,230.8,231.7,233,58.1,57.4,57.2,0,0,0,0,0,0,0,0,0,0,0,0,0,0,0,0,0,71,0,OK
10时27分58秒,46/79 静置,550.21,26,14308.02,548.95,25.94,14241.71,551.22,11.98,6601.67,548.28,12,6579.3,71,69.1,68.5,545.5,10.9,548.8,11,546.2,0,547.4,51.4,25.9,25.4,11.9,11.8,25.9,25.4,11.9,11.8,230.7,231.6,232.9,58.2,57.5,57.4,0,0,0,0,0,0,0,0,0,0,0,0,0,0,0,0,0,71,0,OK
10时28分03秒,46/79 静置,550.21,26,14308.02,548.95,25.94,14241.71,551.22,11.98,6601.67,548.28,12,6579.3,71,69.1,68.5,545.5,10.9,548.8,11,546.2,0,547.4,51.4,25.9,25.4,11.9,11.8,25.9,25.4,11.9,11.8,230.7,231.6,232.9,58.2,57.5,57.4,0,0,0,0,0,0,0,0,0,0,0,0,0,0,0,0,0,71,0,OK
10时28分08秒,46/79 静置,548.56,26.03,14278.11,544.03,26.08,14187.92,547.12,11.99,6557.37,549.1,11.99,6582.74,71,69.1,68.5,543.8,10.9,545.7,11.1,547,0,547.1,51.4,25.9,25.6,11.8,11.8,25.9,25.6,11.8,11.8,230.5,231.5,232.8,58.2,57.5,57.4,0,0,0,0,0,0,0,0,0,0,0,0,0,0,0,0,0,71,0,OK
10时28分13秒,46/79 静置,548.56,26.03,14278.11,544.03,26.08,14187.92,547.12,11.99,6557.37,549.1,11.99,6582.74,71,69.1,68.5,543.8,10.9,545.7,11.1,547,0,547.1,51.4,25.9,25.6,11.8,11.8,25.9,25.6,11.8,11.8,230.5,231.5,232.8,58.2,57.5,57.4,0,0,0,0,0,0,0,0,0,0,0,0,0,0,0,0,0,71,0,OK
10时28分18秒,46/79 静置,544.18,26.07,14188.45,545.4,26.04,14203.31,543.29,12.03,6536.97,547.45,11.98,6560.36,71,69.1,68.5,544.1,10.7,546.4,11.2,544.4,0,547.7,51.4,25.9,25.5,11.9,11.8,25.9,25.5,11.9,11.8,230.8,231.6,233.3,58,57.3,57.1,0,0,0,0,0,0,0,0,0,0,0,0,0,0,0,0,0,71,0,OK
10时28分23秒,46/79 静置,544.18,26.07,14188.45,545.4,26.04,14203.31,543.29,12.03,6536.97,547.45,11.98,6560.36,71,69.1,68.5,544.1,10.7,546.4,11.2,544.4,0,547.7,51.4,25.9,25.5,11.9,11.8,25.9,25.5,11.9,11.8,230.8,231.6,233.3,58,57.3,57.1,0,0,0,0,0,0,0,0,0,0,0,0,0,0,0,0,0,71,0,OK
10时28分28秒,46/79 静置,548.29,25.97,14241.01,549.23,25.93,14239.66,550.4,11.9,6550.46,545.26,11.99,6535.17,71,69.1,68.5,547.3,10.9,548.8,11.2,548.1,0,547.2,51.4,25.7,25.4,11.8,11.8,25.7,25.4,11.8,11.8,230.8,231.6,233.2,58.2,57.4,57.3,0,0,0,0,0,0,0,0,0,0,0,0,0,0,0,0,0,71,0,OK
10时28分33秒,46/79 静置,548.29,25.97,14241.01,549.23,25.93,14239.66,550.4,11.9,6550.46,545.26,11.99,6535.17,71,69.1,68.5,547.3,10.9,548.8,11.2,548.1,0,547.2,51.4,25.7,25.4,11.8,11.8,25.7,25.4,11.8,11.8,230.8,231.6,233.2,58.2,57.4,57.3,0,0,0,0,0,0,0,0,0,0,0,0,0,0,0,0,0,71,0,OK
10时28分38秒,46/79 静置,541.16,26.03,14088.21,546.49,26.03,14226.99,546.02,12,6551.72,549.92,11.94,6567.34,71,69.1,68.5,545.7,10.8,546.6,11,546.9,0,548.8,51.4,25.9,25.6,11.9,11.8,25.9,25.6,11.9,11.8,230.8,231.8,233.2,58.1,57.3,57.2,0,0,0,0,0,0,0,0,0,0,0,0,0,0,0,0,0,71,0,OK
10时28分43秒,46/79 静置,541.16,26.03,14088.21,546.49,26.03,14226.99,546.02,12,6551.72,549.92,11.94,6567.34,71,69.1,68.5,545.7,10.8,546.6,11,546.9,0,548.8,51.4,25.9,25.6,11.9,11.8,25.9,25.6,11.9,11.8,230.8,231.8,233.2,58.1,57.3,57.2,0,0,0,0,0,0,0,0,0,0,0,0,0,0,0,0,0,71,0,OK
10时28分48秒,46/79 静置,547.46,26.05,14261.89,549.77,25.86,14216.8,545.2,12.01,6549.87,551.01,11.83,6519.62,71,69.1,68.5,545.2,11.2,548.9,11.2,544.6,0,549.6,51.4,25.9,25.5,11.9,11.7,25.9,25.5,11.9,11.7,230.6,231.7,233.1,58.1,57.4,57.2,0,0,0,0,0,0,0,0,0,0,0,0,0,0,0,0,0,71,0,OK
10时28分53秒,46/79 静置,547.46,26.05,14261.89,549.77,25.86,14216.8,545.2,12.01,6549.87,551.01,11.83,6519.62,71,69.1,68.5,545.2,11.2,548.9,11.2,544.6,0,549.6,51.4,25.9,25.5,11.9,11.7,25.9,25.5,11.9,11.7,230.6,231.7,233.1,58.1,57.4,57.2,0,0,0,0,0,0,0,0,0,0,0,0,0,0,0,0,0,71,0,OK
10时28分58秒,46/79 静置,550.48,25.83,14217.83,545.4,26.06,14214.5,547.12,11.98,6556.83,550.74,11.92,6567.48,71,69.1,68.5,546.8,10.8,546.4,10.9,547.9,0,549,51.4,25.8,25.6,11.8,11.8,25.8,25.6,11.8,11.8,230,231.8,233.1,58.1,57.4,57.2,0,0,0,0,0,0,0,0,0,0,0,0,0,0,0,0,0,71,0,OK
10时29分03秒,46/79 静置,550.48,25.83,14217.83,545.4,26.06,14214.5,547.12,11.98,6556.83,550.74,11.92,6567.48,71,69.1,68.5,546.8,10.8,546.4,10.9,547.9,0,549,51.4,25.8,25.6,11.8,11.8,25.8,25.6,11.8,11.8,230,231.8,233.1,58.1,57.4,57.2,0,0,0,0,0,0,0,0,0,0,0,0,0,0,0,0,0,71,0,OK
10时29分08秒,46/79 静置,544.45,25.99,14147.75,538.29,26.05,14024.55,541.92,12,6503.58,549.37,11.99,6584.41,71,69.1,68.5,544.3,11,546.2,11.1,545.4,0,546.5,51.4,25.9,25.5,11.9,11.8,25.9,25.5,11.9,11.8,230.6,231.6,233.2,58.2,57.4,57.3,0,0,0,0,0,0,0,0,0,0,0,0,0,0,0,0,0,71,0,OK
10时29分13秒,46/79 静置,544.45,25.99,14147.75,538.29,26.05,14024.55,541.92,12,6503.58,549.37,11.99,6584.41,71,69.1,68.5,544.3,11,546.2,11.1,545.4,0,546.5,51.4,25.9,25.5,11.9,11.8,25.9,25.5,11.9,11.8,230.6,231.6,233.2,58.2,57.4,57.3,0,0,0,0,0,0,0,0,0,0,0,0,0,0,0,0,0,71,0,OK
10时29分18秒,46/79 静置,547.74,26.03,14259.41,546.49,26.03,14223.26,543.83,12.05,6554.7,546.91,12.02,6572.49,71,69.1,68.5,544.9,11,547.6,11.2,541.8,0,546.8,51.4,25.9,25.5,11.9,11.9,25.9,25.5,11.9,11.9,230.7,231.6,233.3,58.1,57.4,57.2,0,0,0,0,0,0,0,0,0,0,0,0,0,0,0,0,0,71,0,OK
10时29分23秒,46/79 静置,547.74,26.03,14259.41,546.49,26.03,14223.26,543.83,12.05,6554.7,546.91,12.02,6572.49,71,69.1,68.5,544.9,11,547.6,11.2,541.8,0,546.8,51.4,25.9,25.5,11.9,11.9,25.9,25.5,11.9,11.9,230.7,231.6,233.3,58.1,57.4,57.2,0,0,0,0,0,0,0,0,0,0,0,0,0,0,0,0,0,71,0,OK
10时29分28秒,46/79 静置,548.83,25.85,14189.85,550.59,25.49,14034.23,546.84,12.04,6582.93,551.84,11.64,6425.88,71,69.1,68.6,547.5,11,549.9,11.1,543.9,0,549.7,51.4,25.7,25.2,11.9,11.6,25.7,25.2,11.9,11.6,230.8,231.6,233.2,58,57.3,57.2,0,0,0,0,0,0,0,0,0,0,0,0,0,0,0,0,0,71,0,OK
10时29分33秒,46/79 静置,548.83,25.85,14189.85,550.59,25.49,14034.23,546.84,12.04,6582.93,551.84,11.64,6425.88,71,69.1,68.6,547.5,11,549.9,11.1,543.9,0,549.7,51.4,25.7,25.2,11.9,11.6,25.7,25.2,11.9,11.6,230.8,231.6,233.2,58,57.3,57.2,0,0,0,0,0,0,0,0,0,0,0,0,0,0,0,0,0,71,0,OK
10时29分38秒,46/79 静置,548.29,26,14253.32,549.5,25.8,14177.53,549.03,11.93,6549.75,547.18,11.96,6546.39,71,69.2,68.6,546.5,10.9,548.2,11.2,548.3,0,547.9,51.4,25.8,25.5,11.8,11.8,25.8,25.5,11.8,11.8,230.6,231.5,233,58.3,57.6,57.4,0,0,0,0,0,0,0,0,0,0,0,0,0,0,0,0,0,71,0,OK
10时29分43秒,46/79 静置,544.18,25.98,14139.03,548.13,26.02,14264.33,548.21,11.99,6574.23,545.26,12.02,6551.67,71,69.2,68.6,546.4,11,546.7,11,546.5,0,546.2,51.4,25.7,25.6,11.9,11.9,25.7,25.6,11.9,11.9,230.9,231.6,233.3,58.1,57.4,57.2,0,0,0,0,0,0,0,0,0,0,0,0,0,0,0,0,0,71,0,OK
10时29分48秒,46/79 静置,544.18,25.98,14139.03,548.13,26.02,14264.33,548.21,11.99,6574.23,545.26,12.02,6551.67,71,69.2,68.6,546.4,11,546.7,11,546.5,0,546.2,51.4,25.7,25.6,11.9,11.9,25.7,25.6,11.9,11.9,230.9,231.6,233.3,58.1,57.4,57.2,0,0,0,0,0,0,0,0,0,0,0,0,0,0,0,0,0,71,0,OK
10时29分53秒,46/79 静置,548.56,26.03,14280.79,546.22,26.1,14254.55,545.75,12.02,6558.57,549.1,11.98,6575.77,71,69.2,68.6,545.4,11,545.8,11,544.4,0,547.4,51.4,25.9,25.6,11.9,11.8,25.9,25.6,11.9,11.8,231,231.6,233.3,58.1,57.3,57.2,0,0,0,0,0,0,0,0,0,0,0,0,0,0,0,0,0,71,0,OK
10时29分58秒,46/79 静置,548.56,26.03,14280.79,546.22,26.1,14254.55,545.75,12.02,6558.57,549.1,11.98,6575.77,71,69.2,68.6,545.4,11,545.8,11,544.4,0,547.4,51.4,25.9,25.6,11.9,11.8,25.9,25.6,11.9,11.8,231,231.6,233.3,58.1,57.3,57.2,0,0,0,0,0,0,0,0,0,0,0,0,0,0,0,0,0,71,0,OK
10时30分03秒,46/79 静置,546.92,26.03,14237.47,548.68,26,14266.23,548.21,11.79,6462.87,549.65,11.96,6574.81,71,69.2,68.6,546.2,10.9,547.8,11.2,548.8,0,548.8,51.4,25.8,25.5,11.7,11.8,25.8,25.5,11.7,11.8,231.1,231.9,233.6,58.2,57.4,57.3,0,0,0,0,0,0,0,0,0,0,0,0,0,0,0,0,0,71,0,OK
10时30分08秒,46/79 静置,546.92,26.03,14237.47,548.68,26,14266.23,548.21,11.79,6462.87,549.65,11.96,6574.81,71,69.2,68.6,546.2,10.9,547.8,11.2,548.8,0,548.8,51.4,25.8,25.5,11.7,11.8,25.8,25.5,11.7,11.8,231.1,231.9,233.6,58.2,57.4,57.3,0,0,0,0,0,0,0,0,0,0,0,0,0,0,0,0,0,71,0,OK
10时30分13秒,46/79 静置,546.92,26.03,14237.47,548.68,26,14266.23,548.21,11.79,6462.87,549.65,11.96,6574.81,71,69.2,68.6,546.2,10.9,547.8,11.2,548.8,0,548.8,51.4,25.8,25.5,11.7,11.8,25.8,25.5,11.7,11.8,231.1,231.9,233.6,58.2,57.4,57.3,0,0,0,0,0,0,0,0,0,0,0,0,0,0,0,0,0,71,0,OK
10时30分18秒,46/79 静置,543.08,26.14,14198.6,548.95,26,14270.13,547.12,12.01,6570.19,549.1,12,6587.56,71,69.2,68.6,541.5,11,547.9,11.2,544.6,0,547.3,51.4,26,25.5,11.9,11.9,26,25.5,11.9,11.9,231,231.6,233.4,58.1,57.4,57.2,0,0,0,0,0,0,0,0,0,0,0,0,0,0,0,0,0,71,0,OK
10时30分23秒,46/79 静置,548.83,25.91,14222.54,541.85,26.14,14165.29,545.47,12.01,6550.49,549.37,11.98,6582.26,71,69.2,68.6,547,11,543.4,11.1,546.7,0,547.7,51.4,25.8,25.7,11.8,11.8,25.8,25.7,11.8,11.8,230.8,231.8,233.4,58.1,57.4,57.2,0,0,0,0,0,0,0,0,0,0,0,0,0,0,0,0,0,71,0,OK
10时30分28秒,46/79 静置,548.83,25.91,14222.54,541.85,26.14,14165.29,545.47,12.01,6550.49,549.37,11.98,6582.26,71,69.2,68.6,547,11,543.4,11.1,546.7,0,547.7,51.4,25.8,25.7,11.8,11.8,25.8,25.7,11.8,11.8,230.8,231.8,233.4,58.1,57.4,57.2,0,0,0,0,0,0,0,0,0,0,0,0,0,0,0,0,0,71,0,OK
10时30分33秒,46/79 静置,549.66,25.72,14139.72,547.86,25.99,14240.09,548.76,11.99,6580.25,549.65,11.81,6493.22,71,69.2,68.6,548.1,10.4,548.2,11.1,547.7,0,549.3,51.4,25.6,25.5,11.8,11.7,25.6,25.5,11.8,11.7,230.5,231.3,232.9,58.3,57.5,57.3,0,0,0,0,0,0,0,0,0,0,0,0,0,0,0,0,0,71,0,OK
10时30分38秒,46/79 静置,549.66,25.72,14139.72,547.86,25.99,14240.09,548.76,11.99,6580.25,549.65,11.81,6493.22,71,69.2,68.6,548.1,10.4,548.2,11.1,547.7,0,549.3,51.4,25.6,25.5,11.8,11.7,25.6,25.5,11.8,11.7,230.5,231.3,232.9,58.3,57.5,57.3,0,0,0,0,0,0,0,0,0,0,0,0,0,0,0,0,0,71,0,OK
10时30分43秒,46/79 静置,547.19,26.05,14255.83,550.05,25.94,14269.53,549.3,11.97,6577.15,551.29,11.48,6326.37,71,69.3,68.6,545.6,10.9,549.1,11,548.5,0,550.4,51.4,25.8,25.4,11.8,11.5,25.8,25.4,11.8,11.5,230.3,231.9,233.3,58.1,57.2,57.2,0,0,0,0,0,0,0,0,0,0,0,0,0,0,0,0,0,71,0,OK
10时30分48秒,46/79 静置,547.19,26.05,14255.83,550.05,25.94,14269.53,549.3,11.97,6577.15,551.29,11.48,6326.37,71,69.3,68.6,545.6,10.9,549.1,11,548.5,0,550.4,51.4,25.8,25.4,11.8,11.5,25.8,25.4,11.8,11.5,230.3,231.9,233.3,58.1,57.2,57.2,0,0,0,0,0,0,0,0,0,0,0,0,0,0,0,0,0,71,0,OK
10时30分53秒,46/79 静置,547.19,26.05,14255.83,550.05,25.94,14269.53,549.3,11.97,6577.15,551.29,11.48,6326.37,71,69.3,68.6,545.6,10.9,549.1,11,548.5,0,550.4,51.4,25.8,25.4,11.8,11.5,25.8,25.4,11.8,11.5,230.3,231.9,233.3,58.1,57.2,57.2,0,0,0,0,0,0,0,0,0,0,0,0,0,0,0,0,0,71,0,OK
10时30分58秒,46/79 静置,549.11,25.89,14214.64,548.95,25.97,14257.8,551.22,11.47,6324.99,547.73,11.94,6539.03,72,69.3,68.6,547.8,10.8,548.5,11,551,0,548.6,51.4,25.7,25.5,11.4,11.7,25.7,25.5,11.4,11.7,230.2,231.8,233.1,58.3,57.3,57.3,0,0,0,0,0,0,0,0,0,0,0,0,0,0,0,0,0,72,0,OK
10时31分03秒,46/79 静置,549.11,25.89,14214.64,548.95,25.97,14257.8,551.22,11.47,6324.99,547.73,11.94,6539.03,72,69.3,68.6,547.8,10.8,548.5,11,551,0,548.6,51.4,25.7,25.5,11.4,11.7,25.7,25.5,11.4,11.7,230.2,231.8,233.1,58.3,57.3,57.3,0,0,0,0,0,0,0,0,0,0,0,0,0,0,0,0,0,72,0,OK
10时31分08秒,46/79 静置,547.19,26.07,14262.78,549.23,25.94,14245.56,547.12,12,6565.38,548.82,11.98,6575.16,72,69.3,68.6,544.9,10.9,547.7,11,547.1,0,547.9,51.4,25.9,25.5,11.8,11.8,25.9,25.5,11.8,11.8,230.3,231.9,233.4,58.2,57.3,57.4,0,0,0,0,0,0,0,0,0,0,0,0,0,0,0,0,0,72,0,OK
10时31分13秒,46/79 静置,547.19,26.07,14262.78,549.23,25.94,14245.56,547.12,12,6565.38,548.82,11.98,6575.16,72,69.3,68.6,544.9,10.9,547.7,11,547.1,0,547.9,51.4,25.9,25.5,11.8,11.8,25.9,25.5,11.8,11.8,230.3,231.9,233.4,58.2,57.3,57.4,0,0,0,0,0,0,0,0,0,0,0,0,0,0,0,0,0,72,0,OK
10时31分18秒,46/79 静置,545,26.08,14215.75,549.23,25.97,14263.8,547.66,12,6572.48,544.99,12.03,6558.49,72,69.3,68.6,543.5,10.9,547.7,11,546.6,0,545.7,51.4,25.9,25.5,11.9,11.9,25.9,25.5,11.9,11.9,230.4,232.1,233,58.2,57.3,57.2,0,0,0,0,0,0,0,0,0,0,0,0,0,0,0,0,0,72,0,OK
10时31分23秒,46/79 静置,545.27,26.08,14222.9,547.31,26,14228.55,551.22,11.81,6510.16,549.65,11.93,6558.17,72,69.3,68.6,543.2,11,547.3,11,548,0,548.4,51.4,25.9,25.5,11.8,11.8,25.9,25.5,11.8,11.8,230.5,232,233.1,58.3,57.3,57.4,0,0,0,0,0,0,0,0,0,0,0,0,0,0,0,0,0,72,0,OK
10时31分28秒,46/79 静置,545.27,26.08,14222.9,547.31,26,14228.55,551.22,11.81,6510.16,549.65,11.93,6558.17,72,69.3,68.6,543.2,11,547.3,11,548,0,548.4,51.4,25.9,25.5,11.8,11.8,25.9,25.5,11.8,11.8,230.5,232,233.1,58.3,57.3,57.4,0,0,0,0,0,0,0,0,0,0,0,0,0,0,0,0,0,72,0,OK
10时31分33秒,46/79 静置,548.83,26.05,14295.44,551.14,25.95,14302.75,544.38,12.04,6553.83,547.45,11.96,6548.06,72,69.3,68.6,545.3,11.2,548.3,11,543.4,0,547,51.4,25.9,25.4,11.9,11.8,25.9,25.4,11.9,11.8,230.2,232.1,233.3,58.2,57.3,57.3,0,0,0,0,0,0,0,0,0,0,0,0,0,0,0,0,0,72,0,OK
10时31分38秒,46/79 静置,548.83,26.05,14295.44,551.14,25.95,14302.75,544.38,12.04,6553.83,547.45,11.96,6548.06,72,69.3,68.6,545.3,11.2,548.3,11,543.4,0,547,51.4,25.9,25.4,11.9,11.8,25.9,25.4,11.9,11.8,230.2,232.1,233.3,58.2,57.3,57.3,0,0,0,0,0,0,0,0,0,0,0,0,0,0,0,0,0,72,0,OK
10时31分43秒,46/79 静置,549.38,25.97,14266.79,547.59,26.03,14253.84,549.3,12,6590.56,545.81,12.01,6555.59,72,69.4,68.7,546.3,11,546.3,11,546.2,0,546.7,51.4,25.8,25.6,11.9,11.9,25.8,25.6,11.9,11.9,230.2,231.9,233.3,58.3,57.3,57.4,0,0,0,0,0,0,0,0,0,0,0,0,0,0,0,0,0,72,0,OK
10时31分48秒,46/79 静置,549.38,25.97,14266.79,547.59,26.03,14253.84,549.3,12,6590.56,545.81,12.01,6555.59,72,69.4,68.7,546.3,11,546.3,11,546.2,0,546.7,51.4,25.8,25.6,11.9,11.9,25.8,25.6,11.9,11.9,230.2,231.9,233.3,58.3,57.3,57.4,0,0,0,0,0,0,0,0,0,0,0,0,0,0,0,0,0,72,0,OK
10时31分53秒,46/79 静置,550.21,25.75,14167.24,549.5,25.81,14180.21,550.67,11.95,6580.06,548.82,12,6583.73,72,69.4,68.7,547.5,10.9,550.2,10.8,548.5,0,546.8,51.4,25.7,25.1,11.8,11.9,25.7,25.1,11.8,11.9,230.1,231.7,233.2,58.3,57.3,57.3,0,0,0,0,0,0,0,0,0,0,0,0,0,0,0,0,0,72,0,OK
10时31分58秒,46/79 静置,550.21,25.75,14167.24,549.5,25.81,14180.21,550.67,11.95,6580.06,548.82,12,6583.73,72,69.4,68.7,547.5,10.9,550.2,10.8,548.5,0,546.8,51.4,25.7,25.1,11.8,11.9,25.7,25.1,11.8,11.9,230.1,231.7,233.2,58.3,57.3,57.3,0,0,0,0,0,0,0,0,0,0,0,0,0,0,0,0,0,72,0,OK
10时32分03秒,46/79 静置,545,26,14168.38,549.77,25.83,14201.23,540.83,11.98,6480.42,547.73,11.98,6563.64,72,69.4,68.7,546.8,10.8,547.5,11.2,547.3,0,548,51.4,25.8,25.5,11.8,11.8,25.8,25.5,11.8,11.8,230.3,231.8,233.2,58.3,57.3,57.3,0,0,0,0,0,0,0,0,0,0,0,0,0,0,0,0,0,72,0,OK
10时32分08秒,46/79 静置,545,26,14168.38,549.77,25.83,14201.23,540.83,11.98,6480.42,547.73,11.98,6563.64,72,69.4,68.7,546.8,10.8,547.5,11.2,547.3,0,548,51.4,25.8,25.5,11.8,11.8,25.8,25.5,11.8,11.8,230.3,231.8,233.2,58.3,57.3,57.3,0,0,0,0,0,0,0,0,0,0,0,0,0,0,0,0,0,72,0,OK
10时32分13秒,46/79 静置,544.72,26.02,14175.08,546.49,26.01,14216.32,546.02,11.94,6521.86,549.1,12.02,6598.29,72,69.4,68.7,545,11,547.7,11,547.8,0,547.2,51.4,25.9,25.5,11.8,11.8,25.9,25.5,11.8,11.8,230.3,232.2,233.4,58.2,57.3,57.3,0,0,0,0,0,0,0,0,0,0,0,0,0,0,0,0,0,72,0,OK
10时32分18秒,46/79 静置,544.72,26.02,14175.08,546.49,26.01,14216.32,546.02,11.94,6521.86,549.1,12.02,6598.29,72,69.4,68.7,545,11,547.7,11,547.8,0,547.2,51.4,25.9,25.5,11.8,11.8,25.9,25.5,11.8,11.8,230.3,232.2,233.4,58.2,57.3,57.3,0,0,0,0,0,0,0,0,0,0,0,0,0,0,0,0,0,72,0,OK
10时32分23秒,46/79 静置,542.81,26.13,14186.12,548.13,26.01,14257.37,549.03,11.99,6582.45,548.82,12,6586.95,72,69.5,68.7,541.2,11.1,548.2,11,546.4,0,546.9,51.4,26,25.5,11.9,11.9,26,25.5,11.9,11.9,230.2,232.2,233.4,58.3,57.3,57.3,0,0,0,0,0,0,0,0,0,0,0,0,0,0,0,0,0,72,0,OK
10时32分28秒,46/79 静置,542.81,26.13,14186.12,548.13,26.01,14257.37,549.03,11.99,6582.45,548.82,12,6586.95,72,69.5,68.7,541.2,11.1,548.2,11,546.4,0,546.9,51.4,26,25.5,11.9,11.9,26,25.5,11.9,11.9,230.2,232.2,233.4,58.3,57.3,57.3,0,0,0,0,0,0,0,0,0,0,0,0,0,0,0,0,0,72,0,OK
10时32分33秒,46/79 静置,545,26.09,14218.41,549.5,25.97,14270.37,550.4,11.9,6547.23,550.19,11.86,6526.56,72,69.5,68.8,543.9,11,548.1,11.2,548.2,0,548.6,51.4,25.9,25.5,11.8,11.8,25.9,25.5,11.8,11.8,230.4,232.3,233.6,58,57,57.1,0,0,0,0,0,0,0,0,0,0,0,0,0,0,0,0,0,72,0,OK
10时32分38秒,46/79 静置,545,26.09,14218.41,549.5,25.97,14270.37,550.4,11.9,6547.23,550.19,11.86,6526.56,72,69.5,68.8,543.9,11,548.1,11.2,548.2,0,548.6,51.4,25.9,25.5,11.8,11.8,25.9,25.5,11.8,11.8,230.4,232.3,233.6,58,57,57.1,0,0,0,0,0,0,0,0,0,0,0,0,0,0,0,0,0,72,0,OK
10时32分43秒,46/79 静置,545,26.03,14188.6,544.03,26.1,14197.49,542.47,12.05,6534.51,549.65,11.96,6575.35,72,69.5,68.8,545.7,11.1,544.9,11,543.3,0,547.8,51.4,25.9,25.6,11.9,11.8,25.9,25.6,11.9,11.8,230.4,232.1,233.3,58.2,57.3,57.3,0,0,0,0,0,0,0,0,0,0,0,0,0,0,0,0,0,72,0,OK
10时32分48秒,46/79 静置,545,26.03,14188.6,544.03,26.1,14197.49,542.47,12.05,6534.51,549.65,11.96,6575.35,72,69.5,68.8,545.7,11.1,544.9,11,543.3,0,547.8,51.4,25.9,25.6,11.9,11.8,25.9,25.6,11.9,11.8,230.4,232.1,233.3,58.2,57.3,57.3,0,0,0,0,0,0,0,0,0,0,0,0,0,0,0,0,0,72,0,OK
10时32分53秒,46/79 静置,548.56,26.02,14273.29,547.31,25.99,14226.94,544.11,12.04,6548.42,547.73,12,6575.4,72,69.5,68.8,545.8,11,547.5,11.1,544.6,0,545.4,51.4,25.9,25.5,11.9,11.9,25.9,25.5,11.9,11.9,230.5,231.8,233.2,58,57.2,57.1,0,0,0,0,0,0,0,0,0,0,0,0,0,0,0,0,0,72,0,OK
10时32分58秒,46/79 静置,548.56,26.02,14273.29,547.31,25.99,14226.94,544.11,12.04,6548.42,547.73,12,6575.4,72,69.5,68.8,545.8,11,547.5,11.1,544.6,0,545.4,51.4,25.9,25.5,11.9,11.9,25.9,25.5,11.9,11.9,230.5,231.8,233.2,58,57.2,57.1,0,0,0,0,0,0,0,0,0,0,0,0,0,0,0,0,0,72,0,OK
10时33分03秒,46/79 静置,548.56,26.04,14282.93,548.41,26.04,14282.15,549.3,11.96,6569.64,549.37,11.92,6546.31,72,69.5,68.8,546.2,11,546.8,11.2,548.5,0,549.2,51.4,25.8,25.5,11.8,11.8,25.8,25.5,11.8,11.8,230.6,231.8,233.3,58.1,57.4,57.2,0,0,0,0,0,0,0,0,0,0,0,0,0,0,0,0,0,72,0,OK
10时33分08秒,46/79 静置,548.56,26.04,14282.93,548.41,26.04,14282.15,549.3,11.96,6569.64,549.37,11.92,6546.31,72,69.5,68.8,546.2,11,546.8,11.2,548.5,0,549.2,51.4,25.8,25.5,11.8,11.8,25.8,25.5,11.8,11.8,230.6,231.8,233.3,58.1,57.4,57.2,0,0,0,0,0,0,0,0,0,0,0,0,0,0,0,0,0,72,0,OK
10时33分13秒,46/79 静置,548.83,25.91,14219.86,548.95,26.01,14280.31,543.01,12.05,6543.75,547.73,12,6573.8,72,69.6,68.8,547.1,11.1,547.2,11,541.9,0,546.7,51.4,25.8,25.5,11.9,11.9,25.8,25.5,11.9,11.9,230.7,231.7,233.6,58.1,57.3,57.2,0,0,0,0,0,0,0,0,0,0,0,0,0,0,0,0,0,72,0,OK
10时33分18秒,46/79 静置,548.83,25.91,14219.86,548.95,26.01,14280.31,543.01,12.05,6543.75,547.73,12,6573.8,72,69.6,68.8,547.1,11.1,547.2,11,541.9,0,546.7,51.4,25.8,25.5,11.9,11.9,25.8,25.5,11.9,11.9,230.7,231.7,233.6,58.1,57.3,57.2,0,0,0,0,0,0,0,0,0,0,0,0,0,0,0,0,0,72,0,OK
10时33分23秒,46/79 静置,548.01,26,14247.26,549.23,25.99,14272.38,540.83,12.03,6505.77,547.18,12.01,6569.36,72,69.6,68.9,547.2,10.9,547.9,11,545.4,0,546.7,51.4,25.7,25.5,11.9,11.9,25.7,25.5,11.9,11.9,230.8,231.7,233.6,58,57.2,57.1,0,0,0,0,0,0,0,0,0,0,0,0,0,0,0,0,0,72,0,OK
10时33分28秒,46/79 静置,548.01,26,14247.26,549.23,25.99,14272.38,540.83,12.03,6505.77,547.18,12.01,6569.36,72,69.6,68.9,547.2,10.9,547.9,11,545.4,0,546.7,51.4,25.7,25.5,11.9,11.9,25.7,25.5,11.9,11.9,230.8,231.7,233.6,58,57.2,57.1,0,0,0,0,0,0,0,0,0,0,0,0,0,0,0,0,0,72,0,OK
10时33分33秒,46/79 静置,546.64,26,14210.04,548.95,26.01,14276.56,544.38,11.95,6506.52,543.89,12.03,6541.58,72,69.6,68.9,546.4,10.9,548.4,10.9,548.2,0,545.1,51.4,25.8,25.5,11.8,11.9,25.8,25.5,11.8,11.9,230.6,231.5,233.1,58.2,57.4,57.3,0,0,0,0,0,0,0,0,0,0,0,0,0,0,0,0,0,72,0,OK
10时33分38秒,46/79 静置,546.64,26,14210.04,548.95,26.01,14276.56,544.38,11.95,6506.52,543.89,12.03,6541.58,72,69.6,68.9,546.4,10.9,548.4,10.9,548.2,0,545.1,51.4,25.8,25.5,11.8,11.9,25.8,25.5,11.8,11.9,230.6,231.5,233.1,58.2,57.4,57.3,0,0,0,0,0,0,0,0,0,0,0,0,0,0,0,0,0,72,0,OK
10时33分43秒,46/79 静置,543.9,26.12,14206.82,544.31,26.1,14208.87,549.58,11.99,6591.69,545.26,12,6541.02,72,69.6,68.9,542.4,11.1,544.3,11,546.5,0,547.3,51.4,26,25.6,11.9,11.8,26,25.6,11.9,11.8,230.6,231.7,233.2,58.1,57.4,57.2,0,0,0,0,0,0,0,0,0,0,0,0,0,0,0,0,0,72,0,OK
10时33分48秒,46/79 静置,543.9,26.12,14206.82,544.31,26.1,14208.87,549.58,11.99,6591.69,545.26,12,6541.02,72,69.6,68.9,542.4,11.1,544.3,11,546.5,0,547.3,51.4,26,25.6,11.9,11.8,26,25.6,11.9,11.8,230.6,231.7,233.2,58.1,57.4,57.2,0,0,0,0,0,0,0,0,0,0,0,0,0,0,0,0,0,72,0,OK
10时33分53秒,46/79 静置,549.11,25.99,14268.8,548.68,25.98,14253.91,550.12,11.87,6530.55,548.82,12.01,6589.63,72,69.7,68.9,547.1,11,547.4,11,548.4,0,546.2,51.4,25.8,25.5,11.8,11.9,25.8,25.5,11.8,11.9,230.4,231.5,233.4,58,57.2,57.1,0,0,0,0,0,0,0,0,0,0,0,0,0,0,0,0,0,72,0,OK
10时33分58秒,46/79 静置,549.11,25.99,14268.8,548.68,25.98,14253.91,550.12,11.87,6530.55,548.82,12.01,6589.63,72,69.7,68.9,547.1,11,547.4,11,548.4,0,546.2,51.4,25.8,25.5,11.8,11.9,25.8,25.5,11.8,11.9,230.4,231.5,233.4,58,57.2,57.1,0,0,0,0,0,0,0,0,0,0,0,0,0,0,0,0,0,72,0,OK
10时34分03秒,46/79 静置,548.83,25.93,14233.26,548.13,26.01,14257.9,550.4,11.93,6567.12,551.56,11.67,6437.77,72,69.7,69,546.5,10.8,547.9,11.1,548.2,0,549.3,51.4,25.8,25.5,11.8,11.7,25.8,25.5,11.8,11.7,230.5,231.6,233.5,58.1,57.3,57.2,0,0,0,0,0,0,0,0,0,0,0,0,0,0,0,0,0,72,0,OK
10时34分08秒,46/79 静置,548.83,25.93,14233.26,548.13,26.01,14257.9,550.4,11.93,6567.12,551.56,11.67,6437.77,72,69.7,69,546.5,10.8,547.9,11.1,548.2,0,549.3,51.4,25.8,25.5,11.8,11.7,25.8,25.5,11.8,11.7,230.5,231.6,233.5,58.1,57.3,57.2,0,0,0,0,0,0,0,0,0,0,0,0,0,0,0,0,0,72,0,OK
10时34分13秒,46/79 静置,545.27,25.97,14160.07,548.95,25.99,14269.05,547.12,12.01,6573.4,547.45,11.97,6555.55,72,69.7,69,547,10.6,547.5,11.2,545,0,548.7,51.4,25.6,25.5,11.9,11.8,25.6,25.5,11.9,11.8,230.7,231.7,233.6,58.2,57.4,57.3,0,0,0,0,0,0,0,0,0,0,0,0,0,0,0,0,0,72,0,OK
10时34分18秒,46/79 静置,545.27,25.97,14160.07,548.95,25.99,14269.05,547.12,12.01,6573.4,547.45,11.97,6555.55,72,69.7,69,547,10.6,547.5,11.2,545,0,548.7,51.4,25.6,25.5,11.9,11.8,25.6,25.5,11.9,11.8,230.7,231.7,233.6,58.2,57.4,57.3,0,0,0,0,0,0,0,0,0,0,0,0,0,0,0,0,0,72,0,OK
10时34分23秒,46/79 静置,549.11,26,14274.7,545.95,26,14194.63,547.94,12,6573.62,548.55,11.94,6549.92,72,69.7,69,546,11,547.3,11.1,545.9,0,548.8,51.4,25.9,25.5,11.9,11.8,25.9,25.5,11.9,11.8,230.8,231.6,233.5,58,57.3,57.2,0,0,0,0,0,0,0,0,0,0,0,0,0,0,0,0,0,72,0,OK
10时34分28秒,46/79 静置,549.11,26,14274.7,545.95,26,14194.63,547.94,12,6573.62,548.55,11.94,6549.92,72,69.7,69,546,11,547.3,11.1,545.9,0,548.8,51.4,25.9,25.5,11.9,11.8,25.9,25.5,11.9,11.8,230.8,231.6,233.5,58,57.3,57.2,0,0,0,0,0,0,0,0,0,0,0,0,0,0,0,0,0,72,0,OK
10时34分33秒,46/79 静置,544.72,26.04,14183.59,544.58,26.11,14218.65,548.76,11.98,6573.82,547.18,12.02,6577.91,72,69.8,69,544.9,11,544.8,11.3,547,0,544,51.4,25.9,25.6,11.9,11.9,25.9,25.6,11.9,11.9,230.6,231.7,233.1,58.1,57.4,57.3,0,0,0,0,0,0,0,0,0,0,0,0,0,0,0,0,0,72,0,OK
10时34分38秒,46/79 静置,544.72,26.04,14183.59,544.58,26.11,14218.65,548.76,11.98,6573.82,547.18,12.02,6577.91,72,69.8,69,544.9,11,544.8,11.3,547,0,544,51.4,25.9,25.6,11.9,11.9,25.9,25.6,11.9,11.9,230.6,231.7,233.1,58.1,57.4,57.3,0,0,0,0,0,0,0,0,0,0,0,0,0,0,0,0,0,72,0,OK
10时34分43秒,46/79 静置,550.48,25.79,14194.17,547.31,25.97,14213.58,549.85,11.95,6569.72,550.47,11.94,6572.27,72,69.8,69,547.3,10.9,549.2,11.1,547.9,0,548.1,51.4,25.8,25.4,11.8,11.8,25.8,25.4,11.8,11.8,230.8,231.7,233.2,58.1,57.4,56.9,0,0,0,0,0,0,0,0,0,0,0,0,0,0,0,0,0,72,0,OK
10时34分48秒,46/79 静置,550.48,25.79,14194.17,547.31,25.97,14213.58,549.85,11.95,6569.72,550.47,11.94,6572.27,72,69.8,69,547.3,10.9,549.2,11.1,547.9,0,548.1,51.4,25.8,25.4,11.8,11.8,25.8,25.4,11.8,11.8,230.8,231.7,233.2,58.1,57.4,56.9,0,0,0,0,0,0,0,0,0,0,0,0,0,0,0,0,0,72,0,OK
10时34分53秒,46/79 静置,546.37,26.01,14213.07,549.77,25.69,14126.06,548.76,12.01,6588.29,544.99,12.01,6544.12,72,69.8,69,546.2,11.2,549.2,11,545.6,0,546,51.4,25.8,25.3,11.9,11.9,25.8,25.3,11.9,11.9,230.7,231.4,233.3,58.2,57.5,57.2,0,0,0,0,0,0,0,0,0,0,0,0,0,0,0,0,0,72,0,OK
10时34分58秒,46/79 静置,546.37,26.01,14213.07,549.77,25.69,14126.06,548.76,12.01,6588.29,544.99,12.01,6544.12,72,69.8,69,546.2,11.2,549.2,11,545.6,0,546,51.4,25.8,25.3,11.9,11.9,25.8,25.3,11.9,11.9,230.7,231.4,233.3,58.2,57.5,57.2,0,0,0,0,0,0,0,0,0,0,0,0,0,0,0,0,0,72,0,OK
10时35分03秒,46/79 静置,549.11,25.9,14219.47,550.87,25.4,13991.7,549.85,11.9,6542.34,549.1,11.9,6536.09,72,69.8,69,547.3,11,550.1,10.9,549.1,0,548.9,51.4,25.7,25.1,11.7,11.8,25.7,25.1,11.7,11.8,230.4,231.2,233.4,58.2,57.4,57.3,0,0,0,0,0,0,0,0,0,0,0,0,0,0,0,0,0,72,0,OK
10时35分08秒,46/79 静置,549.11,25.9,14219.47,550.87,25.4,13991.7,549.85,11.9,6542.34,549.1,11.9,6536.09,72,69.8,69,547.3,11,550.1,10.9,549.1,0,548.9,51.4,25.7,25.1,11.7,11.8,25.7,25.1,11.7,11.8,230.4,231.2,233.4,58.2,57.4,57.3,0,0,0,0,0,0,0,0,0,0,0,0,0,0,0,0,0,72,0,OK
10时35分13秒,46/79 静置,547.46,26.16,14321.23,544.58,26.17,14251.09,548.48,12.03,6596.25,545.81,12.03,6566.25,72,69.9,69.1,539.1,11,542.4,11.1,544.9,0,543.7,51.4,26,25.7,11.9,11.9,26,25.7,11.9,11.9,230.7,231.6,233.7,57.9,57.2,57.1,0,0,0,0,0,0,0,0,0,0,0,0,0,0,0,0,0,72,0,OK
10时35分18秒,46/79 静置,547.46,26.16,14321.23,544.58,26.17,14251.09,548.48,12.03,6596.25,545.81,12.03,6566.25,72,69.9,69.1,539.1,11,542.4,11.1,544.9,0,543.7,51.4,26,25.7,11.9,11.9,26,25.7,11.9,11.9,230.7,231.6,233.7,57.9,57.2,57.1,0,0,0,0,0,0,0,0,0,0,0,0,0,0,0,0,0,72,0,OK
10时35分23秒,46/79 静置,549.93,25.96,14277.25,548.95,26.02,14285.67,541.92,12.08,6546.98,544.44,12.04,6556.15,72,69.9,69.1,545.9,11,547.9,11,539.8,0,543,51.4,25.9,25.5,12,11.9,25.9,25.5,12,11.9,230.6,231.6,233.6,58,57.3,57.2,0,0,0,0,0,0,0,0,0,0,0,0,0,0,0,0,0,72,0,OK
10时35分28秒,46/79 静置,549.93,25.96,14277.25,548.95,26.02,14285.67,541.92,12.08,6546.98,544.44,12.04,6556.15,72,69.9,69.1,545.9,11,547.9,11,539.8,0,543,51.4,25.9,25.5,12,11.9,25.9,25.5,12,11.9,230.6,231.6,233.6,58,57.3,57.2,0,0,0,0,0,0,0,0,0,0,0,0,0,0,0,0,0,72,0,OK
10时35分33秒,46/79 静置,542.26,26.17,14191.4,546.22,26.02,14214.01,540.01,12.11,6539.67,546.08,12.02,6564.21,72,69.9,69.1,540.8,10.9,547.2,11.1,536.9,0,544.5,51.4,26,25.5,12,11.9,26,25.5,12,11.9,230.7,231.4,233.6,57.9,57.2,57.1,0,0,0,0,0,0,0,0,0,0,0,0,0,0,0,0,0,72,0,OK
10时35分38秒,46/79 静置,542.26,26.17,14191.4,546.22,26.02,14214.01,540.01,12.11,6539.67,546.08,12.02,6564.21,72,69.9,69.1,540.8,10.9,547.2,11.1,536.9,0,544.5,51.4,26,25.5,12,11.9,26,25.5,12,11.9,230.7,231.4,233.6,57.9,57.2,57.1,0,0,0,0,0,0,0,0,0,0,0,0,0,0,0,0,0,72,0,OK
10时35分43秒,46/79 静置,548.83,25.93,14230.58,547.04,26.02,14233.19,546.29,12.02,6567.28,547.73,11.91,6525.66,72,69.9,69.1,546.7,10.7,547.7,11.1,545.7,0,548.7,51.4,25.8,25.5,11.9,11.8,25.8,25.5,11.9,11.8,230.6,231.2,233.4,58.3,57.5,57.4,0,0,0,0,0,0,0,0,0,0,0,0,0,0,0,0,0,72,0,OK
10时35分48秒,46/79 静置,548.83,25.93,14230.58,547.04,26.02,14233.19,546.29,12.02,6567.28,547.73,11.91,6525.66,72,69.9,69.1,546.7,10.7,547.7,11.1,545.7,0,548.7,51.4,25.8,25.5,11.9,11.8,25.8,25.5,11.9,11.8,230.6,231.2,233.4,58.3,57.5,57.4,0,0,0,0,0,0,0,0,0,0,0,0,0,0,0,0,0,72,0,OK
10时35分53秒,46/79 静置,546.92,26.02,14233.19,545.13,26.06,14207.37,543.29,12.06,6553.41,546.91,12,6560.74,72,70,69.1,546.1,10.9,546,11,540.2,0,547.7,51.4,25.9,25.6,11.9,11.8,25.9,25.6,11.9,11.8,230.7,231.7,233.5,58.1,57.4,57.2,0,0,0,0,0,0,0,0,0,0,0,0,0,0,0,0,0,72,0,OK
10时35分58秒,46/79 静置,546.92,26.02,14233.19,545.13,26.06,14207.37,543.29,12.06,6553.41,546.91,12,6560.74,72,70,69.1,546.1,10.9,546,11,540.2,0,547.7,51.4,25.9,25.6,11.9,11.8,25.9,25.6,11.9,11.8,230.7,231.7,233.5,58.1,57.4,57.2,0,0,0,0,0,0,0,0,0,0,0,0,0,0,0,0,0,72,0,OK
10时36分03秒,46/79 静置,546.37,26.02,14217.87,546.77,25.99,14212.75,549.85,11.89,6538.04,548.28,12.01,6583.59,73,70,69.1,546.4,11.2,548.6,11,549,0,545.9,51.4,25.9,25.5,11.7,11.9,25.9,25.5,11.7,11.9,230.5,231.4,233.2,58.1,57.4,57.2,0,0,0,0,0,0,0,0,0,0,0,0,0,0,0,0,0,73,0,OK
10时36分08秒,46/79 静置,546.37,26.02,14217.87,546.77,25.99,14212.75,549.85,11.89,6538.04,548.28,12.01,6583.59,73,70,69.1,546.4,11.2,548.6,11,549,0,545.9,51.4,25.9,25.5,11.7,11.9,25.9,25.5,11.7,11.9,230.5,231.4,233.2,58.1,57.4,57.2,0,0,0,0,0,0,0,0,0,0,0,0,0,0,0,0,0,73,0,OK
10时36分13秒,46/79 静置,551.03,25.7,14162.59,547.04,26.01,14229.99,545.75,11.97,6530.32,553.48,11.61,6424.48,73,70,69.2,547.5,10.8,548.3,11,547.8,0,548.8,51.4,25.7,25.5,11.8,11.7,25.7,25.5,11.8,11.7,230.7,231.7,233.2,58,57.3,57.2,0,0,0,0,0,0,0,0,0,0,0,0,0,0,0,0,0,73,0,OK
10时36分18秒,46/79 静置,551.03,25.7,14162.59,547.04,26.01,14229.99,545.75,11.97,6530.32,553.48,11.61,6424.48,73,70,69.2,547.5,10.8,548.3,11,547.8,0,548.8,51.4,25.7,25.5,11.8,11.7,25.7,25.5,11.8,11.7,230.7,231.7,233.2,58,57.3,57.2,0,0,0,0,0,0,0,0,0,0,0,0,0,0,0,0,0,73,0,OK
10时36分23秒,46/79 静置,546.37,26.09,14253.62,546.22,26.05,14231.08,550.12,11.95,6575.14,550.47,11.76,6471.75,73,70,69.2,544.7,11.1,547.4,11,547.3,0,550.1,51.4,25.9,25.5,11.9,11.6,25.9,25.5,11.9,11.6,230.6,231.6,233.2,58.2,57.5,57.4,0,0,0,0,0,0,0,0,0,0,0,0,0,0,0,0,0,73,0,OK
10时36分28秒,46/79 静置,546.37,26.09,14253.62,546.22,26.05,14231.08,550.12,11.95,6575.14,550.47,11.76,6471.75,73,70,69.2,544.7,11.1,547.4,11,547.3,0,550.1,51.4,25.9,25.5,11.9,11.6,25.9,25.5,11.9,11.6,230.6,231.6,233.2,58.2,57.5,57.4,0,0,0,0,0,0,0,0,0,0,0,0,0,0,0,0,0,73,0,OK
10时36分33秒,46/79 静置,548.01,25.98,14237.09,548.68,25.98,14254.98,549.03,11.97,6570.12,549.37,11.93,6553.29,73,70,69.2,546.5,10.9,548.7,11.1,548.1,0,549.7,51.4,25.8,25.5,11.8,11.7,25.8,25.5,11.8,11.7,230.5,231.4,233.3,57.9,57.1,57,0,0,0,0,0,0,0,0,0,0,0,0,0,0,0,0,0,73,0,OK
10时36分38秒,46/79 静置,548.01,25.98,14237.09,548.68,25.98,14254.98,549.03,11.97,6570.12,549.37,11.93,6553.29,73,70,69.2,546.5,10.9,548.7,11.1,548.1,0,549.7,51.4,25.8,25.5,11.8,11.7,25.8,25.5,11.8,11.7,230.5,231.4,233.3,57.9,57.1,57,0,0,0,0,0,0,0,0,0,0,0,0,0,0,0,0,0,73,0,OK
10时36分43秒,46/79 静置,538.7,26.34,14187.1,540.48,26.32,14224.56,533.72,12.07,6443.19,544.17,12.04,6552.32,73,70,69.3,533.5,11.3,536.1,11.5,537.5,0,539.4,51.4,26.2,25.8,12,11.9,26.2,25.8,12,11.9,230.5,231.4,233.4,57.8,57,56.9,0,0,0,0,0,0,0,0,0,0,0,0,0,0,0,0,0,73,0,OK
10时36分48秒,46/79 静置,538.7,26.34,14187.1,540.48,26.32,14224.56,533.72,12.07,6443.19,544.17,12.04,6552.32,73,70,69.3,533.5,11.3,536.1,11.5,537.5,0,539.4,51.4,26.2,25.8,12,11.9,26.2,25.8,12,11.9,230.5,231.4,233.4,57.8,57,56.9,0,0,0,0,0,0,0,0,0,0,0,0,0,0,0,0,0,73,0,OK
10时36分53秒,46/79 静置,538.97,26.32,14187.98,536.65,26.23,14074.07,542.74,12.09,6561.13,545.54,12.08,6589.59,73,70,69.3,533.3,11.3,539.6,11.1,537.5,0,542.7,51.4,26.2,25.7,12,11.9,26.2,25.7,12,11.9,230.4,231.5,233.3,57.6,56.8,56.7,0,0,0,0,0,0,0,0,0,0,0,0,0,0,0,0,0,73,0,OK
10时36分58秒,46/79 静置,538.97,26.32,14187.98,536.65,26.23,14074.07,542.74,12.09,6561.13,545.54,12.08,6589.59,73,70,69.3,533.3,11.3,539.6,11.1,537.5,0,542.7,51.4,26.2,25.7,12,11.9,26.2,25.7,12,11.9,230.4,231.5,233.3,57.6,56.8,56.7,0,0,0,0,0,0,0,0,0,0,0,0,0,0,0,0,0,73,0,OK
10时37分03秒,46/79 静置,545.82,26.2,14299.03,544.58,26.19,14264.38,537.82,12.15,6534.2,539.78,12.1,6533.81,73,70.1,69.3,540.6,10.9,542.1,10.9,536.7,0,540.2,51.4,26,25.7,12,11.9,26,25.7,12,11.9,230.3,231.5,233,57.8,57.1,56.9,0,0,0,0,0,0,0,0,0,0,0,0,0,0,0,0,0,73,0,OK
10时37分08秒,46/79 静置,545.82,26.2,14299.03,544.58,26.19,14264.38,537.82,12.15,6534.2,539.78,12.1,6533.81,73,70.1,69.3,540.6,10.9,542.1,10.9,536.7,0,540.2,51.4,26,25.7,12,11.9,26,25.7,12,11.9,230.3,231.5,233,57.8,57.1,56.9,0,0,0,0,0,0,0,0,0,0,0,0,0,0,0,0,0,73,0,OK
10时37分13秒,46/79 静置,546.92,25.97,14201.15,547.04,26.03,14241.74,547.12,12.01,6573.4,546.91,12.01,6568.22,73,70.1,69.3,546.6,10.7,546.1,10.8,543.8,0,546,51.4,25.8,25.6,11.9,11.9,25.8,25.6,11.9,11.9,230.5,231.7,233.2,58.2,57.4,57.3,0,0,0,0,0,0,0,0,0,0,0,0,0,0,0,0,0,73,0,OK
10时37分18秒,46/79 静置,546.92,25.97,14201.15,547.04,26.03,14241.74,547.12,12.01,6573.4,546.91,12.01,6568.22,73,70.1,69.3,546.6,10.7,546.1,10.8,543.8,0,546,51.4,25.8,25.6,11.9,11.9,25.8,25.6,11.9,11.9,230.5,231.7,233.2,58.2,57.4,57.3,0,0,0,0,0,0,0,0,0,0,0,0,0,0,0,0,0,73,0,OK
10时37分23秒,46/79 静置,549.66,26.02,14299.68,550.59,25.7,14148.75,551.49,11.68,6442.84,549.1,11.99,6584.88,73,70.1,69.3,545.4,10.7,550.1,10.7,550.2,0,548.2,51.4,25.9,25.2,11.5,11.8,25.9,25.2,11.5,11.8,230.4,231.8,233.3,58.2,57.5,57.3,0,0,0,0,0,0,0,0,0,0,0,0,0,0,0,0,0,73,0,OK
10时37分28秒,46/79 静置,549.66,26.02,14299.68,550.59,25.7,14148.75,551.49,11.68,6442.84,549.1,11.99,6584.88,73,70.1,69.3,545.4,10.7,550.1,10.7,550.2,0,548.2,51.4,25.9,25.2,11.5,11.8,25.9,25.2,11.5,11.8,230.4,231.8,233.3,58.2,57.5,57.3,0,0,0,0,0,0,0,0,0,0,0,0,0,0,0,0,0,73,0,OK
10时37分33秒,46/79 静置,550.48,25.59,14084.51,545.4,26.02,14190,549.85,11.96,6574.02,549.1,11.98,6579.52,73,70.1,69.4,548.2,10.6,547.7,10.9,547.9,0,547.3,51.4,25.6,25.5,11.8,11.9,25.6,25.5,11.8,11.9,230.6,231.9,233.4,58.1,57.4,57.3,0,0,0,0,0,0,0,0,0,0,0,0,0,0,0,0,0,73,0,OK
10时37分38秒,46/79 静置,550.48,25.59,14084.51,545.4,26.02,14190,549.85,11.96,6574.02,549.1,11.98,6579.52,73,70.1,69.4,548.2,10.6,547.7,10.9,547.9,0,547.3,51.4,25.6,25.5,11.8,11.9,25.6,25.5,11.8,11.9,230.6,231.9,233.4,58.1,57.4,57.3,0,0,0,0,0,0,0,0,0,0,0,0,0,0,0,0,0,73,0,OK
10时37分43秒,46/79 静置,549.38,25.92,14242.64,545.4,25.99,14177.21,550.4,12,6606.36,540.88,11.99,6486.33,73,70.2,69.4,546.8,10.9,547.7,10.9,545.7,0,547.5,51.4,25.8,25.5,11.9,11.8,25.8,25.5,11.9,11.8,230.4,231.4,233.1,58.2,57.4,57.2,0,0,0,0,0,0,0,0,0,0,0,0,0,0,0,0,0,73,0,OK
10时37分49秒,46/79 静置,549.38,25.92,14242.64,545.4,25.99,14177.21,550.4,12,6606.36,540.88,11.99,6486.33,73,70.2,69.4,546.8,10.9,547.7,10.9,545.7,0,547.5,51.4,25.8,25.5,11.9,11.8,25.8,25.5,11.9,11.8,230.4,231.4,233.1,58.2,57.4,57.2,0,0,0,0,0,0,0,0,0,0,0,0,0,0,0,0,0,73,0,OK
10时37分54秒,46/79 静置,546.64,26.07,14249.01,548.95,25.83,14179.53,551.76,11.7,6453.04,545.26,12.01,6549.54,73,70.2,69.4,545.3,11.1,549.8,11.2,548.4,0,547.3,51.4,25.9,25.2,11.7,11.8,25.9,25.2,11.7,11.8,230.6,231.5,233.1,58.1,57.4,57.3,0,0,0,0,0,0,0,0,0,0,0,0,0,0,0,0,0,73,0,OK
10时37分59秒,46/79 静置,546.64,26.07,14249.01,548.95,25.83,14179.53,551.76,11.7,6453.04,545.26,12.01,6549.54,73,70.2,69.4,545.3,11.1,549.8,11.2,548.4,0,547.3,51.4,25.9,25.2,11.7,11.8,25.9,25.2,11.7,11.8,230.6,231.5,233.1,58.1,57.4,57.3,0,0,0,0,0,0,0,0,0,0,0,0,0,0,0,0,0,73,0,OK
10时38分04秒,46/79 静置,545.27,26.04,14196.28,545.4,26.01,14188.4,543.29,12.01,6525.82,544.17,12.02,6539.04,73,70.2,69.5,545.1,11.1,547,11.1,544.8,0,546.5,51.4,25.9,25.5,11.9,11.8,25.9,25.5,11.9,11.8,230.3,231.3,233.2,58.2,57.4,57.3,0,0,0,0,0,0,0,0,0,0,0,0,0,0,0,0,0,73,0,OK
10时38分09秒,46/79 静置,545.27,26.04,14196.28,545.4,26.01,14188.4,543.29,12.01,6525.82,544.17,12.02,6539.04,73,70.2,69.5,545.1,11.1,547,11.1,544.8,0,546.5,51.4,25.9,25.5,11.9,11.8,25.9,25.5,11.9,11.8,230.3,231.3,233.2,58.2,57.4,57.3,0,0,0,0,0,0,0,0,0,0,0,0,0,0,0,0,0,73,0,OK
10时38分14秒,46/79 静置,548.56,26.02,14273.29,548.68,26.01,14269.45,539.19,12,6471.82,546.63,12.01,6565.45,73,70.2,69.5,545.3,11,547.8,10.9,546.5,0,546.3,51.4,25.9,25.5,11.8,11.9,25.9,25.5,11.8,11.9,230.5,231.6,233.3,58,57.2,57.1,0,0,0,0,0,0,0,0,0,0,0,0,0,0,0,0,0,73,0,OK
10时38分19秒,46/79 静置,548.56,26.02,14273.29,548.68,26.01,14269.45,539.19,12,6471.82,546.63,12.01,6565.45,73,70.2,69.5,545.3,11,547.8,10.9,546.5,0,546.3,51.4,25.9,25.5,11.8,11.9,25.9,25.5,11.8,11.9,230.5,231.6,233.3,58,57.2,57.1,0,0,0,0,0,0,0,0,0,0,0,0,0,0,0,0,0,73,0,OK
10时38分24秒,46/79 静置,550.48,25.8,14202.78,550.59,25.77,14188.54,541.92,12.02,6515.22,545.54,12.01,6552.83,73,70.2,69.5,547.4,10.9,548.3,11.1,544.9,0,545.6,51.4,25.8,25.4,11.9,11.9,25.8,25.4,11.9,11.9,230.3,231.6,233.3,58,57.5,57.4,0,0,0,0,0,0,0,0,0,0,0,0,0,0,0,0,0,73,0,OK
10时38分29秒,46/79 静置,550.48,25.8,14202.78,550.59,25.77,14188.54,541.92,12.02,6515.22,545.54,12.01,6552.83,73,70.2,69.5,547.4,10.9,548.3,11.1,544.9,0,545.6,51.4,25.8,25.4,11.9,11.9,25.8,25.4,11.9,11.9,230.3,231.6,233.3,58,57.5,57.4,0,0,0,0,0,0,0,0,0,0,0,0,0,0,0,0,0,73,0,OK
10时38分34秒,46/79 静置,542.81,26.13,14186.12,546.49,26.07,14247.27,546.29,12.05,6582.21,544.17,12.02,6542.23,73,70.3,69.5,541.6,11,546,11.1,544,0,544.9,51.4,26,25.6,11.9,11.9,26,25.6,11.9,11.9,230.5,231.5,233.5,58.1,57.3,57.2,0,0,0,0,0,0,0,0,0,0,0,0,0,0,0,0,0,73,0,OK
10时38分39秒,46/79 静置,542.81,26.13,14186.12,546.49,26.07,14247.27,546.29,12.05,6582.21,544.17,12.02,6542.23,73,70.3,69.5,541.6,11,546,11.1,544,0,544.9,51.4,26,25.6,11.9,11.9,26,25.6,11.9,11.9,230.5,231.5,233.5,58.1,57.3,57.2,0,0,0,0,0,0,0,0,0,0,0,0,0,0,0,0,0,73,0,OK
10时38分44秒,46/79 静置,548.56,26,14264.18,542.39,26.16,14189.1,539.46,12.09,6519.88,546.08,12.02,6562.07,73,70.3,69.5,545.5,10.9,543.1,11.1,540.5,0,545.3,51.4,25.9,25.6,12,11.9,25.9,25.6,12,11.9,230.4,231.3,233.5,58.1,57.3,57.3,0,0,0,0,0,0,0,0,0,0,0,0,0,0,0,0,0,73,0,OK
10时38分49秒,46/79 静置,548.56,26,14264.18,542.39,26.16,14189.1,539.46,12.09,6519.88,546.08,12.02,6562.07,73,70.3,69.5,545.5,10.9,543.1,11.1,540.5,0,545.3,51.4,25.9,25.6,12,11.9,25.9,25.6,12,11.9,230.4,231.3,233.5,58.1,57.3,57.3,0,0,0,0,0,0,0,0,0,0,0,0,0,0,0,0,0,73,0,OK
10时38分54秒,46/79 静置,546.64,26.01,14218.04,547.86,26.02,14254.53,549.58,11.96,6575.59,549.65,11.95,6566.76,73,70.2,69.5,546.3,11,547.9,11,548.7,0,549.4,51.4,25.9,25.5,11.7,11.7,25.9,25.5,11.7,11.7,230.5,231.7,233.4,58,57.2,57.1,0,0,0,0,0,0,0,0,0,0,0,0,0,0,0,0,0,73,0,OK
10时38分59秒,46/79 静置,546.64,26.01,14218.04,547.86,26.02,14254.53,549.58,11.96,6575.59,549.65,11.95,6566.76,73,70.2,69.5,546.3,11,547.9,11,548.7,0,549.4,51.4,25.9,25.5,11.7,11.7,25.9,25.5,11.7,11.7,230.5,231.7,233.4,58,57.2,57.1,0,0,0,0,0,0,0,0,0,0,0,0,0,0,0,0,0,73,0,OK
10时39分04秒,46/79 静置,546.09,26.04,14219.79,548.41,25.97,14239.84,548.48,11.92,6537.87,548.55,11.93,6542.42,73,70.2,69.4,545.8,11.2,548.8,11.1,548.6,0,548.6,51.4,25.9,25.4,11.7,11.8,25.9,25.4,11.7,11.8,230.4,231.5,233.4,58.3,57.5,57.4,0,0,0,0,0,0,0,0,0,0,0,0,0,0,0,0,0,73,0,OK
10时39分09秒,46/79 静置,546.09,26.04,14219.79,548.41,25.97,14239.84,548.48,11.92,6537.87,548.55,11.93,6542.42,73,70.2,69.4,545.8,11.2,548.8,11.1,548.6,0,548.6,51.4,25.9,25.4,11.7,11.8,25.9,25.4,11.7,11.8,230.4,231.5,233.4,58.3,57.5,57.4,0,0,0,0,0,0,0,0,0,0,0,0,0,0,0,0,0,73,0,OK
10时39分14秒,46/79 静置,549.38,26.01,14289.32,544.58,26.07,14196.84,546.84,12.01,6566.91,549.37,11.85,6512.52,73,70.2,69.4,546.5,11.1,546.3,11.2,544.7,0,548,51.4,25.9,25.6,11.9,11.8,25.9,25.6,11.9,11.8,230.6,231.7,233.6,58.2,57.4,57.2,0,0,0,0,0,0,0,0,0,0,0,0,0,0,0,0,0,73,0,OK
10时39分19秒,46/79 静置,549.38,26.01,14289.32,544.58,26.07,14196.84,546.84,12.01,6566.91,549.37,11.85,6512.52,73,70.2,69.4,546.5,11.1,546.3,11.2,544.7,0,548,51.4,25.9,25.6,11.9,11.8,25.9,25.6,11.9,11.8,230.6,231.7,233.6,58.2,57.4,57.2,0,0,0,0,0,0,0,0,0,0,0,0,0,0,0,0,0,73,0,OK
10时39分24秒,46/79 静置,544.18,26.21,14261.26,549.5,26.16,14376.62,546.02,12,6553.86,541.43,12.01,6503.48,73,70.2,69.3,539.9,11,542.4,11,544.7,0,543.7,51.4,26,25.7,11.9,11.9,26,25.7,11.9,11.9,230.4,231.7,233.4,58,57.2,57,0,0,0,0,0,0,0,0,0,0,0,0,0,0,0,0,0,73,0,OK
10时39分29秒,46/79 静置,544.18,26.21,14261.26,549.5,26.16,14376.62,546.02,12,6553.86,541.43,12.01,6503.48,73,70.2,69.3,539.9,11,542.4,11,544.7,0,543.7,51.4,26,25.7,11.9,11.9,26,25.7,11.9,11.9,230.4,231.7,233.4,58,57.2,57,0,0,0,0,0,0,0,0,0,0,0,0,0,0,0,0,0,73,0,OK
10时39分34秒,46/79 静置,546.37,26.04,14226.41,546.22,26.02,14211.34,551.22,11.84,6529,549.65,11.99,6590.92,73,70.2,69.3,546.4,11,548.3,11.3,548.7,0,548.3,51.4,25.8,25.4,11.8,11.8,25.8,25.4,11.8,11.8,230.2,231.5,233.3,58.1,57.3,57.2,0,0,0,0,0,0,0,0,0,0,0,0,0,0,0,0,0,73,0,OK
10时39分39秒,46/79 静置,546.37,26.04,14226.41,546.22,26.02,14211.34,551.22,11.84,6529,549.65,11.99,6590.92,73,70.2,69.3,546.4,11,548.3,11.3,548.7,0,548.3,51.4,25.8,25.4,11.8,11.8,25.8,25.4,11.8,11.8,230.2,231.5,233.3,58.1,57.3,57.2,0,0,0,0,0,0,0,0,0,0,0,0,0,0,0,0,0,73,0,OK
10时39分44秒,46/79 静置,545.55,26.08,14230.04,550.05,25.9,14246.97,542.74,12.04,6537.28,546.63,12.01,6565.45,73,70.1,69.2,542.9,11.1,549.2,11.1,542.1,0,546.9,51.4,26,25.4,11.9,11.9,26,25.4,11.9,11.9,230.3,231.4,233.3,58.2,57.4,57.3,0,0,0,0,0,0,0,0,0,0,0,0,0,0,0,0,0,73,0,OK
10时39分49秒,46/79 静置,545.55,26.08,14230.04,550.05,25.9,14246.97,542.74,12.04,6537.28,546.63,12.01,6565.45,73,70.1,69.2,542.9,11.1,549.2,11.1,542.1,0,546.9,51.4,26,25.4,11.9,11.9,26,25.4,11.9,11.9,230.3,231.4,233.3,58.2,57.4,57.3,0,0,0,0,0,0,0,0,0,0,0,0,0,0,0,0,0,73,0,OK
10时39分54秒,46/79 静置,549.66,25.95,14261.57,550.59,25.8,14205.75,549.58,11.97,6577.74,545.26,12.01,6551.14,73,70.1,69.2,546.7,11,548.4,11,547.5,0,546.5,51.4,25.8,25.4,11.9,11.9,25.8,25.4,11.9,11.9,230.3,231.4,233.3,58.3,57.5,57.4,0,0,0,0,0,0,0,0,0,0,0,0,0,0,0,0,0,73,0,OK
10时39分59秒,46/79 静置,549.66,25.95,14261.57,550.59,25.8,14205.75,549.58,11.97,6577.74,545.26,12.01,6551.14,73,70.1,69.2,546.7,11,548.4,11,547.5,0,546.5,51.4,25.8,25.4,11.9,11.9,25.8,25.4,11.9,11.9,230.3,231.4,233.3,58.3,57.5,57.4,0,0,0,0,0,0,0,0,0,0,0,0,0,0,0,0,0,73,0,OK
10时40分04秒,46/79 静置,547.74,26.03,14255.13,548.95,25.86,14194.54,548.48,11.99,6578.04,547.45,12.01,6576.4,73,70.1,69.1,545.8,11.1,549.2,11.2,547.1,0,546.9,51.4,25.9,25.4,11.8,11.9,25.9,25.4,11.8,11.9,230.4,231.5,233.3,58.2,57.4,57.3,0,0,0,0,0,0,0,0,0,0,0,0,0,0,0,0,0,73,0,OK
10时40分09秒,46/79 静置,547.74,26.03,14255.13,548.95,25.86,14194.54,548.48,11.99,6578.04,547.45,12.01,6576.4,73,70.1,69.1,545.8,11.1,549.2,11.2,547.1,0,546.9,51.4,25.9,25.4,11.8,11.9,25.9,25.4,11.8,11.9,230.4,231.5,233.3,58.2,57.4,57.3,0,0,0,0,0,0,0,0,0,0,0,0,0,0,0,0,0,73,0,OK
10时40分14秒,46/79 静置,547.74,26.01,14244.96,545.4,26.03,14194.79,547.12,11.98,6555.77,541.98,12.01,6509,73,70,69.1,546.1,10.9,546.3,11.2,545.6,0,546.6,51.4,25.8,25.5,11.9,11.9,25.8,25.5,11.9,11.9,230.2,231.4,233.2,58.2,57.4,57.3,0,0,0,0,0,0,0,0,0,0,0,0,0,0,0,0,0,73,0,OK
10时40分19秒,46/79 静置,547.74,26.01,14244.96,545.4,26.03,14194.79,547.12,11.98,6555.77,541.98,12.01,6509,73,70,69.1,546.1,10.9,546.3,11.2,545.6,0,546.6,51.4,25.8,25.5,11.9,11.9,25.8,25.5,11.9,11.9,230.2,231.4,233.2,58.2,57.4,57.3,0,0,0,0,0,0,0,0,0,0,0,0,0,0,0,0,0,73,0,OK
10时40分24秒,46/79 静置,545.82,26.03,14206.28,545.67,26.01,14192.85,549.03,11.9,6530.98,548.82,11.98,6573.55,73,70,69.1,546.2,11,547.7,11.1,548.8,0,547.6,51.4,25.8,25.4,11.7,11.8,25.8,25.4,11.7,11.8,230.5,231.4,233.4,58.2,57.4,57.3,0,0,0,0,0,0,0,0,0,0,0,0,0,0,0,0,0,73,0,OK
10时40分29秒,46/79 静置,545.82,26.03,14206.28,545.67,26.01,14192.85,549.03,11.9,6530.98,548.82,11.98,6573.55,73,70,69.1,546.2,11,547.7,11.1,548.8,0,547.6,51.4,25.8,25.4,11.7,11.8,25.8,25.4,11.7,11.8,230.5,231.4,233.4,58.2,57.4,57.3,0,0,0,0,0,0,0,0,0,0,0,0,0,0,0,0,0,73,0,OK
10时40分34秒,46/79 静置,550.21,25.95,14279.54,549.77,25.96,14269.41,550.4,11.91,6556.91,549.1,11.92,6546.81,73,70,69,546.1,10.8,547.9,10.9,548.5,0,548.6,51.4,25.9,25.5,11.8,11.8,25.9,25.5,11.8,11.8,230.4,231.5,233.3,58.2,57.4,57.3,0,0,0,0,0,0,0,0,0,0,0,0,0,0,0,0,0,73,0,OK
10时40分39秒,46/79 静置,550.21,25.95,14279.54,549.77,25.96,14269.41,550.4,11.91,6556.91,549.1,11.92,6546.81,73,70,69,546.1,10.8,547.9,10.9,548.5,0,548.6,51.4,25.9,25.5,11.8,11.8,25.9,25.5,11.8,11.8,230.4,231.5,233.3,58.2,57.4,57.3,0,0,0,0,0,0,0,0,0,0,0,0,0,0,0,0,0,73,0,OK
10时40分44秒,46/79 静置,545.55,26,14181.55,548.95,25.95,14243.86,548.48,11.99,6578.04,551.84,11.72,6466.84,73,70,69,546.9,10.9,549,11,546.5,0,548.9,51.4,25.8,25.4,11.9,11.7,25.8,25.4,11.9,11.7,230.2,231.5,233.2,58,57.3,57.1,0,0,0,0,0,0,0,0,0,0,0,0,0,0,0,0,0,73,0,OK
10时40分49秒,46/79 静置,545.55,26,14181.55,548.95,25.95,14243.86,548.48,11.99,6578.04,551.84,11.72,6466.84,73,70,69,546.9,10.9,549,11,546.5,0,548.9,51.4,25.8,25.4,11.9,11.7,25.8,25.4,11.9,11.7,230.2,231.5,233.2,58,57.3,57.1,0,0,0,0,0,0,0,0,0,0,0,0,0,0,0,0,0,73,0,OK
10时40分54秒,46/79 静置,547.74,26.1,14296.85,543.49,26.16,14215.59,547.66,11.98,6560.18,544.17,12.04,6549.13,73,69.9,69,543.3,10.7,543.6,10.8,546.1,0,544.8,51.4,26,25.6,11.9,11.9,26,25.6,11.9,11.9,230.5,231.5,233.4,58.1,57.3,57.2,0,0,0,0,0,0,0,0,0,0,0,0,0,0,0,0,0,73,0,OK
10时40分59秒,46/79 静置,547.74,26.1,14296.85,543.49,26.16,14215.59,547.66,11.98,6560.18,544.17,12.04,6549.13,73,69.9,69,543.3,10.7,543.6,10.8,546.1,0,544.8,51.4,26,25.6,11.9,11.9,26,25.6,11.9,11.9,230.5,231.5,233.4,58.1,57.3,57.2,0,0,0,0,0,0,0,0,0,0,0,0,0,0,0,0,0,73,0,OK
10时41分04秒,46/79 静置,546.37,26.04,14224.81,548.13,25.97,14233.28,551.49,11.85,6536.01,546.91,11.96,6542.05,73,69.9,69,545.7,10.9,547.7,11.3,547.7,0,548.2,51.4,25.9,25.5,11.8,11.8,25.9,25.5,11.8,11.8,230.7,231.7,233.4,57.8,57.1,56.9,0,0,0,0,0,0,0,0,0,0,0,0,0,0,0,0,0,73,0,OK
10时41分09秒,46/79 静置,546.37,26.04,14224.81,548.13,25.97,14233.28,551.49,11.85,6536.01,546.91,11.96,6542.05,73,69.9,69,545.7,10.9,547.7,11.3,547.7,0,548.2,51.4,25.9,25.5,11.8,11.8,25.9,25.5,11.8,11.8,230.7,231.7,233.4,57.8,57.1,56.9,0,0,0,0,0,0,0,0,0,0,0,0,0,0,0,0,0,73,0,OK
10时41分14秒,46/79 静置,547.46,25.98,14220.72,548.95,25.96,14249.22,549.03,11.78,6467.18,550.19,11.75,6462.62,73,69.9,69,547.1,11,549.4,11.1,550.1,0,550.7,51.4,25.8,25.4,11.5,11.5,25.8,25.4,11.5,11.5,230.4,231.6,233.3,58.3,57.5,57.4,0,0,0,0,0,0,0,0,0,0,0,0,0,0,0,0,0,73,0,OK
10时41分19秒,46/79 静置,547.46,25.98,14220.72,548.95,25.96,14249.22,549.03,11.78,6467.18,550.19,11.75,6462.62,73,69.9,69,547.1,11,549.4,11.1,550.1,0,550.7,51.4,25.8,25.4,11.5,11.5,25.8,25.4,11.5,11.5,230.4,231.6,233.3,58.3,57.5,57.4,0,0,0,0,0,0,0,0,0,0,0,0,0,0,0,0,0,73,0,OK
10时41分24秒,46/79 静置,549.38,26,14285.03,547.59,25.99,14232.45,544.11,12,6527.69,547.18,11.99,6561.35,73,69.9,69,546.3,10.9,549.1,11.1,547.4,0,548.2,51.4,25.9,25.4,11.8,11.8,25.9,25.4,11.8,11.8,230.4,231.7,233.5,58.2,57.4,57.3,0,0,0,0,0,0,0,0,0,0,0,0,0,0,0,0,0,73,0,OK
10时41分29秒,46/79 静置,549.38,26,14285.03,547.59,25.99,14232.45,544.11,12,6527.69,547.18,11.99,6561.35,73,69.9,69,546.3,10.9,549.1,11.1,547.4,0,548.2,51.4,25.9,25.4,11.8,11.8,25.9,25.4,11.8,11.8,230.4,231.7,233.5,58.2,57.4,57.3,0,0,0,0,0,0,0,0,0,0,0,0,0,0,0,0,0,73,0,OK
10时41分34秒,46/79 静置,548.83,25.83,14178.59,549.77,25.86,14217.87,549.03,11.93,6547.6,548,11.95,6549.27,73,69.8,69,548.1,11.1,549.8,11.1,549.2,0,549.2,51.4,25.6,25.2,11.7,11.7,25.6,25.2,11.7,11.7,230.2,231.4,233.4,58.2,57.4,57.3,0,0,0,0,0,0,0,0,0,0,0,0,0,0,0,0,0,73,0,OK
10时41分39秒,46/79 静置,548.83,25.83,14178.59,549.77,25.86,14217.87,549.03,11.93,6547.6,548,11.95,6549.27,73,69.8,69,548.1,11.1,549.8,11.1,549.2,0,549.2,51.4,25.6,25.2,11.7,11.7,25.6,25.2,11.7,11.7,230.2,231.4,233.4,58.2,57.4,57.3,0,0,0,0,0,0,0,0,0,0,0,0,0,0,0,0,0,73,0,OK
10时41分44秒,46/79 静置,548.83,25.59,14043.53,546.77,25.94,14185.52,549.03,11.8,6476.29,548,12,6574.95,73,69.8,69,547.4,11.2,548,11.2,548.9,0,545.5,51.4,25.6,25.4,11.7,11.9,25.6,25.4,11.7,11.9,230.4,231.6,233.4,58.3,57.5,57.4,0,0,0,0,0,0,0,0,0,0,0,0,0,0,0,0,0,73,0,OK
10时41分49秒,46/79 静置,548.83,25.59,14043.53,546.77,25.94,14185.52,549.03,11.8,6476.29,548,12,6574.95,73,69.8,69,547.4,11.2,548,11.2,548.9,0,545.5,51.4,25.6,25.4,11.7,11.9,25.6,25.4,11.7,11.9,230.4,231.6,233.4,58.3,57.5,57.4,0,0,0,0,0,0,0,0,0,0,0,0,0,0,0,0,0,73,0,OK
10时41分54秒,46/79 静置,550.75,25.77,14193.18,545.13,26.06,14207.37,545.2,12.03,6559.98,548,11.95,6548.2,73,69.8,69,547.3,11.1,546.7,11.3,542.3,0,547.9,51.4,25.7,25.5,11.9,11.8,25.7,25.5,11.9,11.8,230.3,231.6,233.5,57.9,57.2,57.1,0,0,0,0,0,0,0,0,0,0,0,0,0,0,0,0,0,73,0,OK
10时41分59秒,46/79 静置,550.75,25.77,14193.18,545.13,26.06,14207.37,545.2,12.03,6559.98,548,11.95,6548.2,73,69.8,69,547.3,11.1,546.7,11.3,542.3,0,547.9,51.4,25.7,25.5,11.9,11.8,25.7,25.5,11.9,11.8,230.3,231.6,233.5,57.9,57.2,57.1,0,0,0,0,0,0,0,0,0,0,0,0,0,0,0,0,0,73,0,OK
10时42分04秒,46/79 静置,545.27,26.04,14198.41,543.21,26.15,14204.72,540.55,12.06,6520.43,546.36,12.03,6572.31,74,69.8,69,544.9,11,541.7,11,541.8,0,544.6,51.4,25.9,25.7,11.9,11.9,25.9,25.7,11.9,11.9,230,231.5,233.2,58.1,57.3,57.2,0,0,0,0,0,0,0,0,0,0,0,0,0,0,0,0,0,74,0,OK
10时42分09秒,46/79 静置,545.27,26.04,14198.41,543.21,26.15,14204.72,540.55,12.06,6520.43,546.36,12.03,6572.31,74,69.8,69,544.9,11,541.7,11,541.8,0,544.6,51.4,25.9,25.7,11.9,11.9,25.9,25.7,11.9,11.9,230,231.5,233.2,58.1,57.3,57.2,0,0,0,0,0,0,0,0,0,0,0,0,0,0,0,0,0,74,0,OK
10时42分14秒,46/79 静置,548.29,25.96,14236.19,548.68,25.92,14220.15,550.12,11.88,6533.24,548.55,11.96,6562.24,74,69.8,69,545.7,11,547.8,11,547.8,0,547.5,51.4,25.9,25.5,11.8,11.8,25.9,25.5,11.8,11.8,229.8,231.5,233.2,58.3,57.5,57.3,0,0,0,0,0,0,0,0,0,0,0,0,0,0,0,0,0,74,0,OK
10时42分19秒,46/79 静置,548.29,25.96,14236.19,548.68,25.92,14220.15,550.12,11.88,6533.24,548.55,11.96,6562.24,74,69.8,69,545.7,11,547.8,11,547.8,0,547.5,51.4,25.9,25.5,11.8,11.8,25.9,25.5,11.8,11.8,229.8,231.5,233.2,58.3,57.5,57.3,0,0,0,0,0,0,0,0,0,0,0,0,0,0,0,0,0,74,0,OK
10时42分24秒,46/79 静置,543.36,26.12,14192.51,543.76,26.1,14191.94,542.47,12.06,6544.58,544.71,12.05,6565.84,74,69.8,69,541.6,11.1,544.4,11.1,541.4,0,543.5,51.4,26,25.6,12,11.9,26,25.6,12,11.9,230,231.5,233.3,58.2,57.4,57.3,0,0,0,0,0,0,0,0,0,0,0,0,0,0,0,0,0,74,0,OK
10时42分29秒,46/79 静置,543.36,26.12,14192.51,543.76,26.1,14191.94,542.47,12.06,6544.58,544.71,12.05,6565.84,74,69.8,69,541.6,11.1,544.4,11.1,541.4,0,543.5,51.4,26,25.6,12,11.9,26,25.6,12,11.9,230,231.5,233.3,58.2,57.4,57.3,0,0,0,0,0,0,0,0,0,0,0,0,0,0,0,0,0,74,0,OK
10时42分34秒,46/79 静置,548.01,26.05,14276.16,547.86,26.05,14269.51,547.39,11.96,6546.21,551.01,11.83,6520.16,74,69.7,69,544.7,11.1,546.5,11.3,547.7,0,548.9,51.4,25.9,25.6,11.8,11.8,25.9,25.6,11.8,11.8,230,231.5,233.2,58.1,57.4,57.4,0,0,0,0,0,0,0,0,0,0,0,0,0,0,0,0,0,74,0,OK
10时42分39秒,46/79 静置,548.01,26.05,14276.16,547.86,26.05,14269.51,547.39,11.96,6546.21,551.01,11.83,6520.16,74,69.7,69,544.7,11.1,546.5,11.3,547.7,0,548.9,51.4,25.9,25.6,11.8,11.8,25.9,25.6,11.8,11.8,230,231.5,233.2,58.1,57.4,57.4,0,0,0,0,0,0,0,0,0,0,0,0,0,0,0,0,0,74,0,OK
10时42分44秒,46/79 静置,549.38,25.84,14196.5,548.13,25.89,14188.85,549.3,11.99,6586.81,550.47,11.96,6583.02,74,69.7,68.9,548,10.9,549,10.9,547.2,0,547.8,51.4,25.7,25.4,11.9,11.8,25.7,25.4,11.9,11.8,229.8,231.5,233.1,58.2,57.5,57.4,0,0,0,0,0,0,0,0,0,0,0,0,0,0,0,0,0,74,0,OK
10时42分49秒,46/79 静置,549.38,25.84,14196.5,548.13,25.89,14188.85,549.3,11.99,6586.81,550.47,11.96,6583.02,74,69.7,68.9,548,10.9,549,10.9,547.2,0,547.8,51.4,25.7,25.4,11.9,11.8,25.7,25.4,11.9,11.8,229.8,231.5,233.1,58.2,57.5,57.4,0,0,0,0,0,0,0,0,0,0,0,0,0,0,0,0,0,74,0,OK
10时42分54秒,46/79 静置,546.92,26.13,14290.88,547.59,26.01,14241,543.56,12.04,6543.44,546.36,12.05,6583.51,74,69.7,68.9,541.1,11.1,547.8,11,542.1,0,542.2,51.4,26,25.5,12,11.9,26,25.5,12,11.9,230,231.4,233.1,58.3,57.5,57.2,0,0,0,0,0,0,0,0,0,0,0,0,0,0,0,0,0,74,0,OK
10时42分59秒,46/79 静置,546.92,26.13,14290.88,547.59,26.01,14241,543.56,12.04,6543.44,546.36,12.05,6583.51,74,69.7,68.9,541.1,11.1,547.8,11,542.1,0,542.2,51.4,26,25.5,12,11.9,26,25.5,12,11.9,230,231.4,233.1,58.3,57.5,57.2,0,0,0,0,0,0,0,0,0,0,0,0,0,0,0,0,0,74,0,OK
10时43分04秒,46/79 静置,551.03,25.65,14135.14,549.23,25.98,14268.09,549.58,11.88,6528.36,547.73,11.92,6528.87,74,69.7,68.9,547.4,11,547.4,10.9,547.4,0,547.1,51.4,25.7,25.5,11.8,11.8,25.7,25.5,11.8,11.8,230.2,231.4,232.9,58.1,57.4,57.2,0,0,0,0,0,0,0,0,0,0,0,0,0,0,0,0,0,74,0,OK
10时43分09秒,46/79 静置,551.03,25.65,14135.14,549.23,25.98,14268.09,549.58,11.88,6528.36,547.73,11.92,6528.87,74,69.7,68.9,547.4,11,547.4,10.9,547.4,0,547.1,51.4,25.7,25.5,11.8,11.8,25.7,25.5,11.8,11.8,230.2,231.4,232.9,58.1,57.4,57.2,0,0,0,0,0,0,0,0,0,0,0,0,0,0,0,0,0,74,0,OK
10时43分14秒,46/79 静置,550.48,25.85,14229.12,550.32,25.88,14241.15,550.12,11.81,6497.24,546.08,12,6555.67,74,69.7,68.9,547.5,11.2,548,11.1,548.4,0,547.5,51.4,25.7,25.5,11.8,11.8,25.7,25.5,11.8,11.8,230.1,231.2,232.9,58.1,57.4,57.4,0,0,0,0,0,0,0,0,0,0,0,0,0,0,0,0,0,74,0,OK
10时43分19秒,46/79 静置,550.48,25.85,14229.12,550.32,25.88,14241.15,550.12,11.81,6497.24,546.08,12,6555.67,74,69.7,68.9,547.5,11.2,548,11.1,548.4,0,547.5,51.4,25.7,25.5,11.8,11.8,25.7,25.5,11.8,11.8,230.1,231.2,232.9,58.1,57.4,57.4,0,0,0,0,0,0,0,0,0,0,0,0,0,0,0,0,0,74,0,OK
10时43分24秒,46/79 静置,538.7,26.21,14117.66,548.95,25.93,14234.74,546.57,11.99,6554.55,542.8,12.04,6534.24,74,69.7,68.9,539,11,547.9,11.1,546.6,0,544.8,51.4,26.1,25.5,11.9,11.9,26.1,25.5,11.9,11.9,230,231.4,233.1,58.1,57.4,57.3,0,0,0,0,0,0,0,0,0,0,0,0,0,0,0,0,0,74,0,OK
10时43分29秒,46/79 静置,538.7,26.21,14117.66,548.95,25.93,14234.74,546.57,11.99,6554.55,542.8,12.04,6534.24,74,69.7,68.9,539,11,547.9,11.1,546.6,0,544.8,51.4,26.1,25.5,11.9,11.9,26.1,25.5,11.9,11.9,230,231.4,233.1,58.1,57.4,57.3,0,0,0,0,0,0,0,0,0,0,0,0,0,0,0,0,0,74,0,OK
10时43分34秒,46/79 静置,549.93,25.87,14224.62,550.05,25.88,14237.3,541.92,12.05,6529.51,545.26,12,6545.28,74,69.7,68.9,546.3,10.9,548.3,11.1,543.7,0,546.9,51.4,25.8,25.4,11.9,11.8,25.8,25.4,11.9,11.8,230.4,231.4,233,58.2,57.5,57.3,0,0,0,0,0,0,0,0,0,0,0,0,0,0,0,0,0,74,0,OK
10时43分39秒,46/79 静置,549.93,25.87,14224.62,550.05,25.88,14237.3,541.92,12.05,6529.51,545.26,12,6545.28,74,69.7,68.9,546.3,10.9,548.3,11.1,543.7,0,546.9,51.4,25.8,25.4,11.9,11.8,25.8,25.4,11.9,11.8,230.4,231.4,233,58.2,57.5,57.3,0,0,0,0,0,0,0,0,0,0,0,0,0,0,0,0,0,74,0,OK
10时43分44秒,46/79 静置,542.81,26.1,14164.92,545.13,26.08,14214.29,544.65,12.01,6542.23,542.25,12.03,6525.52,74,69.7,68.9,543,10.9,546.4,11,546,0,546,51.4,26,25.5,11.9,11.8,26,25.5,11.9,11.8,230.3,231.2,232.9,58.1,57.4,57.1,0,0,0,0,0,0,0,0,0,0,0,0,0,0,0,0,0,74,0,OK
10时43分49秒,46/79 静置,542.81,26.1,14164.92,545.13,26.08,14214.29,544.65,12.01,6542.23,542.25,12.03,6525.52,74,69.7,68.9,543,10.9,546.4,11,546,0,546,51.4,26,25.5,11.9,11.8,26,25.5,11.9,11.8,230.3,231.2,232.9,58.1,57.4,57.1,0,0,0,0,0,0,0,0,0,0,0,0,0,0,0,0,0,74,0,OK
10时43分54秒,46/79 静置,548.29,26.01,14261.35,547.59,25.91,14189.13,547.12,12,6565.92,544.44,12.05,6560.4,74,69.7,68.9,546.4,10.9,550.1,10.9,546.3,0,542.9,51.4,25.9,25.1,11.9,11.9,25.9,25.1,11.9,11.9,230.4,231.4,233,58.3,57.5,57.4,0,0,0,0,0,0,0,0,0,0,0,0,0,0,0,0,0,74,0,OK
10时43分59秒,46/79 静置,548.29,26.01,14261.35,547.59,25.91,14189.13,547.12,12,6565.92,544.44,12.05,6560.4,74,69.7,68.9,546.4,10.9,550.1,10.9,546.3,0,542.9,51.4,25.9,25.1,11.9,11.9,25.9,25.1,11.9,11.9,230.4,231.4,233,58.3,57.5,57.4,0,0,0,0,0,0,0,0,0,0,0,0,0,0,0,0,0,74,0,OK
10时44分04秒,46/79 静置,549.93,25.94,14264.9,551.41,25.92,14292.07,548.21,11.95,6553.35,543.62,12.02,6534.05,74,69.6,68.8,546.4,11.1,548.8,10.9,547.8,0,547.8,51.4,25.8,25.4,11.8,11.8,25.8,25.4,11.8,11.8,230.5,231.4,233,57.7,57,56.8,0,0,0,0,0,0,0,0,0,0,0,0,0,0,0,0,0,74,0,OK
10时44分09秒,46/79 静置,549.93,25.94,14264.9,551.41,25.92,14292.07,548.21,11.95,6553.35,543.62,12.02,6534.05,74,69.6,68.8,546.4,11.1,548.8,10.9,547.8,0,547.8,51.4,25.8,25.4,11.8,11.8,25.8,25.4,11.8,11.8,230.5,231.4,233,57.7,57,56.8,0,0,0,0,0,0,0,0,0,0,0,0,0,0,0,0,0,74,0,OK
10时44分14秒,46/79 静置,545.82,26.07,14227.07,547.59,25.98,14224.43,548.21,11.93,6538.89,547.73,11.99,6569.52,74,69.6,68.8,544.2,11,548.3,11,547.1,0,545.7,51.4,25.9,25.5,11.9,11.9,25.9,25.5,11.9,11.9,230.5,231.3,232.7,58.3,57.5,57.4,0,0,0,0,0,0,0,0,0,0,0,0,0,0,0,0,0,74,0,OK
10时44分19秒,46/79 静置,545.82,26.07,14227.07,547.59,25.98,14224.43,548.21,11.93,6538.89,547.73,11.99,6569.52,74,69.6,68.8,544.2,11,548.3,11,547.1,0,545.7,51.4,25.9,25.5,11.9,11.9,25.9,25.5,11.9,11.9,230.5,231.3,232.7,58.3,57.5,57.4,0,0,0,0,0,0,0,0,0,0,0,0,0,0,0,0,0,74,0,OK
10时44分24秒,46/79 静置,550.21,25.91,14255.9,550.87,25.49,14040.12,551.22,11.82,6514.47,548.55,11.96,6559.56,74,69.6,68.8,546.6,10.8,548.8,10.7,547.6,0,547.9,51.4,25.8,25.3,11.8,11.8,25.8,25.3,11.8,11.8,230.5,231.2,232.7,57.9,57.2,57.1,0,0,0,0,0,0,0,0,0,0,0,0,0,0,0,0,0,74,0,OK
10时44分29秒,46/79 静置,550.21,25.91,14255.9,550.87,25.49,14040.12,551.22,11.82,6514.47,548.55,11.96,6559.56,74,69.6,68.8,546.6,10.8,548.8,10.7,547.6,0,547.9,51.4,25.8,25.3,11.8,11.8,25.8,25.3,11.8,11.8,230.5,231.2,232.7,57.9,57.2,57.1,0,0,0,0,0,0,0,0,0,0,0,0,0,0,0,0,0,74,0,OK
10时44分34秒,46/79 静置,548.29,26.02,14268.85,548.95,26.04,14293.18,547.12,11.99,6562.18,549.65,11.85,6512.55,74,69.6,68.8,546.2,10.9,545.7,11,546.9,0,548.2,51.4,25.9,25.5,11.9,11.8,25.9,25.5,11.9,11.8,230.6,231.5,232.7,57.9,57.2,57,0,0,0,0,0,0,0,0,0,0,0,0,0,0,0,0,0,74,0,OK
10时44分39秒,46/79 静置,548.29,26.02,14268.85,548.95,26.04,14293.18,547.12,11.99,6562.18,549.65,11.85,6512.55,74,69.6,68.8,546.2,10.9,545.7,11,546.9,0,548.2,51.4,25.9,25.5,11.9,11.8,25.9,25.5,11.9,11.8,230.6,231.5,232.7,57.9,57.2,57,0,0,0,0,0,0,0,0,0,0,0,0,0,0,0,0,0,74,0,OK
10时44分44秒,46/79 静置,543.63,26.07,14173.11,541.85,26.11,14145.72,544.65,12.01,6539.04,546.08,11.99,6548.21,74,69.6,68.8,544.8,10.7,545.7,10.7,545.4,0,546.9,51.4,25.9,25.6,11.9,11.8,25.9,25.6,11.9,11.8,230.7,231.3,232.7,58.2,57.4,57.3,0,0,0,0,0,0,0,0,0,0,0,0,0,0,0,0,0,74,0,OK
10时44分49秒,46/79 静置,543.63,26.07,14173.11,541.85,26.11,14145.72,544.65,12.01,6539.04,546.08,11.99,6548.21,74,69.6,68.8,544.8,10.7,545.7,10.7,545.4,0,546.9,51.4,25.9,25.6,11.9,11.8,25.9,25.6,11.9,11.8,230.7,231.3,232.7,58.2,57.4,57.3,0,0,0,0,0,0,0,0,0,0,0,0,0,0,0,0,0,74,0,OK
10时44分54秒,46/79 静置,548.01,25.96,14229.06,550.59,25.82,14213.81,549.58,11.98,6582.57,548.82,11.93,6546.75,74,69.6,68.8,547.2,11.1,548.4,11,547.9,0,549,51.4,25.8,25.5,11.9,11.8,25.8,25.5,11.9,11.8,230.4,231.3,232.7,58.1,57.4,57.3,0,0,0,0,0,0,0,0,0,0,0,0,0,0,0,0,0,74,0,OK
10时44分59秒,46/79 静置,548.01,25.96,14229.06,550.59,25.82,14213.81,549.58,11.98,6582.57,548.82,11.93,6546.75,74,69.6,68.8,547.2,11.1,548.4,11,547.9,0,549,51.4,25.8,25.5,11.9,11.8,25.8,25.5,11.9,11.8,230.4,231.3,232.7,58.1,57.4,57.3,0,0,0,0,0,0,0,0,0,0,0,0,0,0,0,0,0,74,0,OK
10时45分04秒,46/79 静置,544.18,26.1,14202.27,547.04,26.1,14276.46,547.94,11.94,6542.59,547.45,11.93,6532.56,74,69.6,68.8,542.7,11.1,544.6,11.1,547.8,0,548.5,51.4,26,25.6,11.9,11.8,26,25.6,11.9,11.8,230.4,231.4,232.8,58.2,57.4,57.3,0,0,0,0,0,0,0,0,0,0,0,0,0,0,0,0,0,74,0,OK
10时45分09秒,46/79 静置,544.18,26.1,14202.27,547.04,26.1,14276.46,547.94,11.94,6542.59,547.45,11.93,6532.56,74,69.6,68.8,542.7,11.1,544.6,11.1,547.8,0,548.5,51.4,26,25.6,11.9,11.8,26,25.6,11.9,11.8,230.4,231.4,232.8,58.2,57.4,57.3,0,0,0,0,0,0,0,0,0,0,0,0,0,0,0,0,0,74,0,OK
10时45分14秒,46/79 静置,545.27,26.06,14209.59,549.77,26.01,14297.33,547.12,11.97,6549.89,543.62,12.02,6531.92,74,69.6,68.8,545,11,548.3,11.2,547.6,0,546.3,51.4,25.9,25.4,11.9,11.9,25.9,25.4,11.9,11.9,230.4,231.4,232.9,58,57.3,57.1,0,0,0,0,0,0,0,0,0,0,0,0,0,0,0,0,0,74,0,OK
10时45分19秒,46/79 静置,545.27,26.06,14209.59,549.77,26.01,14297.33,547.12,11.97,6549.89,543.62,12.02,6531.92,74,69.6,68.8,545,11,548.3,11.2,547.6,0,546.3,51.4,25.9,25.4,11.9,11.9,25.9,25.4,11.9,11.9,230.4,231.4,232.9,58,57.3,57.1,0,0,0,0,0,0,0,0,0,0,0,0,0,0,0,0,0,74,0,OK
10时45分24秒,46/79 静置,547.74,26.01,14244.43,547.86,25.96,14220.83,549.58,11.88,6530.51,547.73,11.99,6567.38,74,69.6,68.8,546.2,10.8,548.6,10.9,547.9,0,547.2,51.4,25.9,25.4,11.8,11.8,25.9,25.4,11.8,11.8,230.6,231.6,233,58.3,57.5,57.4,0,0,0,0,0,0,0,0,0,0,0,0,0,0,0,0,0,74,0,OK
10时45分29秒,46/79 静置,547.74,26.01,14244.43,547.86,25.96,14220.83,549.58,11.88,6530.51,547.73,11.99,6567.38,74,69.6,68.8,546.2,10.8,548.6,10.9,547.9,0,547.2,51.4,25.9,25.4,11.8,11.8,25.9,25.4,11.8,11.8,230.6,231.6,233,58.3,57.5,57.4,0,0,0,0,0,0,0,0,0,0,0,0,0,0,0,0,0,74,0,OK
10时45分34秒,46/79 静置,549.66,25.77,14165.48,550.87,25.72,14168.69,550.67,11.92,6564.47,549.1,11.98,6578.45,74,69.6,68.8,547.6,10.8,549.3,11,547.2,0,546.9,51.4,25.7,25.3,11.8,11.9,25.7,25.3,11.8,11.9,230.5,231.4,232.9,57.9,57.1,57,0,0,0,0,0,0,0,0,0,0,0,0,0,0,0,0,0,74,0,OK
10时45分39秒,46/79 静置,549.66,25.77,14165.48,550.87,25.72,14168.69,550.67,11.92,6564.47,549.1,11.98,6578.45,74,69.6,68.8,547.6,10.8,549.3,11,547.2,0,546.9,51.4,25.7,25.3,11.8,11.9,25.7,25.3,11.8,11.9,230.5,231.4,232.9,57.9,57.1,57,0,0,0,0,0,0,0,0,0,0,0,0,0,0,0,0,0,74,0,OK
10时45分44秒,46/79 静置,549.93,25.89,14236.44,548.13,26,14253.62,549.58,11.86,6516.56,551.01,11.88,6545.99,74,69.6,68.8,547.3,10.9,549,10.9,549.3,0,547.5,51.4,25.8,25.4,11.7,11.8,25.8,25.4,11.7,11.8,230.4,231.4,232.9,58,57.3,57.1,0,0,0,0,0,0,0,0,0,0,0,0,0,0,0,0,0,74,0,OK
10时45分49秒,46/79 静置,549.93,25.89,14236.44,548.13,26,14253.62,549.58,11.86,6516.56,551.01,11.88,6545.99,74,69.6,68.8,547.3,10.9,549,10.9,549.3,0,547.5,51.4,25.8,25.4,11.7,11.8,25.8,25.4,11.7,11.8,230.4,231.4,232.9,58,57.3,57.1,0,0,0,0,0,0,0,0,0,0,0,0,0,0,0,0,0,74,0,OK
10时45分54秒,46/79 静置,548.56,25.99,14259.36,549.5,25.96,14265.54,549.58,11.98,6586.33,545.81,12.02,6559.32,74,69.6,68.8,546.8,11.1,549.6,11,546.4,0,546.7,51.4,25.9,25.3,11.9,11.9,25.9,25.3,11.9,11.9,230.5,231.4,232.9,58.2,57.5,57.3,0,0,0,0,0,0,0,0,0,0,0,0,0,0,0,0,0,74,0,OK
10时45分59秒,46/79 静置,548.56,25.99,14259.36,549.5,25.96,14265.54,549.58,11.98,6586.33,545.81,12.02,6559.32,74,69.6,68.8,546.8,11.1,549.6,11,546.4,0,546.7,51.4,25.9,25.3,11.9,11.9,25.9,25.3,11.9,11.9,230.5,231.4,232.9,58.2,57.5,57.3,0,0,0,0,0,0,0,0,0,0,0,0,0,0,0,0,0,74,0,OK
10时46分04秒,46/79 静置,547.19,26.06,14257.97,544.85,26.05,14195.99,547.66,11.88,6507.23,546.36,12,6556.83,74,69.6,68.8,545,10.9,547.5,11,549.1,0,547.7,51.4,25.9,25.5,11.7,11.8,25.9,25.5,11.7,11.8,230.5,231.4,232.9,58.2,57.4,57.3,0,0,0,0,0,0,0,0,0,0,0,0,0,0,0,0,0,74,0,OK
10时46分09秒,46/79 静置,547.19,26.06,14257.97,544.85,26.05,14195.99,547.66,11.88,6507.23,546.36,12,6556.83,74,69.6,68.8,545,10.9,547.5,11,549.1,0,547.7,51.4,25.9,25.5,11.7,11.8,25.9,25.5,11.7,11.8,230.5,231.4,232.9,58.2,57.4,57.3,0,0,0,0,0,0,0,0,0,0,0,0,0,0,0,0,0,74,0,OK
10时46分14秒,46/79 静置,545,26.12,14235.97,549.5,25.98,14275.19,540.28,12.04,6503.41,546.91,12.02,6571.42,74,69.6,68.8,543,10.9,546.1,11.1,543.6,0,544.6,51.4,26,25.5,11.9,11.9,26,25.5,11.9,11.9,230.8,231.8,233.3,57.9,57.2,57.3,0,0,0,0,0,0,0,0,0,0,0,0,0,0,0,0,0,74,0,OK
10时46分19秒,46/79 静置,545,26.12,14235.97,549.5,25.98,14275.19,540.28,12.04,6503.41,546.91,12.02,6571.42,74,69.6,68.8,543,10.9,546.1,11.1,543.6,0,544.6,51.4,26,25.5,11.9,11.9,26,25.5,11.9,11.9,230.8,231.8,233.3,57.9,57.2,57.3,0,0,0,0,0,0,0,0,0,0,0,0,0,0,0,0,0,74,0,OK
10时46分24秒,46/79 静置,549.66,25.96,14268.54,548.95,25.96,14251.9,550.67,11.95,6580.6,549.1,11.95,6560.22,74,69.6,68.8,546.4,10.8,548.2,11,548,0,548.4,51.4,25.8,25.5,11.8,11.8,25.8,25.5,11.8,11.8,230.8,231.6,233.2,57.6,56.9,57.1,0,0,0,0,0,0,0,0,0,0,0,0,0,0,0,0,0,74,0,OK
10时46分29秒,46/79 静置,549.66,25.96,14268.54,548.95,25.96,14251.9,550.67,11.95,6580.6,549.1,11.95,6560.22,74,69.6,68.8,546.4,10.8,548.2,11,548,0,548.4,51.4,25.8,25.5,11.8,11.8,25.8,25.5,11.8,11.8,230.8,231.6,233.2,57.6,56.9,57.1,0,0,0,0,0,0,0,0,0,0,0,0,0,0,0,0,0,74,0,OK
10时46分34秒,46/79 静置,550.48,25.8,14204.39,548.13,25.98,14242.38,550.67,11.93,6568.77,550.47,11.91,6555.07,74,69.6,68.8,546.9,11,547.9,11.2,546,0,547.5,51.4,25.8,25.5,11.9,11.8,25.8,25.5,11.9,11.8,230.9,231.6,233.3,57.7,57,57.3,0,0,0,0,0,0,0,0,0,0,0,0,0,0,0,0,0,74,0,OK
10时46分39秒,46/79 静置,550.48,25.8,14204.39,548.13,25.98,14242.38,550.67,11.93,6568.77,550.47,11.91,6555.07,74,69.6,68.8,546.9,11,547.9,11.2,546,0,547.5,51.4,25.8,25.5,11.9,11.8,25.8,25.5,11.9,11.8,230.9,231.6,233.3,57.7,57,57.3,0,0,0,0,0,0,0,0,0,0,0,0,0,0,0,0,0,74,0,OK
10时46分44秒,46/79 静置,544.72,26.11,14222.42,545.95,26.08,14240.48,543.01,12.06,6549.05,542.8,12.01,6519.39,74,69.6,68.8,542.4,11,544.6,11,542.7,0,545.7,51.4,26,25.6,11.9,11.9,26,25.6,11.9,11.9,230.5,231.5,232.9,58.1,57.3,57.3,0,0,0,0,0,0,0,0,0,0,0,0,0,0,0,0,0,74,0,OK
10时46分49秒,46/79 静置,544.72,26.11,14222.42,545.95,26.08,14240.48,543.01,12.06,6549.05,542.8,12.01,6519.39,74,69.6,68.8,542.4,11,544.6,11,542.7,0,545.7,51.4,26,25.6,11.9,11.9,26,25.6,11.9,11.9,230.5,231.5,232.9,58.1,57.3,57.3,0,0,0,0,0,0,0,0,0,0,0,0,0,0,0,0,0,74,0,OK
10时46分54秒,46/79 静置,549.66,26.1,14347.45,532.01,26.27,13975.6,539.19,12.05,6494.99,530.74,12.22,6487.62,74,69.6,68.8,541.7,10.9,538.2,11.2,542.9,0,525.7,51.4,26,25.8,11.9,12.1,26,25.8,11.9,12.1,230.7,231.6,233.2,57.9,57.1,57.1,0,0,0,0,0,0,0,0,0,0,0,0,0,0,0,0,0,74,0,OK
10时46分59秒,46/79 静置,549.66,26.1,14347.45,532.01,26.27,13975.6,539.19,12.05,6494.99,530.74,12.22,6487.62,74,69.6,68.8,541.7,10.9,538.2,11.2,542.9,0,525.7,51.4,26,25.8,11.9,12.1,26,25.8,11.9,12.1,230.7,231.6,233.2,57.9,57.1,57.1,0,0,0,0,0,0,0,0,0,0,0,0,0,0,0,0,0,74,0,OK
10时47分04秒,46/79 静置,543.63,26.07,14170.45,548.13,26.09,14300.72,544.11,12.01,6536.73,540.06,12.05,6509.17,74,69.6,68.8,544.3,10.8,544.6,11,545.4,0,541.6,51.4,25.9,25.6,11.9,11.9,25.9,25.6,11.9,11.9,230.5,231.4,233.4,58.1,57.3,57.3,0,0,0,0,0,0,0,0,0,0,0,0,0,0,0,0,0,74,0,OK
10时47分09秒,46/79 静置,543.63,26.07,14170.45,548.13,26.09,14300.72,544.11,12.01,6536.73,540.06,12.05,6509.17,74,69.6,68.8,544.3,10.8,544.6,11,545.4,0,541.6,51.4,25.9,25.6,11.9,11.9,25.9,25.6,11.9,11.9,230.5,231.4,233.4,58.1,57.3,57.3,0,0,0,0,0,0,0,0,0,0,0,0,0,0,0,0,0,74,0,OK
10时47分14秒,46/79 静置,547.46,26.05,14260.82,550.32,25.87,14238.46,549.03,11.9,6534.74,547.73,11.95,6545.99,74,69.6,68.7,545.5,11.2,549.1,11.2,548.2,0,548.1,51.4,25.9,25.4,11.8,11.8,25.9,25.4,11.8,11.8,230.6,231.7,233.7,58.2,57.4,57.2,0,0,0,0,0,0,0,0,0,0,0,0,0,0,0,0,0,74,0,OK
10时47分19秒,46/79 静置,547.46,26.05,14260.82,550.32,25.87,14238.46,549.03,11.9,6534.74,547.73,11.95,6545.99,74,69.6,68.7,545.5,11.2,549.1,11.2,548.2,0,548.1,51.4,25.9,25.4,11.8,11.8,25.9,25.4,11.8,11.8,230.6,231.7,233.7,58.2,57.4,57.2,0,0,0,0,0,0,0,0,0,0,0,0,0,0,0,0,0,74,0,OK
10时47分24秒,46/79 静置,549.11,25.98,14266.66,549.77,25.99,14287.13,550.67,11.66,6421.42,547.45,11.98,6557.15,74,69.6,68.7,547.3,11.1,548.4,11.1,549.2,0,548.2,51.4,25.8,25.5,11.7,11.8,25.8,25.5,11.7,11.8,230.3,231.6,233.6,58.1,57.4,57.2,0,0,0,0,0,0,0,0,0,0,0,0,0,0,0,0,0,74,0,OK
10时47分29秒,46/79 静置,549.11,25.98,14266.66,549.77,25.99,14287.13,550.67,11.66,6421.42,547.45,11.98,6557.15,74,69.6,68.7,547.3,11.1,548.4,11.1,549.2,0,548.2,51.4,25.8,25.5,11.7,11.8,25.8,25.5,11.7,11.8,230.3,231.6,233.6,58.1,57.4,57.2,0,0,0,0,0,0,0,0,0,0,0,0,0,0,0,0,0,74,0,OK
10时47分34秒,46/79 静置,550.21,25.68,14130.17,547.59,26.01,14244.75,548.21,11.97,6563.52,548.55,11.95,6553.67,74,69.6,68.7,548.3,11,547.2,10.9,547.9,0,549,51.4,25.6,25.5,11.9,11.8,25.6,25.5,11.9,11.8,230.3,231.5,233.5,58.3,57.5,57.3,0,0,0,0,0,0,0,0,0,0,0,0,0,0,0,0,0,74,0,OK
10时47分39秒,46/79 静置,550.21,25.68,14130.17,547.59,26.01,14244.75,548.21,11.97,6563.52,548.55,11.95,6553.67,74,69.6,68.7,548.3,11,547.2,10.9,547.9,0,549,51.4,25.6,25.5,11.9,11.8,25.6,25.5,11.9,11.8,230.3,231.5,233.5,58.3,57.5,57.3,0,0,0,0,0,0,0,0,0,0,0,0,0,0,0,0,0,74,0,OK
10时47分44秒,46/79 静置,547.46,26.04,14254.94,548.95,26.05,14298.54,549.03,11.96,6566.91,548.82,11.86,6508.7,74,69.6,68.7,546,11.1,547,11.2,548.6,0,549.4,51.4,25.9,25.5,11.8,11.7,25.9,25.5,11.8,11.7,230.6,231.9,233.7,58.2,57.4,56.6,0,0,0,0,0,0,0,0,0,0,0,0,0,0,0,0,0,74,0,OK
10时47分49秒,46/79 静置,547.46,26.04,14254.94,548.95,26.05,14298.54,549.03,11.96,6566.91,548.82,11.86,6508.7,74,69.6,68.7,546,11.1,547,11.2,548.6,0,549.4,51.4,25.9,25.5,11.8,11.7,25.9,25.5,11.8,11.7,230.6,231.9,233.7,58.2,57.4,56.6,0,0,0,0,0,0,0,0,0,0,0,0,0,0,0,0,0,74,0,OK
10时47分54秒,46/79 静置,549.11,25.87,14203.92,547.59,26.01,14245.28,545.75,12.02,6558.57,548.28,11.99,6575.56,74,69.6,68.7,548.1,10.9,548.6,11.2,544.9,0,548.6,51.4,25.7,25.5,11.9,11.8,25.7,25.5,11.9,11.8,230.3,231.6,233.3,58.3,57.5,57.4,0,0,0,0,0,0,0,0,0,0,0,0,0,0,0,0,0,74,0,OK
10时47分59秒,46/79 静置,549.11,25.87,14203.92,547.59,26.01,14245.28,545.75,12.02,6558.57,548.28,11.99,6575.56,74,69.6,68.7,548.1,10.9,548.6,11.2,544.9,0,548.6,51.4,25.7,25.5,11.9,11.8,25.7,25.5,11.9,11.8,230.3,231.6,233.3,58.3,57.5,57.4,0,0,0,0,0,0,0,0,0,0,0,0,0,0,0,0,0,74,0,OK
10时48分04秒,46/79 静置,550.48,25.6,14094.19,546.77,26.08,14257.61,543.01,12.06,6546.4,550.19,11.96,6582.98,74,69.6,68.7,548.2,11.1,545.8,11.4,542.2,0,547.5,51.4,25.6,25.6,12,11.9,25.6,25.6,12,11.9,230,231.4,233,58.2,57.4,57.4,0,0,0,0,0,0,0,0,0,0,0,0,0,0,0,0,0,74,0,OK
10时48分09秒,46/79 静置,550.48,25.6,14094.19,546.77,26.08,14257.61,543.01,12.06,6546.4,550.19,11.96,6582.98,74,69.6,68.7,548.2,11.1,545.8,11.4,542.2,0,547.5,51.4,25.6,25.6,12,11.9,25.6,25.6,12,11.9,230,231.4,233,58.2,57.4,57.4,0,0,0,0,0,0,0,0,0,0,0,0,0,0,0,0,0,74,0,OK
10时48分14秒,46/79 静置,547.19,26.06,14257.97,548.68,25.95,14236.23,547.94,11.97,6558.64,545.54,12.03,6564.01,74,69.6,68.8,544.3,11.3,547.8,11.2,547.6,0,545.1,51.4,25.9,25.5,11.8,11.9,25.9,25.5,11.8,11.9,230.5,231.5,233.3,58.3,57.5,56.7,0,0,0,0,0,0,0,0,0,0,0,0,0,0,0,0,0,74,0,OK
10时48分19秒,46/79 静置,547.19,26.06,14257.97,548.68,25.95,14236.23,547.94,11.97,6558.64,545.54,12.03,6564.01,74,69.6,68.8,544.3,11.3,547.8,11.2,547.6,0,545.1,51.4,25.9,25.5,11.8,11.9,25.9,25.5,11.8,11.9,230.5,231.5,233.3,58.3,57.5,56.7,0,0,0,0,0,0,0,0,0,0,0,0,0,0,0,0,0,74,0,OK
10时48分24秒,46/79 静置,549.93,25.84,14211.2,550.32,25.87,14235.78,548.21,12.01,6582.26,550.19,11.94,6567.4,74,69.6,68.8,546.3,11.1,548.3,10.9,545.7,0,547.9,51.4,25.8,25.4,11.9,11.8,25.8,25.4,11.9,11.8,230.6,231.7,233.1,57.9,57.1,57.2,0,0,0,0,0,0,0,0,0,0,0,0,0,0,0,0,0,74,0,OK
10时48分29秒,46/79 静置,549.93,25.84,14211.2,550.32,25.87,14235.78,548.21,12.01,6582.26,550.19,11.94,6567.4,74,69.6,68.8,546.3,11.1,548.3,10.9,545.7,0,547.9,51.4,25.8,25.4,11.9,11.8,25.8,25.4,11.9,11.8,230.6,231.7,233.1,57.9,57.1,57.2,0,0,0,0,0,0,0,0,0,0,0,0,0,0,0,0,0,74,0,OK
10时48分34秒,46/79 静置,550.48,25.81,14208.69,550.32,25.74,14164.3,550.94,11.81,6504.78,547.73,12.01,6577.01,74,69.6,68.9,547.4,11.3,550.3,10.7,548.7,0,547.3,51.4,25.8,25.1,11.8,11.9,25.8,25.1,11.8,11.9,230.2,231.6,233.2,58.1,57.4,56.8,0,0,0,0,0,0,0,0,0,0,0,0,0,0,0,0,0,74,0,OK
10时48分39秒,46/79 静置,550.48,25.81,14208.69,550.32,25.74,14164.3,550.94,11.81,6504.78,547.73,12.01,6577.01,74,69.6,68.9,547.4,11.3,550.3,10.7,548.7,0,547.3,51.4,25.8,25.1,11.8,11.9,25.8,25.1,11.8,11.9,230.2,231.6,233.2,58.1,57.4,56.8,0,0,0,0,0,0,0,0,0,0,0,0,0,0,0,0,0,74,0,OK
10时48分44秒,46/79 静置,550.75,25.77,14195.33,548.13,26,14249.87,542.74,12.07,6550,544.99,12.03,6554.23,74,69.6,68.9,547.5,11.1,547.4,11.1,540.6,0,545.9,51.4,25.7,25.5,12,11.9,25.7,25.5,12,11.9,230.3,231.5,233.2,58,57.2,57,0,0,0,0,0,0,0,0,0,0,0,0,0,0,0,0,0,74,0,OK
10时48分49秒,46/79 静置,550.75,25.77,14195.33,548.13,26,14249.87,542.74,12.07,6550,544.99,12.03,6554.23,74,69.6,68.9,547.5,11.1,547.4,11.1,540.6,0,545.9,51.4,25.7,25.5,12,11.9,25.7,25.5,12,11.9,230.3,231.5,233.2,58,57.2,57,0,0,0,0,0,0,0,0,0,0,0,0,0,0,0,0,0,74,0,OK
10时48分54秒,46/79 静置,549.66,25.69,14120.39,549.5,26,14288.61,546.29,12.02,6566.21,550.19,11.98,6588.89,74,69.6,68.9,548.7,10.8,547.8,11.3,544.6,0,548.1,51.4,25.5,25.5,11.9,11.8,25.5,25.5,11.9,11.8,230.3,231.7,233.2,58.3,57.5,57.4,0,0,0,0,0,0,0,0,0,0,0,0,0,0,0,0,0,74,0,OK
10时48分59秒,46/79 静置,549.66,25.69,14120.39,549.5,26,14288.61,546.29,12.02,6566.21,550.19,11.98,6588.89,74,69.6,68.9,548.7,10.8,547.8,11.3,544.6,0,548.1,51.4,25.5,25.5,11.9,11.8,25.5,25.5,11.9,11.8,230.3,231.7,233.2,58.3,57.5,57.4,0,0,0,0,0,0,0,0,0,0,0,0,0,0,0,0,0,74,0,OK
10时49分04秒,46/79 静置,549.66,25.97,14276.59,547.04,26.03,14241.2,550.67,11.75,6473.05,549.37,11.98,6583.87,74,69.7,68.9,546.6,11.1,548.2,11.2,550.4,0,547.3,51.4,25.9,25.5,11.5,11.9,25.9,25.5,11.5,11.9,230.3,231.7,233.2,58.1,57.3,57.2,0,0,0,0,0,0,0,0,0,0,0,0,0,0,0,0,0,74,0,OK
10时49分09秒,46/79 静置,549.66,25.97,14276.59,547.04,26.03,14241.2,550.67,11.75,6473.05,549.37,11.98,6583.87,74,69.7,68.9,546.6,11.1,548.2,11.2,550.4,0,547.3,51.4,25.9,25.5,11.5,11.9,25.9,25.5,11.5,11.9,230.3,231.7,233.2,58.1,57.3,57.2,0,0,0,0,0,0,0,0,0,0,0,0,0,0,0,0,0,74,0,OK
10时49分14秒,46/79 静置,547.46,25.91,14186.5,550.05,25.97,14286.18,551.22,11.87,6543.53,551.01,11.91,6564.82,74,69.7,68.9,547.5,11.1,546.7,11.3,547,0,547.4,51.4,25.8,25.5,11.8,11.8,25.8,25.5,11.8,11.8,230.5,231.6,233.3,58,57.3,57.2,0,0,0,0,0,0,0,0,0,0,0,0,0,0,0,0,0,74,0,OK
10时49分19秒,46/79 静置,547.46,25.91,14186.5,550.05,25.97,14286.18,551.22,11.87,6543.53,551.01,11.91,6564.82,74,69.7,68.9,547.5,11.1,546.7,11.3,547,0,547.4,51.4,25.8,25.5,11.8,11.8,25.8,25.5,11.8,11.8,230.5,231.6,233.3,58,57.3,57.2,0,0,0,0,0,0,0,0,0,0,0,0,0,0,0,0,0,74,0,OK
10时49分24秒,46/79 静置,547.19,26.01,14232.85,547.31,26.04,14253.67,548.21,11.99,6574.23,548.82,11.99,6579.98,74,69.7,68.9,547,10.6,547.1,11.1,547,0,548.2,51.4,25.7,25.5,11.9,11.8,25.7,25.5,11.9,11.8,230.3,231.5,233.1,57.9,57.2,57,0,0,0,0,0,0,0,0,0,0,0,0,0,0,0,0,0,74,0,OK
10时49分29秒,46/79 静置,547.19,26.01,14232.85,547.31,26.04,14253.67,548.21,11.99,6574.23,548.82,11.99,6579.98,74,69.7,68.9,547,10.6,547.1,11.1,547,0,548.2,51.4,25.7,25.5,11.9,11.8,25.7,25.5,11.9,11.8,230.3,231.5,233.1,57.9,57.2,57,0,0,0,0,0,0,0,0,0,0,0,0,0,0,0,0,0,74,0,OK
10时49分34秒,46/79 静置,549.38,25.76,14151.44,547.59,25.94,14205.71,545.75,11.97,6530.32,548,11.85,6492,74,69.7,68.9,547.9,10.9,548.7,10.9,547.4,0,548.9,51.4,25.7,25.4,11.8,11.7,25.7,25.4,11.8,11.7,230.4,231.5,233.1,58.3,57.5,57.4,0,0,0,0,0,0,0,0,0,0,0,0,0,0,0,0,0,74,0,OK
10时49分39秒,46/79 静置,549.38,25.76,14151.44,547.59,25.94,14205.71,545.75,11.97,6530.32,548,11.85,6492,74,69.7,68.9,547.9,10.9,548.7,10.9,547.4,0,548.9,51.4,25.7,25.4,11.8,11.7,25.7,25.4,11.8,11.7,230.4,231.5,233.1,58.3,57.5,57.4,0,0,0,0,0,0,0,0,0,0,0,0,0,0,0,0,0,74,0,OK
10时49分44秒,46/79 静置,549.11,26,14274.16,548.13,26,14251.48,549.58,12,6593.84,546.91,11.94,6530.83,74,69.7,68.9,544,10.9,547.3,11.2,545.5,0,547.7,51.4,25.9,25.5,11.9,11.8,25.9,25.5,11.9,11.8,230.3,231.6,233.2,58.1,57.6,57.4,0,0,0,0,0,0,0,0,0,0,0,0,0,0,0,0,0,74,0,OK
10时49分49秒,46/79 静置,549.11,26,14274.16,548.13,26,14251.48,549.58,12,6593.84,546.91,11.94,6530.83,74,69.7,68.9,544,10.9,547.3,11.2,545.5,0,547.7,51.4,25.9,25.5,11.9,11.8,25.9,25.5,11.9,11.8,230.3,231.6,233.2,58.1,57.6,57.4,0,0,0,0,0,0,0,0,0,0,0,0,0,0,0,0,0,74,0,OK
10时49分54秒,46/79 静置,544.72,26.11,14222.95,547.86,26.03,14259.35,545.47,12.02,6557.41,548.28,11.99,6571.81,74,69.7,68.9,542.3,11,548.3,11.1,546,0,546.4,51.4,26,25.5,11.9,11.9,26,25.5,11.9,11.9,230.4,231.6,233.5,58.2,57.4,57.3,0,0,0,0,0,0,0,0,0,0,0,0,0,0,0,0,0,74,0,OK
10时49分59秒,46/79 静置,544.72,26.11,14222.95,547.86,26.03,14259.35,545.47,12.02,6557.41,548.28,11.99,6571.81,74,69.7,68.9,542.3,11,548.3,11.1,546,0,546.4,51.4,26,25.5,11.9,11.9,26,25.5,11.9,11.9,230.4,231.6,233.5,58.2,57.4,57.3,0,0,0,0,0,0,0,0,0,0,0,0,0,0,0,0,0,74,0,OK
10时50分04秒,46/79 静置,550.21,25.83,14209.15,543.49,26.11,14191.71,546.29,12.02,6565.14,549.37,11.98,6579.04,74,69.7,68.9,547.2,11.1,544.9,11.2,544.7,0,547.9,51.4,25.8,25.6,11.9,11.8,25.8,25.6,11.9,11.8,230.4,231.4,233.3,58,57.2,57.3,0,0,0,0,0,0,0,0,0,0,0,0,0,0,0,0,0,74,0,OK
10时50分09秒,46/79 静置,550.21,25.83,14209.15,543.49,26.11,14191.71,546.29,12.02,6565.14,549.37,11.98,6579.04,74,69.7,68.9,547.2,11.1,544.9,11.2,544.7,0,547.9,51.4,25.8,25.6,11.9,11.8,25.8,25.6,11.9,11.8,230.4,231.4,233.3,58,57.2,57.3,0,0,0,0,0,0,0,0,0,0,0,0,0,0,0,0,0,74,0,OK
10时50分14秒,46/79 静置,546.64,26.02,14226.05,549.23,25.98,14267.02,549.58,11.93,6558.96,549.37,11.91,6544.71,74,69.7,68.9,545.5,11.2,547.6,11.1,547.7,0,548,51.4,25.9,25.5,11.8,11.8,25.9,25.5,11.8,11.8,230.9,231.8,233.6,58.2,57.2,57.1,0,0,0,0,0,0,0,0,0,0,0,0,0,0,0,0,0,74,0,OK
10时50分19秒,46/79 静置,546.64,26.02,14226.05,549.23,25.98,14267.02,549.58,11.93,6558.96,549.37,11.91,6544.71,74,69.7,68.9,545.5,11.2,547.6,11.1,547.7,0,548,51.4,25.9,25.5,11.8,11.8,25.9,25.5,11.8,11.8,230.9,231.8,233.6,58.2,57.2,57.1,0,0,0,0,0,0,0,0,0,0,0,0,0,0,0,0,0,74,0,OK
10时50分24秒,46/79 静置,549.66,25.78,14171.39,545.4,26.03,14198.52,546.57,12.04,6578.04,546.36,11.99,6552.03,74,69.7,68.9,547.6,11,548.5,10.8,543.3,0,548.8,51.4,25.7,25.4,11.9,11.7,25.7,25.4,11.9,11.7,230.9,231.8,233.7,58.2,57.3,57.2,0,0,0,0,0,0,0,0,0,0,0,0,0,0,0,0,0,74,0,OK
10时50分29秒,46/79 静置,549.66,25.78,14171.39,545.4,26.03,14198.52,546.57,12.04,6578.04,546.36,11.99,6552.03,74,69.7,68.9,547.6,11,548.5,10.8,543.3,0,548.8,51.4,25.7,25.4,11.9,11.7,25.7,25.4,11.9,11.7,230.9,231.8,233.7,58.2,57.3,57.2,0,0,0,0,0,0,0,0,0,0,0,0,0,0,0,0,0,74,0,OK
10时50分34秒,46/79 静置,547.46,26.03,14249.59,547.31,25.99,14223.74,551.22,11.89,6555.38,547.18,11.96,6543.18,74,69.7,68.9,545.7,11,546.8,11.1,548.2,0,547.5,51.4,25.9,25.5,11.8,11.8,25.9,25.5,11.8,11.8,230.7,231.6,233.6,58.2,57.4,57.2,0,0,0,0,0,0,0,0,0,0,0,0,0,0,0,0,0,74,0,OK
10时50分39秒,46/79 静置,547.46,26.03,14249.59,547.31,25.99,14223.74,551.22,11.89,6555.38,547.18,11.96,6543.18,74,69.7,68.9,545.7,11,546.8,11.1,548.2,0,547.5,51.4,25.9,25.5,11.8,11.8,25.9,25.5,11.8,11.8,230.7,231.6,233.6,58.2,57.4,57.2,0,0,0,0,0,0,0,0,0,0,0,0,0,0,0,0,0,74,0,OK
10时50分44秒,46/79 静置,547.46,25.99,14229.81,549.77,25.94,14262.97,550.4,11.88,6540.78,550.19,11.92,6555.58,74,69.7,68.9,546.8,11,548.7,10.9,548.3,0,548.7,51.4,25.9,25.5,11.8,11.8,25.9,25.5,11.8,11.8,230.5,231.6,233.6,58.3,57.5,57.2,0,0,0,0,0,0,0,0,0,0,0,0,0,0,0,0,0,74,0,OK
10时50分49秒,46/79 静置,547.46,25.99,14229.81,549.77,25.94,14262.97,550.4,11.88,6540.78,550.19,11.92,6555.58,74,69.7,68.9,546.8,11,548.7,10.9,548.3,0,548.7,51.4,25.9,25.5,11.8,11.8,25.9,25.5,11.8,11.8,230.5,231.6,233.6,58.3,57.5,57.2,0,0,0,0,0,0,0,0,0,0,0,0,0,0,0,0,0,74,0,OK
10时50分54秒,46/79 静置,543.36,25.96,14107.08,549.77,26.03,14312.9,549.03,11.95,6559.94,551.56,11.97,6600.98,74,69.7,68.9,546.4,11.1,546.6,11.1,546.1,0,547.5,51.4,25.8,25.5,11.9,11.8,25.8,25.5,11.9,11.8,230.7,231.6,233.5,58,57.3,57.3,0,0,0,0,0,0,0,0,0,0,0,0,0,0,0,0,0,74,0,OK
10时50分59秒,46/79 静置,543.36,25.96,14107.08,549.77,26.03,14312.9,549.03,11.95,6559.94,551.56,11.97,6600.98,74,69.7,68.9,546.4,11.1,546.6,11.1,546.1,0,547.5,51.4,25.8,25.5,11.9,11.8,25.8,25.5,11.9,11.8,230.7,231.6,233.5,58,57.3,57.3,0,0,0,0,0,0,0,0,0,0,0,0,0,0,0,0,0,74,0,OK
10时51分04秒,46/79 静置,548.83,25.95,14240.77,543.49,26.12,14196.48,547.66,11.97,6558.04,550.19,11.98,6592.65,74,69.7,68.9,546.8,11,543.6,11.1,547.7,0,547.6,51.4,25.9,25.6,11.9,11.8,25.9,25.6,11.9,11.8,230.3,231.5,233.5,58,57.2,57.3,0,0,0,0,0,0,0,0,0,0,0,0,0,0,0,0,0,74,0,OK
10时51分09秒,46/79 静置,548.83,25.95,14240.77,543.49,26.12,14196.48,547.66,11.97,6558.04,550.19,11.98,6592.65,74,69.7,68.9,546.8,11,543.6,11.1,547.7,0,547.6,51.4,25.9,25.6,11.9,11.8,25.9,25.6,11.9,11.8,230.3,231.5,233.5,58,57.2,57.3,0,0,0,0,0,0,0,0,0,0,0,0,0,0,0,0,0,74,0,OK
10时51分14秒,46/79 静置,545.55,26.1,14238.03,544.03,26.09,14195.89,545.47,12,6548.36,548.28,11.96,6555.21,74,69.7,68.9,543.3,11,544.9,11.1,545.8,0,547.7,51.4,26,25.6,11.9,11.8,26,25.6,11.9,11.8,230.5,231.7,233.3,58.1,57.4,57.3,0,0,0,0,0,0,0,0,0,0,0,0,0,0,0,0,0,74,0,OK
10时51分19秒,46/79 静置,545.55,26.1,14238.03,544.03,26.09,14195.89,545.47,12,6548.36,548.28,11.96,6555.21,74,69.7,68.9,543.3,11,544.9,11.1,545.8,0,547.7,51.4,26,25.6,11.9,11.8,26,25.6,11.9,11.8,230.5,231.7,233.3,58.1,57.4,57.3,0,0,0,0,0,0,0,0,0,0,0,0,0,0,0,0,0,74,0,OK
10时51分24秒,46/79 静置,545.55,26.07,14222.04,541.3,26.15,14155.76,542.19,12.05,6535.98,545.54,12.01,6550.16,74,69.6,68.9,544.6,10.9,542.8,11.2,543,0,546.5,51.4,26,25.7,11.9,11.9,26,25.7,11.9,11.9,230.7,231.7,233.6,58,57.2,57.2,0,0,0,0,0,0,0,0,0,0,0,0,0,0,0,0,0,74,0,OK
10时51分29秒,46/79 静置,545.55,26.07,14222.04,541.3,26.15,14155.76,542.19,12.05,6535.98,545.54,12.01,6550.16,74,69.6,68.9,544.6,10.9,542.8,11.2,543,0,546.5,51.4,26,25.7,11.9,11.9,26,25.7,11.9,11.9,230.7,231.7,233.6,58,57.2,57.2,0,0,0,0,0,0,0,0,0,0,0,0,0,0,0,0,0,74,0,OK
10时51分34秒,46/79 静置,549.11,25.88,14212.5,546.77,25.99,14209.02,549.85,11.94,6567.04,549.92,11.81,6494.84,74,69.6,68.9,547.9,10.8,548.3,11,548.6,0,549.8,51.4,25.7,25.4,11.8,11.6,25.7,25.4,11.8,11.6,230.5,231.7,233.5,58.2,57.5,57.3,0,0,0,0,0,0,0,0,0,0,0,0,0,0,0,0,0,74,0,OK
10时51分39秒,46/79 静置,549.11,25.88,14212.5,546.77,25.99,14209.02,549.85,11.94,6567.04,549.92,11.81,6494.84,74,69.6,68.9,547.9,10.8,548.3,11,548.6,0,549.8,51.4,25.7,25.4,11.8,11.6,25.7,25.4,11.8,11.6,230.5,231.7,233.5,58.2,57.5,57.3,0,0,0,0,0,0,0,0,0,0,0,0,0,0,0,0,0,74,0,OK
10时51分44秒,46/79 静置,546.37,26.07,14244.55,546.77,26.09,14262.95,547.94,11.99,6571.48,548.82,12.01,6590.7,74,69.6,68.9,543.9,11,544.4,11.2,545.7,0,546.3,51.4,26,25.6,11.9,11.9,26,25.6,11.9,11.9,230.5,231.7,233.6,58.2,57.4,57.4,0,0,0,0,0,0,0,0,0,0,0,0,0,0,0,0,0,74,0,OK
10时51分49秒,46/79 静置,546.37,26.07,14244.55,546.77,26.09,14262.95,547.94,11.99,6571.48,548.82,12.01,6590.7,74,69.6,68.9,543.9,11,544.4,11.2,545.7,0,546.3,51.4,26,25.6,11.9,11.9,26,25.6,11.9,11.9,230.5,231.7,233.6,58.2,57.4,57.4,0,0,0,0,0,0,0,0,0,0,0,0,0,0,0,0,0,74,0,OK
10时51分54秒,46/79 静置,547.19,26.03,14245.68,547.04,26.04,14242.81,542.19,12.07,6542.34,547.45,12,6566.78,74,69.6,68.9,545.3,11.1,546.7,11.3,540.2,0,546.7,51.4,25.9,25.6,12,11.9,25.9,25.6,12,11.9,230.2,231.6,233.2,58.2,57.5,56.9,0,0,0,0,0,0,0,0,0,0,0,0,0,0,0,0,0,74,0,OK
10时51分59秒,46/79 静置,547.19,26.03,14245.68,547.04,26.04,14242.81,542.19,12.07,6542.34,547.45,12,6566.78,74,69.6,68.9,545.3,11.1,546.7,11.3,540.2,0,546.7,51.4,25.9,25.6,12,11.9,25.9,25.6,12,11.9,230.2,231.6,233.2,58.2,57.5,56.9,0,0,0,0,0,0,0,0,0,0,0,0,0,0,0,0,0,74,0,OK
10时52分04秒,46/79 静置,547.74,25.99,14235.87,548.68,26.02,14278.02,546.57,12.02,6567.36,545.54,11.98,6533.11,74,69.6,68.9,547.4,10.9,548.3,10.9,546.2,0,548.2,51.4,25.8,25.5,11.9,11.8,25.8,25.5,11.9,11.8,230.2,231.4,233.2,58.3,57.5,57.3,0,0,0,0,0,0,0,0,0,0,0,0,0,0,0,0,0,74,0,OK
10时52分09秒,46/79 静置,547.74,25.99,14235.87,548.68,26.02,14278.02,546.57,12.02,6567.36,545.54,11.98,6533.11,74,69.6,68.9,547.4,10.9,548.3,10.9,546.2,0,548.2,51.4,25.8,25.5,11.9,11.8,25.8,25.5,11.9,11.8,230.2,231.4,233.2,58.3,57.5,57.3,0,0,0,0,0,0,0,0,0,0,0,0,0,0,0,0,0,74,0,OK
10时52分14秒,46/79 静置,549.38,25.97,14268.39,549.77,25.92,14249.55,550.12,11.91,6552.04,550.74,11.9,6551.35,74,69.6,68.9,546.3,11,548.6,11.1,548.5,0,548.2,51.4,25.9,25.4,11.8,11.8,25.9,25.4,11.8,11.8,230.4,231.7,233.5,58,57.3,57.4,0,0,0,0,0,0,0,0,0,0,0,0,0,0,0,0,0,74,0,OK
10时52分19秒,46/79 静置,549.38,25.97,14268.39,549.77,25.92,14249.55,550.12,11.91,6552.04,550.74,11.9,6551.35,74,69.6,68.9,546.3,11,548.6,11.1,548.5,0,548.2,51.4,25.9,25.4,11.8,11.8,25.9,25.4,11.8,11.8,230.4,231.7,233.5,58,57.3,57.4,0,0,0,0,0,0,0,0,0,0,0,0,0,0,0,0,0,74,0,OK
10时52分24秒,46/79 静置,550.75,25.78,14195.87,548.95,25.98,14261.01,545.75,12.04,6569.23,551.01,11.63,6409.85,74,69.6,68.9,547.1,10.9,548.4,11.1,543.4,0,548.3,51.4,25.7,25.5,11.9,11.7,25.7,25.5,11.9,11.7,230.3,231.6,233.5,57.6,56.8,57.1,0,0,0,0,0,0,0,0,0,0,0,0,0,0,0,0,0,74,0,OK
10时52分29秒,46/79 静置,550.75,25.78,14195.87,548.95,25.98,14261.01,545.75,12.04,6569.23,551.01,11.63,6409.85,74,69.6,68.9,547.1,10.9,548.4,11.1,543.4,0,548.3,51.4,25.7,25.5,11.9,11.7,25.7,25.5,11.9,11.7,230.3,231.6,233.5,57.6,56.8,57.1,0,0,0,0,0,0,0,0,0,0,0,0,0,0,0,0,0,74,0,OK
10时52分34秒,46/79 静置,547.19,26.04,14250.49,545.4,26.09,14227.81,543.01,12.04,6540.04,547.45,11.99,6564.1,74,69.6,68.9,544.8,11,543.8,11.1,542.2,0,548.5,51.4,25.9,25.6,12,11.8,25.9,25.6,12,11.8,230.5,231.5,233.5,58.2,57.4,57.2,0,0,0,0,0,0,0,0,0,0,0,0,0,0,0,0,0,74,0,OK
10时52分39秒,46/79 静置,547.19,26.04,14250.49,545.4,26.09,14227.81,543.01,12.04,6540.04,547.45,11.99,6564.1,74,69.6,68.9,544.8,11,543.8,11.1,542.2,0,548.5,51.4,25.9,25.6,12,11.8,25.9,25.6,12,11.8,230.5,231.5,233.5,58.2,57.4,57.2,0,0,0,0,0,0,0,0,0,0,0,0,0,0,0,0,0,74,0,OK
10时52分44秒,46/79 静置,550.21,25.61,14092.02,550.05,25.88,14236.76,549.03,11.92,6542.78,549.65,11.93,6559.78,74,69.6,69,548.1,10.8,548.6,11.1,548.6,0,547.8,51.4,25.6,25.5,11.8,11.8,25.6,25.5,11.8,11.8,230.3,231.4,233.3,58.3,57.5,57.3,0,0,0,0,0,0,0,0,0,0,0,0,0,0,0,0,0,74,0,OK
10时52分49秒,46/79 静置,550.21,25.61,14092.02,550.05,25.88,14236.76,549.03,11.92,6542.78,549.65,11.93,6559.78,74,69.6,69,548.1,10.8,548.6,11.1,548.6,0,547.8,51.4,25.6,25.5,11.8,11.8,25.6,25.5,11.8,11.8,230.3,231.4,233.3,58.3,57.5,57.3,0,0,0,0,0,0,0,0,0,0,0,0,0,0,0,0,0,74,0,OK
10时52分54秒,46/79 静置,546.64,26.03,14228.19,549.5,25.84,14198.46,546.02,12.01,6560.26,547.45,12,6569.45,74,69.6,69,545.1,11,548.6,11.1,545,0,546.7,51.4,25.9,25.4,11.9,11.9,25.9,25.4,11.9,11.9,230.2,231.1,232.6,58.4,57.6,57.5,0,0,0,0,0,0,0,0,0,0,0,0,0,0,0,0,0,74,0,OK
10时52分59秒,46/79 静置,546.64,26.03,14228.19,549.5,25.84,14198.46,546.02,12.01,6560.26,547.45,12,6569.45,74,69.6,69,545.1,11,548.6,11.1,545,0,546.7,51.4,25.9,25.4,11.9,11.9,25.9,25.4,11.9,11.9,230.2,231.1,232.6,58.4,57.6,57.5,0,0,0,0,0,0,0,0,0,0,0,0,0,0,0,0,0,74,0,OK
10时53分04秒,46/79 静置,544.45,26,14158.39,545.4,26.02,14190,549.3,11.95,6565.35,541.98,12.02,6512.18,74,69.6,69,546.9,11,548.5,11,546.5,0,548.1,51.4,25.8,25.4,11.9,11.8,25.8,25.4,11.9,11.8,230.3,231.4,232.8,57.8,57.1,57,0,0,0,0,0,0,0,0,0,0,0,0,0,0,0,0,0,74,0,OK
10时53分09秒,46/79 静置,544.45,26,14158.39,545.4,26.02,14190,549.3,11.95,6565.35,541.98,12.02,6512.18,74,69.6,69,546.9,11,548.5,11,546.5,0,548.1,51.4,25.8,25.4,11.9,11.8,25.8,25.4,11.9,11.8,230.3,231.4,232.8,57.8,57.1,57,0,0,0,0,0,0,0,0,0,0,0,0,0,0,0,0,0,74,0,OK
10时53分14秒,46/79 静置,549.11,25.9,14221.08,550.05,25.64,14104.08,547.12,11.93,6528.52,548,11.98,6564.79,74,69.6,69,547.9,10.8,550.5,10.7,548.1,0,548.6,51.4,25.8,25,11.8,11.8,25.8,25,11.8,11.8,230.2,231.5,233,58.3,57.5,57.4,0,0,0,0,0,0,0,0,0,0,0,0,0,0,0,0,0,74,0,OK
10时53分19秒,46/79 静置,549.11,25.9,14221.08,550.05,25.64,14104.08,547.12,11.93,6528.52,548,11.98,6564.79,74,69.6,69,547.9,10.8,550.5,10.7,548.1,0,548.6,51.4,25.8,25,11.8,11.8,25.8,25,11.8,11.8,230.2,231.5,233,58.3,57.5,57.4,0,0,0,0,0,0,0,0,0,0,0,0,0,0,0,0,0,74,0,OK
10时53分24秒,46/79 静置,548.29,26.03,14271.53,547.04,26.03,14240.14,547.94,12.02,6587.53,551.01,11.82,6515.32,74,69.6,68.9,546.1,11,546.9,10.9,545.6,0,549.1,51.4,25.9,25.5,11.9,11.7,25.9,25.5,11.9,11.7,230.3,231.5,233.2,58.3,57.5,57.4,0,0,0,0,0,0,0,0,0,0,0,0,0,0,0,0,0,74,0,OK
10时53分29秒,46/79 静置,548.29,26.03,14271.53,547.04,26.03,14240.14,547.94,12.02,6587.53,551.01,11.82,6515.32,74,69.6,68.9,546.1,11,546.9,10.9,545.6,0,549.1,51.4,25.9,25.5,11.9,11.7,25.9,25.5,11.9,11.7,230.3,231.5,233.2,58.3,57.5,57.4,0,0,0,0,0,0,0,0,0,0,0,0,0,0,0,0,0,74,0,OK
10时53分35秒,46/79 静置,545,26.19,14271.1,542.12,26.09,14142.8,540.83,12.07,6526.9,545.81,12.03,6564.65,74,69.6,68.9,540,11.1,545.1,11.2,541.3,0,543.9,51.4,26.1,25.6,12,11.9,26.1,25.6,12,11.9,230.3,231.5,233.2,58.1,57.3,57.2,0,0,0,0,0,0,0,0,0,0,0,0,0,0,0,0,0,74,0,OK
10时53分40秒,46/79 静置,545,26.19,14271.1,542.12,26.09,14142.8,540.83,12.07,6526.9,545.81,12.03,6564.65,74,69.6,68.9,540,11.1,545.1,11.2,541.3,0,543.9,51.4,26.1,25.6,12,11.9,26.1,25.6,12,11.9,230.3,231.5,233.2,58.1,57.3,57.2,0,0,0,0,0,0,0,0,0,0,0,0,0,0,0,0,0,74,0,OK
10时53分45秒,46/79 静置,549.66,25.92,14248.68,550.05,25.61,14084.21,550.67,11.95,6580.06,550.47,11.88,6537.87,74,69.6,68.9,547.1,11.1,550,10.8,547.7,0,547.4,51.4,25.8,25.2,11.9,11.8,25.8,25.2,11.9,11.8,230.5,231.5,233,58.1,57.3,57.1,0,0,0,0,0,0,0,0,0,0,0,0,0,0,0,0,0,74,0,OK
10时53分50秒,46/79 静置,549.66,25.92,14248.68,550.05,25.61,14084.21,550.67,11.95,6580.06,550.47,11.88,6537.87,74,69.6,68.9,547.1,11.1,550,10.8,547.7,0,547.4,51.4,25.8,25.2,11.9,11.8,25.8,25.2,11.9,11.8,230.5,231.5,233,58.1,57.3,57.1,0,0,0,0,0,0,0,0,0,0,0,0,0,0,0,0,0,74,0,OK
10时53分55秒,46/79 静置,549.93,25.94,14267.59,550.05,25.9,14244.82,550.4,11.86,6527.35,545.26,12.03,6561.26,74,69.6,68.9,547.5,10.9,548.4,10.9,548.5,0,542.9,51.4,25.8,25.5,11.8,11.9,25.8,25.5,11.8,11.9,230.9,231.6,233.5,58,57.3,57.2,0,0,0,0,0,0,0,0,0,0,0,0,0,0,0,0,0,74,0,OK
10时54分00秒,46/79 静置,549.93,25.94,14267.59,550.05,25.9,14244.82,550.4,11.86,6527.35,545.26,12.03,6561.26,74,69.6,68.9,547.5,10.9,548.4,10.9,548.5,0,542.9,51.4,25.8,25.5,11.8,11.9,25.8,25.5,11.8,11.9,230.9,231.6,233.5,58,57.3,57.2,0,0,0,0,0,0,0,0,0,0,0,0,0,0,0,0,0,74,0,OK
10时54分05秒,46/79 静置,547.46,25.96,14213.24,550.05,25.95,14275.97,542.74,12.01,6518.19,544.71,12,6538.71,74,69.6,69,546.5,10.9,547.7,11.2,546.2,0,547.2,51.4,25.8,25.5,11.9,11.8,25.8,25.5,11.9,11.8,230.6,231.6,233.4,58.3,57.3,57.2,0,0,0,0,0,0,0,0,0,0,0,0,0,0,0,0,0,74,0,OK
10时54分10秒,46/79 静置,547.46,25.96,14213.24,550.05,25.95,14275.97,542.74,12.01,6518.19,544.71,12,6538.71,74,69.6,69,546.5,10.9,547.7,11.2,546.2,0,547.2,51.4,25.8,25.5,11.9,11.8,25.8,25.5,11.9,11.8,230.6,231.6,233.4,58.3,57.3,57.2,0,0,0,0,0,0,0,0,0,0,0,0,0,0,0,0,0,74,0,OK
10时54分15秒,46/79 静置,549.38,26,14285.03,547.31,26.01,14236.56,550.94,11.86,6535.45,548.55,11.99,6577.24,74,69.7,69,545.2,11,547.7,11,547.7,0,547.3,51.4,25.9,25.5,11.8,11.8,25.9,25.5,11.8,11.8,230.5,231.7,233.2,58.1,57.5,57.4,0,0,0,0,0,0,0,0,0,0,0,0,0,0,0,0,0,74,0,OK
10时54分20秒,46/79 静置,549.38,26,14285.03,547.31,26.01,14236.56,550.94,11.86,6535.45,548.55,11.99,6577.24,74,69.7,69,545.2,11,547.7,11,547.7,0,547.3,51.4,25.9,25.5,11.8,11.8,25.9,25.5,11.8,11.8,230.5,231.7,233.2,58.1,57.5,57.4,0,0,0,0,0,0,0,0,0,0,0,0,0,0,0,0,0,74,0,OK
10时54分25秒,46/79 静置,548.01,25.99,14241.91,543.21,26.01,14127.27,549.3,11.98,6578.76,547.73,11.99,6565.24,75,69.7,69,546.7,11,547.7,11,547.7,0,548.4,51.4,25.9,25.5,11.8,11.8,25.9,25.5,11.8,11.8,230.6,231.7,233.4,58.2,57.4,57,0,0,0,0,0,0,0,0,0,0,0,0,0,0,0,0,0,75,0,OK
10时54分30秒,46/79 静置,548.01,25.99,14241.91,543.21,26.01,14127.27,549.3,11.98,6578.76,547.73,11.99,6565.24,75,69.7,69,546.7,11,547.7,11,547.7,0,548.4,51.4,25.9,25.5,11.8,11.8,25.9,25.5,11.8,11.8,230.6,231.7,233.4,58.2,57.4,57,0,0,0,0,0,0,0,0,0,0,0,0,0,0,0,0,0,75,0,OK
10时54分35秒,46/79 静置,547.46,26.02,14246.92,547.31,26.01,14234.43,544.65,11.99,6532.13,546.08,12.02,6565.27,75,69.7,69,546.3,11.1,547.7,11,546.2,0,546.6,51.4,25.9,25.5,11.9,11.9,25.9,25.5,11.9,11.9,230.7,231.7,233.5,58.2,57.4,57.2,0,0,0,0,0,0,0,0,0,0,0,0,0,0,0,0,0,75,0,OK
10时54分40秒,46/79 静置,547.46,26.02,14246.92,547.31,26.01,14234.43,544.65,11.99,6532.13,546.08,12.02,6565.27,75,69.7,69,546.3,11.1,547.7,11,546.2,0,546.6,51.4,25.9,25.5,11.9,11.9,25.9,25.5,11.9,11.9,230.7,231.7,233.5,58.2,57.4,57.2,0,0,0,0,0,0,0,0,0,0,0,0,0,0,0,0,0,75,0,OK
10时54分45秒,46/79 静置,545.27,26.05,14206.93,546.49,26.06,14240.87,548.76,11.91,6537.38,551.84,11.68,6446.36,75,69.8,69.1,545.8,10.9,547,11,548.1,0,549,51.4,25.9,25.6,11.8,11.7,25.9,25.6,11.8,11.7,230.5,231.5,233.2,58.1,57.3,57.3,0,0,0,0,0,0,0,0,0,0,0,0,0,0,0,0,0,75,0,OK
10时54分50秒,46/79 静置,545.27,26.05,14206.93,546.49,26.06,14240.87,548.76,11.91,6537.38,551.84,11.68,6446.36,75,69.8,69.1,545.8,10.9,547,11,548.1,0,549,51.4,25.9,25.6,11.8,11.7,25.9,25.6,11.8,11.7,230.5,231.5,233.2,58.1,57.3,57.3,0,0,0,0,0,0,0,0,0,0,0,0,0,0,0,0,0,75,0,OK
10时54分55秒,46/79 静置,548.01,25.92,14207.12,547.86,26.03,14261.49,548.21,12,6579.58,550.47,11.94,6571.73,75,69.8,69.1,546.7,10.7,547.2,11,544.2,0,547.6,51.4,25.8,25.5,11.9,11.8,25.8,25.5,11.9,11.8,230.5,231.4,233.2,58.2,57.4,57.3,0,0,0,0,0,0,0,0,0,0,0,0,0,0,0,0,0,75,0,OK
10时55分00秒,46/79 静置,548.01,25.92,14207.12,547.86,26.03,14261.49,548.21,12,6579.58,550.47,11.94,6571.73,75,69.8,69.1,546.7,10.7,547.2,11,544.2,0,547.6,51.4,25.8,25.5,11.9,11.8,25.8,25.5,11.9,11.8,230.5,231.4,233.2,58.2,57.4,57.3,0,0,0,0,0,0,0,0,0,0,0,0,0,0,0,0,0,75,0,OK
10时55分05秒,46/79 静置,540.89,26.11,14124.91,545.13,26.12,14240.91,542.19,12.05,6531.22,545.81,11.98,6541.2,75,69.8,69.2,542.7,10.9,543.5,10.8,543.2,0,547,51.4,26,25.6,11.9,11.9,26,25.6,11.9,11.9,230.4,231.3,233.2,58.1,57.3,57.2,0,0,0,0,0,0,0,0,0,0,0,0,0,0,0,0,0,75,0,OK
10时55分10秒,46/79 静置,540.89,26.11,14124.91,545.13,26.12,14240.91,542.19,12.05,6531.22,545.81,11.98,6541.2,75,69.8,69.2,542.7,10.9,543.5,10.8,543.2,0,547,51.4,26,25.6,11.9,11.9,26,25.6,11.9,11.9,230.4,231.3,233.2,58.1,57.3,57.2,0,0,0,0,0,0,0,0,0,0,0,0,0,0,0,0,0,75,0,OK
10时55分15秒,46/79 静置,550.75,25.3,13935.02,549.23,25.97,14264.87,550.67,11.67,6424.65,547.18,12.01,6569.36,75,69.9,69.2,549.1,10.7,548.8,11.1,550,0,547.2,51.4,25.3,25.4,11.6,11.9,25.3,25.4,11.6,11.9,230.4,231.4,233.4,58.1,57.3,57.3,0,0,0,0,0,0,0,0,0,0,0,0,0,0,0,0,0,75,0,OK
10时55分20秒,46/79 静置,550.75,25.3,13935.02,549.23,25.97,14264.87,550.67,11.67,6424.65,547.18,12.01,6569.36,75,69.9,69.2,549.1,10.7,548.8,11.1,550,0,547.2,51.4,25.3,25.4,11.6,11.9,25.3,25.4,11.6,11.9,230.4,231.4,233.4,58.1,57.3,57.3,0,0,0,0,0,0,0,0,0,0,0,0,0,0,0,0,0,75,0,OK
10时55分25秒,46/79 静置,546.37,26.1,14261.09,545.4,26.11,14240.6,550.12,11.93,6564.93,550.47,11.86,6526.58,75,69.9,69.2,543.4,11.4,545.4,11.3,547.7,0,548.2,51.4,26,25.6,11.8,11.8,26,25.6,11.8,11.8,230.3,231.1,233.1,58.1,57.4,57.3,0,0,0,0,0,0,0,0,0,0,0,0,0,0,0,0,0,75,0,OK
10时55分30秒,46/79 静置,546.37,26.1,14261.09,545.4,26.11,14240.6,550.12,11.93,6564.93,550.47,11.86,6526.58,75,69.9,69.2,543.4,11.4,545.4,11.3,547.7,0,548.2,51.4,26,25.6,11.8,11.8,26,25.6,11.8,11.8,230.3,231.1,233.1,58.1,57.4,57.3,0,0,0,0,0,0,0,0,0,0,0,0,0,0,0,0,0,75,0,OK
10时55分35秒,46/79 静置,546.64,26.05,14239.93,545.67,26.07,14223.76,546.84,11.99,6554.09,547.45,11.99,6566.24,75,69.9,69.2,544.4,10.8,545.5,10.8,547.5,0,547.7,51.4,26,25.6,11.9,11.8,26,25.6,11.9,11.8,230.7,231.5,233.4,58.2,57.4,57.3,0,0,0,0,0,0,0,0,0,0,0,0,0,0,0,0,0,75,0,OK
10时55分40秒,46/79 静置,546.64,26.05,14239.93,545.67,26.07,14223.76,546.84,11.99,6554.09,547.45,11.99,6566.24,75,69.9,69.2,544.4,10.8,545.5,10.8,547.5,0,547.7,51.4,26,25.6,11.9,11.8,26,25.6,11.9,11.8,230.7,231.5,233.4,58.2,57.4,57.3,0,0,0,0,0,0,0,0,0,0,0,0,0,0,0,0,0,75,0,OK
10时55分45秒,46/79 静置,544.72,26.01,14166.56,549.5,26.01,14293.98,546.84,12,6562.1,546.08,12.01,6557.27,75,69.9,69.2,546,11,547,11,545.1,0,546.4,51.4,25.9,25.5,11.9,11.9,25.9,25.5,11.9,11.9,230.5,231.4,233,58.2,57.5,57.4,0,0,0,0,0,0,0,0,0,0,0,0,0,0,0,0,0,75,0,OK
10时55分50秒,46/79 静置,544.72,26.01,14166.56,549.5,26.01,14293.98,546.84,12,6562.1,546.08,12.01,6557.27,75,69.9,69.2,546,11,547,11,545.1,0,546.4,51.4,25.9,25.5,11.9,11.9,25.9,25.5,11.9,11.9,230.5,231.4,233,58.2,57.5,57.4,0,0,0,0,0,0,0,0,0,0,0,0,0,0,0,0,0,75,0,OK
10时55分55秒,46/79 静置,542.53,26.13,14176.33,544.03,26.09,14195.89,545.2,12.02,6550.93,542.52,12.04,6529.88,75,70,69.2,542.2,11.3,544.4,11.2,542.3,0,544.8,51.4,26,25.6,12,11.9,26,25.6,12,11.9,230.4,231.4,233.2,58.1,57.2,57.1,0,0,0,0,0,0,0,0,0,0,0,0,0,0,0,0,0,75,0,OK
10时56分00秒,46/79 静置,542.53,26.13,14176.33,544.03,26.09,14195.89,545.2,12.02,6550.93,542.52,12.04,6529.88,75,70,69.2,542.2,11.3,544.4,11.2,542.3,0,544.8,51.4,26,25.6,12,11.9,26,25.6,12,11.9,230.4,231.4,233.2,58.1,57.2,57.1,0,0,0,0,0,0,0,0,0,0,0,0,0,0,0,0,0,75,0,OK
10时56分05秒,46/79 静置,550.48,25.85,14231.8,548.95,25.87,14204.19,540.83,12.07,6529.01,545.81,12.01,6556.12,75,70,69.2,547.1,10.8,548.4,11,541.4,0,546.2,51.4,25.8,25.4,12,11.9,25.8,25.4,12,11.9,230.5,231.4,233,58.1,57.4,57.2,0,0,0,0,0,0,0,0,0,0,0,0,0,0,0,0,0,75,0,OK
10时56分10秒,46/79 静置,550.48,25.85,14231.8,548.95,25.87,14204.19,540.83,12.07,6529.01,545.81,12.01,6556.12,75,70,69.2,547.1,10.8,548.4,11,541.4,0,546.2,51.4,25.8,25.4,12,11.9,25.8,25.4,12,11.9,230.5,231.4,233,58.1,57.4,57.2,0,0,0,0,0,0,0,0,0,0,0,0,0,0,0,0,0,75,0,OK
10时56分15秒,46/79 静置,548.01,26.02,14259.03,547.86,26.05,14273.79,548.76,11.98,6574.89,550.19,11.8,6492.17,75,70,69.2,546,11,547.2,11,546.7,0,550.1,51.4,25.9,25.5,11.9,11.6,25.9,25.5,11.9,11.6,230.5,231.4,233.1,58.2,57.5,57.3,0,0,0,0,0,0,0,0,0,0,0,0,0,0,0,0,0,75,0,OK
10时56分20秒,46/79 静置,548.01,26.02,14259.03,547.86,26.05,14273.79,548.76,11.98,6574.89,550.19,11.8,6492.17,75,70,69.2,546,11,547.2,11,546.7,0,550.1,51.4,25.9,25.5,11.9,11.6,25.9,25.5,11.9,11.6,230.5,231.4,233.1,58.2,57.5,57.3,0,0,0,0,0,0,0,0,0,0,0,0,0,0,0,0,0,75,0,OK
10时56分25秒,46/79 静置,547.46,26.02,14245.31,548.13,25.99,14246.13,547.39,12.01,6573.48,546.91,11.94,6530.3,75,70,69.3,545.1,11.2,546.8,11.1,545.7,0,547.2,51.4,25.9,25.5,11.9,11.8,25.9,25.5,11.9,11.8,230.5,231.5,233.1,58.1,57.4,57.2,0,0,0,0,0,0,0,0,0,0,0,0,0,0,0,0,0,75,0,OK
10时56分30秒,46/79 静置,547.46,26.02,14245.31,548.13,25.99,14246.13,547.39,12.01,6573.48,546.91,11.94,6530.3,75,70,69.3,545.1,11.2,546.8,11.1,545.7,0,547.2,51.4,25.9,25.5,11.9,11.8,25.9,25.5,11.9,11.8,230.5,231.5,233.1,58.1,57.4,57.2,0,0,0,0,0,0,0,0,0,0,0,0,0,0,0,0,0,75,0,OK
10时56分35秒,46/79 静置,550.48,25.8,14200.09,547.31,26.05,14259.01,547.39,12,6570.8,549.65,11.96,6575.35,75,70,69.3,547,10.9,545.3,11.3,546.1,0,548.2,51.4,25.8,25.6,11.9,11.8,25.8,25.6,11.9,11.8,230.3,231.1,232.9,58.2,57.4,57.3,0,0,0,0,0,0,0,0,0,0,0,0,0,0,0,0,0,75,0,OK
10时56分40秒,46/79 静置,550.48,25.8,14200.09,547.31,26.05,14259.01,547.39,12,6570.8,549.65,11.96,6575.35,75,70,69.3,547,10.9,545.3,11.3,546.1,0,548.2,51.4,25.8,25.6,11.9,11.8,25.8,25.6,11.9,11.8,230.3,231.1,232.9,58.2,57.4,57.3,0,0,0,0,0,0,0,0,0,0,0,0,0,0,0,0,0,75,0,OK
10时56分45秒,46/79 静置,546.09,26.02,14207.53,547.04,25.94,14190.45,547.12,11.99,6561.11,546.63,11.96,6539.3,75,70,69.3,546.3,11.2,548.6,11.1,547.2,0,547.5,51.4,25.9,25.5,11.9,11.8,25.9,25.5,11.9,11.8,230.3,231.1,232.9,58.3,57.5,57.4,0,0,0,0,0,0,0,0,0,0,0,0,0,0,0,0,0,75,0,OK
10时56分50秒,46/79 静置,546.09,26.02,14207.53,547.04,25.94,14190.45,547.12,11.99,6561.11,546.63,11.96,6539.3,75,70,69.3,546.3,11.2,548.6,11.1,547.2,0,547.5,51.4,25.9,25.5,11.9,11.8,25.9,25.5,11.9,11.8,230.3,231.1,232.9,58.3,57.5,57.4,0,0,0,0,0,0,0,0,0,0,0,0,0,0,0,0,0,75,0,OK
10时56分55秒,46/79 静置,541.99,26.04,14112.79,551.69,25.97,14327.69,543.01,11.96,6495.49,543.07,11.99,6512.08,75,70,69.3,545.9,11,547.9,11.1,547.5,0,548.7,51.4,25.9,25.5,11.9,11.8,25.9,25.5,11.9,11.8,230.5,231.4,233.3,57.9,57.1,56.9,0,0,0,0,0,0,0,0,0,0,0,0,0,0,0,0,0,75,0,OK
10时57分00秒,46/79 静置,541.99,26.04,14112.79,551.69,25.97,14327.69,543.01,11.96,6495.49,543.07,11.99,6512.08,75,70,69.3,545.9,11,547.9,11.1,547.5,0,548.7,51.4,25.9,25.5,11.9,11.8,25.9,25.5,11.9,11.8,230.5,231.4,233.3,57.9,57.1,56.9,0,0,0,0,0,0,0,0,0,0,0,0,0,0,0,0,0,75,0,OK
10时57分05秒,46/79 静置,545.27,26.13,14246.33,545.13,26.07,14211.63,548.76,11.99,6581.32,546.36,12.01,6560.04,75,70,69.2,543.1,11.1,546,11.2,546.2,0,547,51.4,26,25.6,11.9,11.8,26,25.6,11.9,11.8,230.7,231.5,233.5,58.2,57.4,57.3,0,0,0,0,0,0,0,0,0,0,0,0,0,0,0,0,0,75,0,OK
10时57分10秒,46/79 静置,545.27,26.13,14246.33,545.13,26.07,14211.63,548.76,11.99,6581.32,546.36,12.01,6560.04,75,70,69.2,543.1,11.1,546,11.2,546.2,0,547,51.4,26,25.6,11.9,11.8,26,25.6,11.9,11.8,230.7,231.5,233.5,58.2,57.4,57.3,0,0,0,0,0,0,0,0,0,0,0,0,0,0,0,0,0,75,0,OK
10时57分15秒,46/79 静置,548.29,25.87,14185.32,548.95,25.97,14256.72,549.03,11.94,6557.25,547.73,11.98,6562.57,75,70,69.2,546.2,11.1,546.8,10.9,547.6,0,548,51.4,25.8,25.5,11.9,11.8,25.8,25.5,11.9,11.8,231,231.7,233.3,58.2,57.4,57.2,0,0,0,0,0,0,0,0,0,0,0,0,0,0,0,0,0,75,0,OK
10时57分20秒,46/79 静置,548.29,25.87,14185.32,548.95,25.97,14256.72,549.03,11.94,6557.25,547.73,11.98,6562.57,75,70,69.2,546.2,11.1,546.8,10.9,547.6,0,548,51.4,25.8,25.5,11.9,11.8,25.8,25.5,11.9,11.8,231,231.7,233.3,58.2,57.4,57.2,0,0,0,0,0,0,0,0,0,0,0,0,0,0,0,0,0,75,0,OK
10时57分25秒,46/79 静置,548.01,26,14251.01,542.67,26.01,14112.52,549.58,11.96,6572.37,548.28,11.96,6560.03,75,70,69.2,547.1,10.8,549,10.8,548.3,0,549,51.4,25.8,25.4,11.8,11.8,25.8,25.4,11.8,11.8,230.5,231.4,233.3,58.2,57.4,57.3,0,0,0,0,0,0,0,0,0,0,0,0,0,0,0,0,0,75,0,OK
10时57分30秒,46/79 静置,548.01,26,14251.01,542.67,26.01,14112.52,549.58,11.96,6572.37,548.28,11.96,6560.03,75,70,69.2,547.1,10.8,549,10.8,548.3,0,549,51.4,25.8,25.4,11.8,11.8,25.8,25.4,11.8,11.8,230.5,231.4,233.3,58.2,57.4,57.3,0,0,0,0,0,0,0,0,0,0,0,0,0,0,0,0,0,75,0,OK
10时57分35秒,46/79 静置,549.66,25.78,14169.78,549.5,25.82,14189.33,547.66,12,6570.88,548,11.98,6563.71,75,70,69.2,548.5,10.8,550.2,10.8,547.4,0,547.5,51.4,25.6,25.2,11.8,11.9,25.6,25.2,11.8,11.9,230.7,231.2,233.2,58.2,57.4,57.3,0,0,0,0,0,0,0,0,0,0,0,0,0,0,0,0,0,75,0,OK
10时57分40秒,46/79 静置,549.66,25.78,14169.78,549.5,25.82,14189.33,547.66,12,6570.88,548,11.98,6563.71,75,70,69.2,548.5,10.8,550.2,10.8,547.4,0,547.5,51.4,25.6,25.2,11.8,11.9,25.6,25.2,11.8,11.9,230.7,231.2,233.2,58.2,57.4,57.3,0,0,0,0,0,0,0,0,0,0,0,0,0,0,0,0,0,75,0,OK
10时57分45秒,46/79 静置,546.64,26.03,14227.65,544.85,26.05,14195.99,549.3,11.87,6518.14,549.92,11.86,6524.38,75,70,69.2,547,11.1,548.1,10.5,547.6,0,550.4,51.4,25.9,25.5,11.9,11.6,25.9,25.5,11.9,11.6,230.6,231.3,233.2,58.2,57.5,57.3,0,0,0,0,0,0,0,0,0,0,0,0,0,0,0,0,0,75,0,OK
10时57分50秒,46/79 静置,546.64,26.03,14227.65,544.85,26.05,14195.99,549.3,11.87,6518.14,549.92,11.86,6524.38,75,70,69.2,547,11.1,548.1,10.5,547.6,0,550.4,51.4,25.9,25.5,11.9,11.6,25.9,25.5,11.9,11.6,230.6,231.3,233.2,58.2,57.5,57.3,0,0,0,0,0,0,0,0,0,0,0,0,0,0,0,0,0,75,0,OK
10时57分55秒,46/79 静置,550.75,25.81,14216.85,550.59,25.85,14230.48,547.66,12,6573.55,548.55,11.94,6549.38,75,70,69.2,546.2,11,547.9,11.2,546.8,0,549.4,51.4,25.8,25.4,11.9,11.7,25.8,25.4,11.9,11.7,230.4,231.2,233.4,57.5,57.4,57.3,0,0,0,0,0,0,0,0,0,0,0,0,0,0,0,0,0,75,0,OK
10时58分00秒,46/79 静置,550.75,25.81,14216.85,550.59,25.85,14230.48,547.66,12,6573.55,548.55,11.94,6549.38,75,70,69.2,546.2,11,547.9,11.2,546.8,0,549.4,51.4,25.8,25.4,11.9,11.7,25.8,25.4,11.9,11.7,230.4,231.2,233.4,57.5,57.4,57.3,0,0,0,0,0,0,0,0,0,0,0,0,0,0,0,0,0,75,0,OK
10时58分05秒,46/79 静置,549.38,25.96,14263.57,545.67,26.04,14211.5,546.57,11.97,6540.14,550.47,11.95,6576.57,75,70,69.2,547.2,11.1,546.7,11.2,547.3,0,546.9,51.4,25.8,25.6,11.9,11.8,25.8,25.6,11.9,11.8,230.6,231.5,233.5,58.1,57.3,57.3,0,0,0,0,0,0,0,0,0,0,0,0,0,0,0,0,0,75,0,OK
10时58分10秒,46/79 静置,549.38,25.96,14263.57,545.67,26.04,14211.5,546.57,11.97,6540.14,550.47,11.95,6576.57,75,70,69.2,547.2,11.1,546.7,11.2,547.3,0,546.9,51.4,25.8,25.6,11.9,11.8,25.8,25.6,11.9,11.8,230.6,231.5,233.5,58.1,57.3,57.3,0,0,0,0,0,0,0,0,0,0,0,0,0,0,0,0,0,75,0,OK
10时58分15秒,46/79 静置,543.63,25.99,14128.51,548.95,26.01,14277.63,549.85,11.97,6579.93,551.29,12,6616.01,75,69.9,69.2,545.9,11.1,546.5,11,548.4,0,547,51.4,25.9,25.6,11.8,11.9,25.9,25.6,11.8,11.9,230.7,231.7,233.8,58,57.3,57.2,0,0,0,0,0,0,0,0,0,0,0,0,0,0,0,0,0,75,0,OK
10时58分20秒,46/79 静置,543.63,25.99,14128.51,548.95,26.01,14277.63,549.85,11.97,6579.93,551.29,12,6616.01,75,69.9,69.2,545.9,11.1,546.5,11,548.4,0,547,51.4,25.9,25.6,11.8,11.9,25.9,25.6,11.8,11.9,230.7,231.7,233.8,58,57.3,57.2,0,0,0,0,0,0,0,0,0,0,0,0,0,0,0,0,0,75,0,OK
10时58分25秒,46/79 静置,547.74,26,14239.08,546.49,26.05,14236.6,549.03,11.99,6583.53,549.65,11.87,6522.21,75,69.9,69.2,546.8,11,546.6,11.3,544.9,0,548.8,51.4,25.9,25.6,11.9,11.8,25.9,25.6,11.9,11.8,230.5,231.4,233.5,58.2,57.4,57.2,0,0,0,0,0,0,0,0,0,0,0,0,0,0,0,0,0,75,0,OK
10时58分30秒,46/79 静置,547.74,26,14239.08,546.49,26.05,14236.6,549.03,11.99,6583.53,549.65,11.87,6522.21,75,69.9,69.2,546.8,11,546.6,11.3,544.9,0,548.8,51.4,25.9,25.6,11.9,11.8,25.9,25.6,11.9,11.8,230.5,231.4,233.5,58.2,57.4,57.2,0,0,0,0,0,0,0,0,0,0,0,0,0,0,0,0,0,75,0,OK
10时58分35秒,46/79 静置,547.74,26.04,14260.48,547.04,26.09,14271.12,546.29,12,6553.41,545.54,12,6548.03,75,69.9,69.2,544.9,11.2,545.1,11.2,545.9,0,546.5,51.4,25.9,25.6,11.9,11.9,25.9,25.6,11.9,11.9,230.6,231.2,233.4,58,57.1,56.9,0,0,0,0,0,0,0,0,0,0,0,0,0,0,0,0,0,75,0,OK
10时58分40秒,46/79 静置,547.74,26.04,14260.48,547.04,26.09,14271.12,546.29,12,6553.41,545.54,12,6548.03,75,69.9,69.2,544.9,11.2,545.1,11.2,545.9,0,546.5,51.4,25.9,25.6,11.9,11.9,25.9,25.6,11.9,11.9,230.6,231.2,233.4,58,57.1,56.9,0,0,0,0,0,0,0,0,0,0,0,0,0,0,0,0,0,75,0,OK
10时58分45秒,46/79 静置,547.74,26.03,14257.8,549.5,25.74,14142.65,547.94,11.95,6549.01,549.1,11.9,6535.01,75,69.9,69.2,546.1,10.8,548.9,10.9,547.6,0,549.6,51.4,25.9,25.4,11.9,11.7,25.9,25.4,11.9,11.7,230.6,231.4,233.4,58.3,57.5,56.3,0,0,0,0,0,0,0,0,0,0,0,0,0,0,0,0,0,75,0,OK
10时58分50秒,46/79 静置,547.74,26.03,14257.8,549.5,25.74,14142.65,547.94,11.95,6549.01,549.1,11.9,6535.01,75,69.9,69.2,546.1,10.8,548.9,10.9,547.6,0,549.6,51.4,25.9,25.4,11.9,11.7,25.9,25.4,11.9,11.7,230.6,231.4,233.4,58.3,57.5,56.3,0,0,0,0,0,0,0,0,0,0,0,0,0,0,0,0,0,75,0,OK
10时58分55秒,46/79 静置,545.55,25.97,14168.77,548.95,25.95,14247.61,547.66,11.97,6556.97,547.73,12,6571.66,75,69.9,69.2,547.4,10.8,548.9,11.1,548.6,0,547.9,51.4,25.8,25.4,11.8,11.8,25.8,25.4,11.8,11.8,230.4,231.4,233.1,58.3,57.5,57.4,0,0,0,0,0,0,0,0,0,0,0,0,0,0,0,0,0,75,0,OK
10时59分00秒,46/79 静置,545.55,25.97,14168.77,548.95,25.95,14247.61,547.66,11.97,6556.97,547.73,12,6571.66,75,69.9,69.2,547.4,10.8,548.9,11.1,548.6,0,547.9,51.4,25.8,25.4,11.8,11.8,25.8,25.4,11.8,11.8,230.4,231.4,233.1,58.3,57.5,57.4,0,0,0,0,0,0,0,0,0,0,0,0,0,0,0,0,0,75,0,OK
10时59分05秒,46/79 静置,547.46,25.96,14212.7,547.86,25.94,14209.06,548.21,11.97,6564.05,550.47,11.91,6558.3,75,69.9,69.2,547.2,11,548.9,11,548,0,548.3,51.4,25.8,25.4,11.9,11.8,25.8,25.4,11.9,11.8,230.7,231.5,233.4,58.2,57.4,57.2,0,0,0,0,0,0,0,0,0,0,0,0,0,0,0,0,0,75,0,OK
10时59分10秒,46/79 静置,547.46,25.96,14212.7,547.86,25.94,14209.06,548.21,11.97,6564.05,550.47,11.91,6558.3,75,69.9,69.2,547.2,11,548.9,11,548,0,548.3,51.4,25.8,25.4,11.9,11.8,25.8,25.4,11.9,11.8,230.7,231.5,233.4,58.2,57.4,57.2,0,0,0,0,0,0,0,0,0,0,0,0,0,0,0,0,0,75,0,OK
10时59分15秒,46/79 静置,546.64,26.13,14286.38,544.03,26.08,14188.45,547.94,12.05,6603.05,542.25,12.01,6512.28,75,69.9,69.2,542.4,10.7,544,10.7,542.7,0,546.6,51.4,26,25.6,11.9,11.9,26,25.6,11.9,11.9,230.9,231.4,233.2,58.1,57.1,56.9,0,0,0,0,0,0,0,0,0,0,0,0,0,0,0,0,0,75,0,OK
10时59分20秒,46/79 静置,546.64,26.13,14286.38,544.03,26.08,14188.45,547.94,12.05,6603.05,542.25,12.01,6512.28,75,69.9,69.2,542.4,10.7,544,10.7,542.7,0,546.6,51.4,26,25.6,11.9,11.9,26,25.6,11.9,11.9,230.9,231.4,233.2,58.1,57.1,56.9,0,0,0,0,0,0,0,0,0,0,0,0,0,0,0,0,0,75,0,OK
10时59分25秒,46/79 静置,546.92,26.07,14256.16,547.59,26.05,14264.53,546.57,12.01,6562.02,536.5,12.05,6465.21,75,69.9,69.2,544.1,11,546,11.2,545.6,0,545.1,51.4,26,25.6,11.9,11.9,26,25.6,11.9,11.9,230.9,231.5,233.2,57.9,57.4,57.3,0,0,0,0,0,0,0,0,0,0,0,0,0,0,0,0,0,75,0,OK
10时59分30秒,46/79 静置,546.92,26.07,14256.16,547.59,26.05,14264.53,546.57,12.01,6562.02,536.5,12.05,6465.21,75,69.9,69.2,544.1,11,546,11.2,545.6,0,545.1,51.4,26,25.6,11.9,11.9,26,25.6,11.9,11.9,230.9,231.5,233.2,57.9,57.4,57.3,0,0,0,0,0,0,0,0,0,0,0,0,0,0,0,0,0,75,0,OK
10时59分35秒,46/79 静置,544.72,26.07,14199.54,541.85,26.1,14141.48,544.65,11.99,6532.13,549.65,11.96,6573.74,75,69.9,69.2,543.4,11,544.8,11,545.6,0,547.8,51.4,26,25.6,11.9,11.8,26,25.6,11.9,11.8,230.7,231.6,233.3,57.8,57.4,57.3,0,0,0,0,0,0,0,0,0,0,0,0,0,0,0,0,0,75,0,OK
10时59分40秒,46/79 静置,544.72,26.07,14199.54,541.85,26.1,14141.48,544.65,11.99,6532.13,549.65,11.96,6573.74,75,69.9,69.2,543.4,11,544.8,11,545.6,0,547.8,51.4,26,25.6,11.9,11.8,26,25.6,11.9,11.8,230.7,231.6,233.3,57.8,57.4,57.3,0,0,0,0,0,0,0,0,0,0,0,0,0,0,0,0,0,75,0,OK
10时59分45秒,46/79 静置,549.66,25.93,14255.12,547.59,25.92,14191.81,550.12,11.87,6532.16,548,12.01,6579.23,75,69.9,69.2,547.1,10.9,549,11,548.6,0,546.3,51.4,25.8,25.5,11.8,11.9,25.8,25.5,11.8,11.9,230.4,231.6,233.3,58.3,57.5,57.1,0,0,0,0,0,0,0,0,0,0,0,0,0,0,0,0,0,75,0,OK
10时59分50秒,46/79 静置,549.66,25.93,14255.12,547.59,25.92,14191.81,550.12,11.87,6532.16,548,12.01,6579.23,75,69.9,69.2,547.1,10.9,549,11,548.6,0,546.3,51.4,25.8,25.5,11.8,11.9,25.8,25.5,11.8,11.9,230.4,231.6,233.3,58.3,57.5,57.1,0,0,0,0,0,0,0,0,0,0,0,0,0,0,0,0,0,75,0,OK
10时59分55秒,46/79 静置,547.74,26.03,14255.13,545.67,26.06,14219.49,545.2,12,6544.01,544.99,11.99,6536.13,75,69.9,69.2,546.3,11,546.5,11.2,546.1,0,546.4,51.4,25.9,25.6,11.9,11.8,25.9,25.6,11.9,11.8,230.8,231.7,233.5,57.9,57.1,57.2,0,0,0,0,0,0,0,0,0,0,0,0,0,0,0,0,0,75,0,OK
11时00分00秒,46/79 静置,547.74,26.03,14255.13,545.67,26.06,14219.49,545.2,12,6544.01,544.99,11.99,6536.13,75,69.9,69.2,546.3,11,546.5,11.2,546.1,0,546.4,51.4,25.9,25.6,11.9,11.8,25.9,25.6,11.9,11.8,230.8,231.7,233.5,57.9,57.1,57.2,0,0,0,0,0,0,0,0,0,0,0,0,0,0,0,0,0,75,0,OK
11时00分05秒,46/79 静置,549.66,25.91,14243.85,547.59,25.86,14160.79,545.2,11.99,6539.22,550.19,12.01,6608.77,75,69.9,69.2,546.2,10.8,547.4,10.9,547,0,546.8,51.4,25.9,25.5,11.8,11.9,25.9,25.5,11.8,11.9,229.9,230.7,232.3,58.5,57.7,57.5,0,0,0,0,0,0,0,0,0,0,0,0,0,0,0,0,0,75,0,OK
11时00分10秒,46/79 静置,549.66,25.91,14243.85,547.59,25.86,14160.79,545.2,11.99,6539.22,550.19,12.01,6608.77,75,69.9,69.2,546.2,10.8,547.4,10.9,547,0,546.8,51.4,25.9,25.5,11.8,11.9,25.9,25.5,11.8,11.9,229.9,230.7,232.3,58.5,57.7,57.5,0,0,0,0,0,0,0,0,0,0,0,0,0,0,0,0,0,75,0,OK
11时00分15秒,46/79 静置,549.93,25.99,14294.97,541.03,26.05,14096.3,544.93,12.04,6563.61,543.34,12.04,6541.89,75,69.9,69.2,546.3,11,547.2,10.9,543.6,0,543.1,51.4,25.9,25.5,11.9,11.9,25.9,25.5,11.9,11.9,230.9,231.9,233.5,57.9,57.1,57,0,0,0,0,0,0,0,0,0,0,0,0,0,0,0,0,0,75,0,OK
11时00分20秒,46/79 静置,549.93,25.99,14294.97,541.03,26.05,14096.3,544.93,12.04,6563.61,543.34,12.04,6541.89,75,69.9,69.2,546.3,11,547.2,10.9,543.6,0,543.1,51.4,25.9,25.5,11.9,11.9,25.9,25.5,11.9,11.9,230.9,231.9,233.5,57.9,57.1,57,0,0,0,0,0,0,0,0,0,0,0,0,0,0,0,0,0,75,0,OK
11时00分25秒,46/79 静置,549.93,25.95,14270.27,546.77,26.1,14268.82,548.21,11.88,6513.73,548.28,11.98,6570.2,75,69.9,69.2,546.7,11,544.5,11.2,549,0,547.3,51.4,25.9,25.6,11.7,11.9,25.9,25.6,11.7,11.9,230.5,231.5,233.2,58.2,57.4,57.2,0,0,0,0,0,0,0,0,0,0,0,0,0,0,0,0,0,75,0,OK
11时00分30秒,46/79 静置,549.93,25.95,14270.27,546.77,26.1,14268.82,548.21,11.88,6513.73,548.28,11.98,6570.2,75,69.9,69.2,546.7,11,544.5,11.2,549,0,547.3,51.4,25.9,25.6,11.7,11.9,25.9,25.6,11.7,11.9,230.5,231.5,233.2,58.2,57.4,57.2,0,0,0,0,0,0,0,0,0,0,0,0,0,0,0,0,0,75,0,OK
11时00分35秒,46/79 静置,545.55,26.05,14211.92,546.77,26.09,14264.55,546.57,12,6560.42,547.18,12,6565.62,75,69.9,69.2,543.4,11,544.7,11.2,546.2,0,547.1,51.4,26,25.6,11.9,11.9,26,25.6,11.9,11.9,230.5,231.5,233.1,58.2,57.4,57.2,0,0,0,0,0,0,0,0,0,0,0,0,0,0,0,0,0,75,0,OK
11时00分40秒,46/79 静置,545.55,26.05,14211.92,546.77,26.09,14264.55,546.57,12,6560.42,547.18,12,6565.62,75,69.9,69.2,543.4,11,544.7,11.2,546.2,0,547.1,51.4,26,25.6,11.9,11.9,26,25.6,11.9,11.9,230.5,231.5,233.1,58.2,57.4,57.2,0,0,0,0,0,0,0,0,0,0,0,0,0,0,0,0,0,75,0,OK
11时00分45秒,46/79 静置,540.34,26.17,14139.09,540.75,26.1,14114.52,547.12,12.01,6571.79,538.14,12.07,6496.05,75,69.9,69.2,539.5,11.1,543.4,11.2,544.1,0,542.2,51.4,26.1,25.6,11.9,11.9,26.1,25.6,11.9,11.9,230.4,231.6,233.2,58.1,57.3,57.2,0,0,0,0,0,0,0,0,0,0,0,0,0,0,0,0,0,75,0,OK
11时00分50秒,46/79 静置,540.34,26.17,14139.09,540.75,26.1,14114.52,547.12,12.01,6571.79,538.14,12.07,6496.05,75,69.9,69.2,539.5,11.1,543.4,11.2,544.1,0,542.2,51.4,26.1,25.6,11.9,11.9,26.1,25.6,11.9,11.9,230.4,231.6,233.2,58.1,57.3,57.2,0,0,0,0,0,0,0,0,0,0,0,0,0,0,0,0,0,75,0,OK
11时00分55秒,46/79 静置,547.19,26.04,14251.02,549.23,25.95,14250.93,549.03,11.97,6569.59,549.37,11.88,6528.07,75,69.9,69.2,546,11.2,549.3,11.1,548.6,0,549.8,51.4,25.9,25.3,11.8,11.7,25.9,25.3,11.8,11.7,230.2,231.3,232.9,58.4,57.6,57.4,0,0,0,0,0,0,0,0,0,0,0,0,0,0,0,0,0,75,0,OK
11时01分00秒,46/79 静置,547.19,26.04,14251.02,549.23,25.95,14250.93,549.03,11.97,6569.59,549.37,11.88,6528.07,75,69.9,69.2,546,11.2,549.3,11.1,548.6,0,549.8,51.4,25.9,25.3,11.8,11.7,25.9,25.3,11.8,11.7,230.2,231.3,232.9,58.4,57.6,57.4,0,0,0,0,0,0,0,0,0,0,0,0,0,0,0,0,0,75,0,OK
11时01分05秒,46/79 静置,546.64,26.02,14223.38,544.31,26.03,14165.82,547.94,12.01,6582.18,547.73,12,6572.73,75,69.9,69.2,544.8,11,548.4,11,543.7,0,546.7,51.4,26,25.4,11.9,11.9,26,25.4,11.9,11.9,230.4,231.6,233.2,58.3,57.5,57.3,0,0,0,0,0,0,0,0,0,0,0,0,0,0,0,0,0,75,0,OK
11时01分10秒,46/79 静置,546.64,26.02,14223.38,544.31,26.03,14165.82,547.94,12.01,6582.18,547.73,12,6572.73,75,69.9,69.2,544.8,11,548.4,11,543.7,0,546.7,51.4,26,25.4,11.9,11.9,26,25.4,11.9,11.9,230.4,231.6,233.2,58.3,57.5,57.3,0,0,0,0,0,0,0,0,0,0,0,0,0,0,0,0,0,75,0,OK
11时01分15秒,46/79 静置,551.03,25.96,14307.34,549.77,25.97,14280.15,549.03,11.97,6571.73,551.01,11.97,6594.96,75,69.9,69.2,546.2,10.9,547.7,11.1,544.3,0,548.3,51.4,25.9,25.5,11.9,11.8,25.9,25.5,11.9,11.8,230.3,231.5,233,58.3,57.5,57.3,0,0,0,0,0,0,0,0,0,0,0,0,0,0,0,0,0,75,0,OK
11时01分20秒,46/79 静置,551.03,25.96,14307.34,549.77,25.97,14280.15,549.03,11.97,6571.73,551.01,11.97,6594.96,75,69.9,69.2,546.2,10.9,547.7,11.1,544.3,0,548.3,51.4,25.9,25.5,11.9,11.8,25.9,25.5,11.9,11.8,230.3,231.5,233,58.3,57.5,57.3,0,0,0,0,0,0,0,0,0,0,0,0,0,0,0,0,0,75,0,OK
11时01分25秒,46/79 静置,538.42,26.17,14090.48,545.67,26.07,14226.95,544.38,12.02,6541.08,539.24,12.07,6509.28,75,69.9,69.2,540.8,11.1,544.3,11,544.7,0,539.4,51.4,26.1,25.6,11.9,12,26.1,25.6,11.9,12,230.1,231.4,232.8,58,57.2,57.1,0,0,0,0,0,0,0,0,0,0,0,0,0,0,0,0,0,75,0,OK
11时01分30秒,46/79 静置,538.42,26.17,14090.48,545.67,26.07,14226.95,544.38,12.02,6541.08,539.24,12.07,6509.28,75,69.9,69.2,540.8,11.1,544.3,11,544.7,0,539.4,51.4,26.1,25.6,11.9,12,26.1,25.6,11.9,12,230.1,231.4,232.8,58,57.2,57.1,0,0,0,0,0,0,0,0,0,0,0,0,0,0,0,0,0,75,0,OK
11时01分35秒,46/79 静置,548.56,26.02,14275.97,549.23,26.08,14321.19,547.39,11.99,6561.71,549.37,12,6591.38,75,69.9,69.2,545.5,11,545.6,11,547.4,0,544.4,51.4,25.9,25.6,11.9,11.9,25.9,25.6,11.9,11.9,230.3,231.4,232.9,58.3,57.5,57.4,0,0,0,0,0,0,0,0,0,0,0,0,0,0,0,0,0,75,0,OK
11时01分40秒,46/79 静置,548.56,26.02,14275.97,549.23,26.08,14321.19,547.39,11.99,6561.71,549.37,12,6591.38,75,69.9,69.2,545.5,11,545.6,11,547.4,0,544.4,51.4,25.9,25.6,11.9,11.9,25.9,25.6,11.9,11.9,230.3,231.4,232.9,58.3,57.5,57.4,0,0,0,0,0,0,0,0,0,0,0,0,0,0,0,0,0,75,0,OK
11时01分45秒,46/79 静置,547.19,26.05,14252.63,549.77,25.95,14267.26,542.47,12.05,6535.04,549.37,12,6592.99,75,69.9,69.2,543.4,11,548,10.9,541.9,0,546.8,51.4,26,25.5,12,11.9,26,25.5,12,11.9,230.4,231.4,232.9,58.2,57.5,57.3,0,0,0,0,0,0,0,0,0,0,0,0,0,0,0,0,0,75,0,OK
11时01分50秒,46/79 静置,547.19,26.05,14252.63,549.77,25.95,14267.26,542.47,12.05,6535.04,549.37,12,6592.99,75,69.9,69.2,543.4,11,548,10.9,541.9,0,546.8,51.4,26,25.5,12,11.9,26,25.5,12,11.9,230.4,231.4,232.9,58.2,57.5,57.3,0,0,0,0,0,0,0,0,0,0,0,0,0,0,0,0,0,75,0,OK
11时01分55秒,46/79 静置,549.93,25.97,14279.94,548.13,26.01,14255.23,549.58,11.92,6551.98,544.71,12.04,6561.05,75,69.9,69.3,544.6,10.9,546.6,11,545.8,0,544.8,51.4,25.9,25.6,11.9,11.9,25.9,25.6,11.9,11.9,230.6,231.6,233.3,58.2,57.4,57.3,0,0,0,0,0,0,0,0,0,0,0,0,0,0,0,0,0,75,0,OK
11时02分00秒,46/79 静置,549.93,25.97,14279.94,548.13,26.01,14255.23,549.58,11.92,6551.98,544.71,12.04,6561.05,75,69.9,69.3,544.6,10.9,546.6,11,545.8,0,544.8,51.4,25.9,25.6,11.9,11.9,25.9,25.6,11.9,11.9,230.6,231.6,233.3,58.2,57.4,57.3,0,0,0,0,0,0,0,0,0,0,0,0,0,0,0,0,0,75,0,OK
11时02分05秒,46/79 静置,549.93,25.93,14257.38,551.41,25.59,14112.21,550.67,11.95,6582.21,550.74,11.91,6558.34,75,69.9,69.3,545.8,11,546.9,11.1,544,0,547.2,51.4,25.9,25.5,11.9,11.8,25.9,25.5,11.9,11.8,230.4,231.5,233,57.8,57.4,57.3,0,0,0,0,0,0,0,0,0,0,0,0,0,0,0,0,0,75,0,OK
11时02分10秒,46/79 静置,549.93,25.93,14257.38,551.41,25.59,14112.21,550.67,11.95,6582.21,550.74,11.91,6558.34,75,69.9,69.3,545.8,11,546.9,11.1,544,0,547.2,51.4,25.9,25.5,11.9,11.8,25.9,25.5,11.9,11.8,230.4,231.5,233,57.8,57.4,57.3,0,0,0,0,0,0,0,0,0,0,0,0,0,0,0,0,0,75,0,OK
11时02分15秒,46/79 静置,550.48,25.83,14217.83,550.59,25.59,14090.15,544.93,12,6541.26,548,12,6573.88,75,70,69.3,547.5,11.1,549.1,11,546.2,0,546.4,51.4,25.8,25.4,11.9,11.9,25.8,25.4,11.9,11.9,230.1,231.5,233.1,58.2,57.2,57,0,0,0,0,0,0,0,0,0,0,0,0,0,0,0,0,0,75,0,OK
11时02分20秒,46/79 静置,550.48,25.83,14217.83,550.59,25.59,14090.15,544.93,12,6541.26,548,12,6573.88,75,70,69.3,547.5,11.1,549.1,11,546.2,0,546.4,51.4,25.8,25.4,11.9,11.9,25.8,25.4,11.9,11.9,230.1,231.5,233.1,58.2,57.2,57,0,0,0,0,0,0,0,0,0,0,0,0,0,0,0,0,0,75,0,OK
11时02分25秒,46/79 静置,549.93,25.96,14275.1,547.31,26,14229.08,547.12,11.97,6550.96,543.89,12.01,6534.15,75,70,69.3,547.1,11,548.3,11,547.8,0,546.4,51.4,25.8,25.5,11.9,11.8,25.8,25.5,11.9,11.8,230.4,231.5,233,57.9,56.4,56.3,0,0,0,0,0,0,0,0,0,0,0,0,0,0,0,0,0,75,0,OK
11时02分30秒,46/79 静置,549.93,25.96,14275.1,547.31,26,14229.08,547.12,11.97,6550.96,543.89,12.01,6534.15,75,70,69.3,547.1,11,548.3,11,547.8,0,546.4,51.4,25.8,25.5,11.9,11.8,25.8,25.5,11.9,11.8,230.4,231.5,233,57.9,56.4,56.3,0,0,0,0,0,0,0,0,0,0,0,0,0,0,0,0,0,75,0,OK
11时02分35秒,46/79 静置,546.09,26.1,14253.93,550.32,25.75,14169.14,541.65,12.05,6525.16,546.91,12,6565.55,75,70,69.3,543.8,10.8,549.3,11.2,543.5,0,546.7,51.4,26,25.4,11.9,11.9,26,25.4,11.9,11.9,230.3,231.4,232.9,58.2,57.5,57.4,0,0,0,0,0,0,0,0,0,0,0,0,0,0,0,0,0,75,0,OK
11时02分40秒,46/79 静置,546.09,26.1,14253.93,550.32,25.75,14169.14,541.65,12.05,6525.16,546.91,12,6565.55,75,70,69.3,543.8,10.8,549.3,11.2,543.5,0,546.7,51.4,26,25.4,11.9,11.9,26,25.4,11.9,11.9,230.3,231.4,232.9,58.2,57.5,57.4,0,0,0,0,0,0,0,0,0,0,0,0,0,0,0,0,0,75,0,OK
11时02分45秒,46/79 静置,549.38,25.75,14146.07,547.59,25.96,14218.01,547.12,11.97,6550.96,547.73,11.99,6564.71,75,70,69.3,548.4,11,549.3,11.2,547.9,0,548.6,51.4,25.6,25.4,11.9,11.8,25.6,25.4,11.9,11.8,230.1,231.3,233,58.4,57.4,57.3,0,0,0,0,0,0,0,0,0,0,0,0,0,0,0,0,0,75,0,OK
11时02分50秒,46/79 静置,549.38,25.75,14146.07,547.59,25.96,14218.01,547.12,11.97,6550.96,547.73,11.99,6564.71,75,70,69.3,548.4,11,549.3,11.2,547.9,0,548.6,51.4,25.6,25.4,11.9,11.8,25.6,25.4,11.9,11.8,230.1,231.3,233,58.4,57.4,57.3,0,0,0,0,0,0,0,0,0,0,0,0,0,0,0,0,0,75,0,OK
11时02分55秒,46/79 静置,546.92,25.99,14212.9,547.59,26.01,14242.61,540.83,12.07,6525.84,546.91,12.01,6567.15,75,70,69.3,546.7,11,547.2,11,541.4,0,546.3,51.4,25.9,25.6,12,11.9,25.9,25.6,12,11.9,230,231.1,233.2,58.3,57.2,57,0,0,0,0,0,0,0,0,0,0,0,0,0,0,0,0,0,75,0,OK
11时03分00秒,46/79 静置,546.92,25.99,14212.9,547.59,26.01,14242.61,540.83,12.07,6525.84,546.91,12.01,6567.15,75,70,69.3,546.7,11,547.2,11,541.4,0,546.3,51.4,25.9,25.6,12,11.9,25.9,25.6,12,11.9,230,231.1,233.2,58.3,57.2,57,0,0,0,0,0,0,0,0,0,0,0,0,0,0,0,0,0,75,0,OK
11时03分05秒,46/79 静置,546.09,26.06,14229.39,546.49,26.05,14235.53,545.47,12.01,6548.89,546.08,12.02,6564.74,75,70,69.3,545.6,11,546.9,11.1,545.2,0,545.4,51.4,25.9,25.5,11.9,11.9,25.9,25.5,11.9,11.9,230.1,231.3,233.3,58.3,56.9,56.8,0,0,0,0,0,0,0,0,0,0,0,0,0,0,0,0,0,75,0,OK
11时03分10秒,46/79 静置,546.09,26.06,14229.39,546.49,26.05,14235.53,545.47,12.01,6548.89,546.08,12.02,6564.74,75,70,69.3,545.6,11,546.9,11.1,545.2,0,545.4,51.4,25.9,25.5,11.9,11.9,25.9,25.5,11.9,11.9,230.1,231.3,233.3,58.3,56.9,56.8,0,0,0,0,0,0,0,0,0,0,0,0,0,0,0,0,0,75,0,OK
11时03分15秒,46/79 静置,546.92,26.1,14275.39,542.12,26.1,14151.27,550.67,11.97,6589.74,548.55,12.01,6587.95,75,70,69.3,543.8,10.9,544.2,11.1,547.5,0,546.5,51.4,26,25.6,11.9,11.9,26,25.6,11.9,11.9,230.2,231.3,233.2,58.2,57.2,57.1,0,0,0,0,0,0,0,0,0,0,0,0,0,0,0,0,0,75,0,OK
11时03分20秒,46/79 静置,546.92,26.1,14275.39,542.12,26.1,14151.27,550.67,11.97,6589.74,548.55,12.01,6587.95,75,70,69.3,543.8,10.9,544.2,11.1,547.5,0,546.5,51.4,26,25.6,11.9,11.9,26,25.6,11.9,11.9,230.2,231.3,233.2,58.2,57.2,57.1,0,0,0,0,0,0,0,0,0,0,0,0,0,0,0,0,0,75,0,OK
11时03分25秒,46/79 静置,549.93,25.89,14236.44,549.23,26.03,14293.84,549.58,11.98,6582.03,549.65,11.96,6575.89,75,70,69.3,546,11,545.2,11,547.2,0,546,51.4,25.9,25.6,11.9,11.9,25.9,25.6,11.9,11.9,230.1,231.2,233,58,57.5,57.3,0,0,0,0,0,0,0,0,0,0,0,0,0,0,0,0,0,75,0,OK
11时03分30秒,46/79 静置,549.93,25.89,14236.44,549.23,26.03,14293.84,549.58,11.98,6582.03,549.65,11.96,6575.89,75,70,69.3,546,11,545.2,11,547.2,0,546,51.4,25.9,25.6,11.9,11.9,25.9,25.6,11.9,11.9,230.1,231.2,233,58,57.5,57.3,0,0,0,0,0,0,0,0,0,0,0,0,0,0,0,0,0,75,0,OK
11时03分35秒,46/79 静置,547.19,25.97,14211.48,548.95,25.97,14257.8,547.94,11.97,6561.31,549.1,11.87,6517.85,75,70,69.3,547.3,11,548.9,10.9,547.4,0,547.6,51.4,25.8,25.4,11.9,11.8,25.8,25.4,11.9,11.8,230.3,231.4,233,58.3,57.5,57.3,0,0,0,0,0,0,0,0,0,0,0,0,0,0,0,0,0,75,0,OK
11时03分40秒,46/79 静置,547.19,25.97,14211.48,548.95,25.97,14257.8,547.94,11.97,6561.31,549.1,11.87,6517.85,75,70,69.3,547.3,11,548.9,10.9,547.4,0,547.6,51.4,25.8,25.4,11.9,11.8,25.8,25.4,11.9,11.8,230.3,231.4,233,58.3,57.5,57.3,0,0,0,0,0,0,0,0,0,0,0,0,0,0,0,0,0,75,0,OK
11时03分45秒,46/79 静置,549.66,25.99,14283.57,547.31,26.12,14293.22,546.84,11.99,6556.23,550.47,11.87,6531.42,75,70,69.3,545.6,11,545.3,11,545.9,0,547.8,51.4,25.9,25.6,11.9,11.8,25.9,25.6,11.9,11.8,230.1,231.2,232.9,58.3,57.5,57.3,0,0,0,0,0,0,0,0,0,0,0,0,0,0,0,0,0,75,0,OK
11时03分50秒,46/79 静置,549.66,25.99,14283.57,547.31,26.12,14293.22,546.84,11.99,6556.23,550.47,11.87,6531.42,75,70,69.3,545.6,11,545.3,11,545.9,0,547.8,51.4,25.9,25.6,11.9,11.8,25.9,25.6,11.9,11.8,230.1,231.2,232.9,58.3,57.5,57.3,0,0,0,0,0,0,0,0,0,0,0,0,0,0,0,0,0,75,0,OK
11时03分55秒,46/79 静置,548.56,25.93,14224.54,549.23,25.89,14221.96,548.21,11.94,6544.24,549.65,11.98,6586.08,75,70,69.2,547.8,11.1,549.3,10.9,548.8,0,548.1,51.4,25.7,25.4,11.8,11.8,25.7,25.4,11.8,11.8,230.2,231.3,233,58.3,57.5,57,0,0,0,0,0,0,0,0,0,0,0,0,0,0,0,0,0,75,0,OK
11时04分00秒,46/79 静置,548.56,25.93,14224.54,549.23,25.89,14221.96,548.21,11.94,6544.24,549.65,11.98,6586.08,75,70,69.2,547.8,11.1,549.3,10.9,548.8,0,548.1,51.4,25.7,25.4,11.8,11.8,25.7,25.4,11.8,11.8,230.2,231.3,233,58.3,57.5,57,0,0,0,0,0,0,0,0,0,0,0,0,0,0,0,0,0,75,0,OK
11时04分05秒,46/79 静置,546.37,25.99,14198.13,548.41,25.97,14244.13,548.76,11.98,6576.5,548.82,11.98,6576.23,75,70,69.2,546.1,10.8,547.9,10.9,547,0,546.4,51.4,25.9,25.5,11.9,11.9,25.9,25.5,11.9,11.9,230.3,231.4,233.1,58.3,57.5,57.3,0,0,0,0,0,0,0,0,0,0,0,0,0,0,0,0,0,75,0,OK
11时04分10秒,46/79 静置,546.37,25.99,14198.13,548.41,25.97,14244.13,548.76,11.98,6576.5,548.82,11.98,6576.23,75,70,69.2,546.1,10.8,547.9,10.9,547,0,546.4,51.4,25.9,25.5,11.9,11.9,25.9,25.5,11.9,11.9,230.3,231.4,233.1,58.3,57.5,57.3,0,0,0,0,0,0,0,0,0,0,0,0,0,0,0,0,0,75,0,OK
11时04分15秒,46/79 静置,550.21,25.66,14119.42,547.31,26.02,14239.77,548.21,12,6580.65,548.55,12.01,6587.42,75,70,69.2,548.3,10.9,548.7,11.2,547,0,545.8,51.4,25.7,25.4,11.9,11.9,25.7,25.4,11.9,11.9,230.2,231.5,233,58.3,57.5,57.3,0,0,0,0,0,0,0,0,0,0,0,0,0,0,0,0,0,75,0,OK
11时04分20秒,46/79 静置,550.21,25.66,14119.42,547.31,26.02,14239.77,548.21,12,6580.65,548.55,12.01,6587.42,75,70,69.2,548.3,10.9,548.7,11.2,547,0,545.8,51.4,25.7,25.4,11.9,11.9,25.7,25.4,11.9,11.9,230.2,231.5,233,58.3,57.5,57.3,0,0,0,0,0,0,0,0,0,0,0,0,0,0,0,0,0,75,0,OK
11时04分25秒,46/79 静置,549.93,25.93,14260.07,547.31,26.01,14236.56,549.85,11.94,6564.89,547.45,12,6571.05,75,70,69.2,548.2,10.9,548.2,10.9,548.1,0,546.9,51.4,25.7,25.5,11.9,11.9,25.7,25.5,11.9,11.9,230,231.2,232.8,58.2,57.5,57.5,0,0,0,0,0,0,0,0,0,0,0,0,0,0,0,0,0,75,0,OK
11时04分30秒,46/79 静置,549.93,25.93,14260.07,547.31,26.01,14236.56,549.85,11.94,6564.89,547.45,12,6571.05,75,70,69.2,548.2,10.9,548.2,10.9,548.1,0,546.9,51.4,25.7,25.5,11.9,11.9,25.7,25.5,11.9,11.9,230,231.2,232.8,58.2,57.5,57.5,0,0,0,0,0,0,0,0,0,0,0,0,0,0,0,0,0,75,0,OK
11时04分35秒,46/79 静置,546.92,26.02,14231.06,548.95,25.9,14217.05,546.57,11.94,6526.26,548.82,11.96,6563.37,75,70,69.2,544.6,11.1,548.1,11,547.5,0,547.5,51.4,26,25.5,11.8,11.8,26,25.5,11.8,11.8,229.9,230.9,232.7,58.4,57.6,57.5,0,0,0,0,0,0,0,0,0,0,0,0,0,0,0,0,0,75,0,OK
11时04分40秒,46/79 静置,546.92,26.02,14231.06,548.95,25.9,14217.05,546.57,11.94,6526.26,548.82,11.96,6563.37,75,70,69.2,544.6,11.1,548.1,11,547.5,0,547.5,51.4,26,25.5,11.8,11.8,26,25.5,11.8,11.8,229.9,230.9,232.7,58.4,57.6,57.5,0,0,0,0,0,0,0,0,0,0,0,0,0,0,0,0,0,75,0,OK
11时04分45秒,46/79 静置,545,26.06,14200.84,548.68,26,14266.77,546.84,11.94,6526.86,549.1,11.95,6563.43,75,70,69.2,544.3,10.9,546.6,10.9,546.2,0,548,51.4,26,25.6,11.9,11.8,26,25.6,11.9,11.8,230.1,231.2,232.9,58.3,57.5,57.3,0,0,0,0,0,0,0,0,0,0,0,0,0,0,0,0,0,75,0,OK
11时04分50秒,46/79 静置,545,26.06,14200.84,548.68,26,14266.77,546.84,11.94,6526.86,549.1,11.95,6563.43,75,70,69.2,544.3,10.9,546.6,10.9,546.2,0,548,51.4,26,25.6,11.9,11.8,26,25.6,11.9,11.8,230.1,231.2,232.9,58.3,57.5,57.3,0,0,0,0,0,0,0,0,0,0,0,0,0,0,0,0,0,75,0,OK
11时04分55秒,46/79 静置,549.11,26.03,14292.93,548.68,26.02,14275.34,546.02,12.01,6559.19,544.71,12.04,6557.86,75,70,69.2,545.8,11,546.4,11,546,0,544.8,51.4,25.9,25.6,11.9,11.9,25.9,25.6,11.9,11.9,230.2,231.4,232.9,58,57.3,57.1,0,0,0,0,0,0,0,0,0,0,0,0,0,0,0,0,0,75,0,OK
11时05分00秒,46/79 静置,549.11,26.03,14292.93,548.68,26.02,14275.34,546.02,12.01,6559.19,544.71,12.04,6557.86,75,70,69.2,545.8,11,546.4,11,546,0,544.8,51.4,25.9,25.6,11.9,11.9,25.9,25.6,11.9,11.9,230.2,231.4,232.9,58,57.3,57.1,0,0,0,0,0,0,0,0,0,0,0,0,0,0,0,0,0,75,0,OK
11时05分05秒,46/79 静置,549.11,25.84,14188.36,546.22,26.02,14211.87,543.29,12,6518.93,550.47,11.9,6549.16,75,70,69.2,548.3,10.7,548.5,10.7,546.5,0,549.9,51.4,25.6,25.5,11.9,11.7,25.6,25.5,11.9,11.7,230.1,230.9,232.6,58.4,57.6,57.4,0,0,0,0,0,0,0,0,0,0,0,0,0,0,0,0,0,75,0,OK
11时05分10秒,46/79 静置,549.11,25.84,14188.36,546.22,26.02,14211.87,543.29,12,6518.93,550.47,11.9,6549.16,75,70,69.2,548.3,10.7,548.5,10.7,546.5,0,549.9,51.4,25.6,25.5,11.9,11.7,25.6,25.5,11.9,11.7,230.1,230.9,232.6,58.4,57.6,57.4,0,0,0,0,0,0,0,0,0,0,0,0,0,0,0,0,0,75,0,OK
11时05分15秒,46/79 静置,546.09,26.05,14224.59,551.69,25.36,13990.96,549.03,11.9,6534.74,546.91,12.01,6568.22,75,70,69.2,545.3,10.9,549.8,11.1,547.6,0,546.1,51.4,25.9,25.1,11.8,11.9,25.9,25.1,11.8,11.9,230.2,231.3,233,58.2,57.4,57.3,0,0,0,0,0,0,0,0,0,0,0,0,0,0,0,0,0,75,0,OK
11时05分20秒,46/79 静置,546.09,26.05,14224.59,551.69,25.36,13990.96,549.03,11.9,6534.74,546.91,12.01,6568.22,75,70,69.2,545.3,10.9,549.8,11.1,547.6,0,546.1,51.4,25.9,25.1,11.8,11.9,25.9,25.1,11.8,11.9,230.2,231.3,233,58.2,57.4,57.3,0,0,0,0,0,0,0,0,0,0,0,0,0,0,0,0,0,75,0,OK
11时05分25秒,46/79 静置,549.66,25.98,14280.89,550.32,25.9,14255.12,550.67,11.93,6568.23,538.96,12.09,6513.86,75,70,69.2,545.9,11.1,547.7,10.9,547.2,0,539.4,51.4,25.9,25.5,11.9,12,25.9,25.5,11.9,12,230.2,230.9,232.7,58.3,57.6,57.4,0,0,0,0,0,0,0,0,0,0,0,0,0,0,0,0,0,75,0,OK
11时05分30秒,46/79 静置,549.66,25.98,14280.89,550.32,25.9,14255.12,550.67,11.93,6568.23,538.96,12.09,6513.86,75,70,69.2,545.9,11.1,547.7,10.9,547.2,0,539.4,51.4,25.9,25.5,11.9,12,25.9,25.5,11.9,12,230.2,230.9,232.7,58.3,57.6,57.4,0,0,0,0,0,0,0,0,0,0,0,0,0,0,0,0,0,75,0,OK
11时05分35秒,46/79 静置,544.18,26.04,14173.04,537.75,26.24,14111.13,545.75,12,6547.91,545.26,12.05,6569.24,75,70,69.2,545,10.9,539.2,11,546.7,0,543.1,51.4,26,25.8,11.9,11.9,26,25.8,11.9,11.9,230.2,231,232.8,58.2,57.4,57.3,0,0,0,0,0,0,0,0,0,0,0,0,0,0,0,0,0,75,0,OK
11时05分40秒,46/79 静置,544.18,26.04,14173.04,537.75,26.24,14111.13,545.75,12,6547.91,545.26,12.05,6569.24,75,70,69.2,545,10.9,539.2,11,546.7,0,543.1,51.4,26,25.8,11.9,11.9,26,25.8,11.9,11.9,230.2,231,232.8,58.2,57.4,57.3,0,0,0,0,0,0,0,0,0,0,0,0,0,0,0,0,0,75,0,OK
11时05分45秒,46/79 静置,543.08,26.14,14194.36,547.59,26.04,14258.12,549.3,11.95,6565.35,546.63,11.99,6553.18,75,70,69.2,542.1,10.9,545.5,11.1,547.4,0,547.2,51.4,26,25.6,11.9,11.9,26,25.6,11.9,11.9,230,230.9,232.8,58.3,57.5,57.4,0,0,0,0,0,0,0,0,0,0,0,0,0,0,0,0,0,75,0,OK
11时05分50秒,46/79 静置,543.08,26.14,14194.36,547.59,26.04,14258.12,549.3,11.95,6565.35,546.63,11.99,6553.18,75,70,69.2,542.1,10.9,545.5,11.1,547.4,0,547.2,51.4,26,25.6,11.9,11.9,26,25.6,11.9,11.9,230,230.9,232.8,58.3,57.5,57.4,0,0,0,0,0,0,0,0,0,0,0,0,0,0,0,0,0,75,0,OK
11时05分55秒,46/79 静置,546.64,26.09,14262.35,541.85,25.98,14075.34,551.49,11.89,6559.17,543.34,11.97,6506.34,75,70,69.3,544.1,10.9,546,11,547.6,0,546.6,51.4,26,25.6,11.9,11.9,26,25.6,11.9,11.9,230.3,231.1,233.1,58.2,57.4,57.2,0,0,0,0,0,0,0,0,0,0,0,0,0,0,0,0,0,75,0,OK
11时06分00秒,46/79 静置,546.64,26.09,14262.35,541.85,25.98,14075.34,551.49,11.89,6559.17,543.34,11.97,6506.34,75,70,69.3,544.1,10.9,546,11,547.6,0,546.6,51.4,26,25.6,11.9,11.9,26,25.6,11.9,11.9,230.3,231.1,233.1,58.2,57.4,57.2,0,0,0,0,0,0,0,0,0,0,0,0,0,0,0,0,0,75,0,OK
11时06分05秒,46/79 静置,549.93,25.67,14115.07,544.85,26.04,14187.47,544.93,12.01,6542.33,549.65,11.75,6458.33,75,70,69.3,548.8,10.7,547.7,11,546.6,0,550.8,51.4,25.5,25.5,11.9,11.5,25.5,25.5,11.9,11.5,230,230.9,232.9,58.3,57.6,57.4,0,0,0,0,0,0,0,0,0,0,0,0,0,0,0,0,0,75,0,OK
11时06分10秒,46/79 静置,549.93,25.67,14115.07,544.85,26.04,14187.47,544.93,12.01,6542.33,549.65,11.75,6458.33,75,70,69.3,548.8,10.7,547.7,11,546.6,0,550.8,51.4,25.5,25.5,11.9,11.5,25.5,25.5,11.9,11.5,230,230.9,232.9,58.3,57.6,57.4,0,0,0,0,0,0,0,0,0,0,0,0,0,0,0,0,0,75,0,OK
11时06分15秒,46/79 静置,550.48,25.69,14141.49,549.5,25.95,14260.71,546.84,12.01,6565.84,550.19,11.79,6488.41,75,70,69.3,547.3,11,548.3,11.2,544.5,0,548,51.4,25.8,25.5,11.9,11.8,25.8,25.5,11.9,11.8,230.3,231.3,233.2,58.2,57.2,57,0,0,0,0,0,0,0,0,0,0,0,0,0,0,0,0,0,75,0,OK
11时06分20秒,46/79 静置,550.48,25.69,14141.49,549.5,25.95,14260.71,546.84,12.01,6565.84,550.19,11.79,6488.41,75,70,69.3,547.3,11,548.3,11.2,544.5,0,548,51.4,25.8,25.5,11.9,11.8,25.8,25.5,11.9,11.8,230.3,231.3,233.2,58.2,57.2,57,0,0,0,0,0,0,0,0,0,0,0,0,0,0,0,0,0,75,0,OK
11时06分25秒,46/79 静置,540.34,26.18,14145.95,547.86,26.04,14266.84,547.66,11.97,6556.97,545.54,12.04,6570.41,75,70.1,69.4,540.8,11,546.8,11,547.8,0,545.7,51.4,26.1,25.6,11.9,11.9,26.1,25.6,11.9,11.9,230.3,231.4,233.2,58.1,57.3,57.2,0,0,0,0,0,0,0,0,0,0,0,0,0,0,0,0,0,75,0,OK
11时06分30秒,46/79 静置,540.34,26.18,14145.95,547.86,26.04,14266.84,547.66,11.97,6556.97,545.54,12.04,6570.41,75,70.1,69.4,540.8,11,546.8,11,547.8,0,545.7,51.4,26.1,25.6,11.9,11.9,26.1,25.6,11.9,11.9,230.3,231.4,233.2,58.1,57.3,57.2,0,0,0,0,0,0,0,0,0,0,0,0,0,0,0,0,0,75,0,OK
11时06分35秒,46/79 静置,548.29,26,14254.93,546.49,25.99,14205.65,550.12,11.9,6543.98,550.19,11.99,6595.34,75,70.1,69.4,546.7,10.9,548.4,11,548.8,0,547.6,51.4,25.9,25.5,11.8,11.9,25.9,25.5,11.8,11.9,230.2,231.3,233.2,58.1,57.5,57.4,0,0,0,0,0,0,0,0,0,0,0,0,0,0,0,0,0,75,0,OK
11时06分40秒,46/79 静置,548.29,26,14254.93,546.49,25.99,14205.65,550.12,11.9,6543.98,550.19,11.99,6595.34,75,70.1,69.4,546.7,10.9,548.4,11,548.8,0,547.6,51.4,25.9,25.5,11.8,11.9,25.9,25.5,11.8,11.9,230.2,231.3,233.2,58.1,57.5,57.4,0,0,0,0,0,0,0,0,0,0,0,0,0,0,0,0,0,75,0,OK
11时06分45秒,46/79 静置,547.74,26.04,14264.76,545.67,26.09,14239.21,550.4,11.97,6587.55,547.18,12.01,6572.03,75,70.2,69.5,544.9,10.9,543.1,11.1,547.3,0,546.7,51.4,26,25.7,11.9,11.9,26,25.7,11.9,11.9,230.2,231.2,233.3,58.3,56.8,56.7,0,0,0,0,0,0,0,0,0,0,0,0,0,0,0,0,0,75,0,OK
11时06分50秒,46/79 静置,547.74,26.04,14264.76,545.67,26.09,14239.21,550.4,11.97,6587.55,547.18,12.01,6572.03,75,70.2,69.5,544.9,10.9,543.1,11.1,547.3,0,546.7,51.4,26,25.7,11.9,11.9,26,25.7,11.9,11.9,230.2,231.2,233.3,58.3,56.8,56.7,0,0,0,0,0,0,0,0,0,0,0,0,0,0,0,0,0,75,0,OK
11时06分55秒,46/79 静置,549.38,25.99,14277.51,551.14,25.53,14070.77,549.03,11.98,6578.7,549.37,11.99,6587.62,75,70.2,69.5,546.7,11,549.7,10.9,548.2,0,547.9,51.4,25.9,25.3,11.8,11.8,25.9,25.3,11.8,11.8,230.3,231.4,233.3,58,57.5,57.4,0,0,0,0,0,0,0,0,0,0,0,0,0,0,0,0,0,75,0,OK
11时07分00秒,46/79 静置,549.38,25.99,14277.51,551.14,25.53,14070.77,549.03,11.98,6578.7,549.37,11.99,6587.62,75,70.2,69.5,546.7,11,549.7,10.9,548.2,0,547.9,51.4,25.9,25.3,11.8,11.8,25.9,25.3,11.8,11.8,230.3,231.4,233.3,58,57.5,57.4,0,0,0,0,0,0,0,0,0,0,0,0,0,0,0,0,0,75,0,OK
11时07分05秒,46/79 静置,547.74,26,14239.08,548.95,26,14271.73,549.03,12.01,6595.86,546.91,11.97,6545.25,75,70.2,69.5,546.7,10.8,547.7,11.1,544.7,0,548.3,51.4,25.9,25.6,11.9,11.8,25.9,25.6,11.9,11.8,230.2,231.3,233.1,58,57.5,57.4,0,0,0,0,0,0,0,0,0,0,0,0,0,0,0,0,0,75,0,OK
11时07分10秒,46/79 静置,547.74,26,14239.08,548.95,26,14271.73,549.03,12.01,6595.86,546.91,11.97,6545.25,75,70.2,69.5,546.7,10.8,547.7,11.1,544.7,0,548.3,51.4,25.9,25.6,11.9,11.8,25.9,25.6,11.9,11.8,230.2,231.3,233.1,58,57.5,57.4,0,0,0,0,0,0,0,0,0,0,0,0,0,0,0,0,0,75,0,OK
11时07分15秒,46/79 静置,550.75,25.86,14243.74,549.5,25.91,14237.63,550.67,11.9,6554.25,550.47,11.96,6581.41,75,70.3,69.6,546.2,11,548.6,11,547.7,0,547,51.4,25.9,25.5,11.8,11.9,25.9,25.5,11.8,11.9,230.3,231.1,233.1,58,57.6,57.4,0,0,0,0,0,0,0,0,0,0,0,0,0,0,0,0,0,75,0,OK
11时07分20秒,46/79 静置,550.75,25.86,14243.74,549.5,25.91,14237.63,550.67,11.9,6554.25,550.47,11.96,6581.41,75,70.3,69.6,546.2,11,548.6,11,547.7,0,547,51.4,25.9,25.5,11.8,11.9,25.9,25.5,11.8,11.9,230.3,231.1,233.1,58,57.6,57.4,0,0,0,0,0,0,0,0,0,0,0,0,0,0,0,0,0,75,0,OK
11时07分25秒,46/79 静置,546.37,26.08,14250.95,541.57,26.14,14157.62,545.2,12.05,6569.57,549.37,12,6589.77,75,70.3,69.6,544.1,11.1,543.3,11.1,542.2,0,547.4,51.4,26,25.7,12,11.9,26,25.7,12,11.9,230.3,231.4,233,58.2,57.5,57.3,0,0,0,0,0,0,0,0,0,0,0,0,0,0,0,0,0,75,0,OK
11时07分30秒,46/79 静置,546.37,26.08,14250.95,541.57,26.14,14157.62,545.2,12.05,6569.57,549.37,12,6589.77,75,70.3,69.6,544.1,11.1,543.3,11.1,542.2,0,547.4,51.4,26,25.7,12,11.9,26,25.7,12,11.9,230.3,231.4,233,58.2,57.5,57.3,0,0,0,0,0,0,0,0,0,0,0,0,0,0,0,0,0,75,0,OK
11时07分35秒,46/79 静置,548.56,26.01,14270.61,543.49,25.98,14118.99,540.55,12,6486.64,548,11.95,6549.8,75,70.4,69.6,543.9,11,548.5,11.2,546.6,0,548.4,51.4,26,25.5,11.9,11.8,26,25.5,11.9,11.8,230.3,231.4,233.2,58.2,57.4,57.3,0,0,0,0,0,0,0,0,0,0,0,0,0,0,0,0,0,75,0,OK
11时07分41秒,46/79 静置,548.56,26.01,14270.61,543.49,25.98,14118.99,540.55,12,6486.64,548,11.95,6549.8,75,70.4,69.6,543.9,11,548.5,11.2,546.6,0,548.4,51.4,26,25.5,11.9,11.8,26,25.5,11.9,11.8,230.3,231.4,233.2,58.2,57.4,57.3,0,0,0,0,0,0,0,0,0,0,0,0,0,0,0,0,0,75,0,OK
11时07分46秒,46/79 静置,549.66,26,14293.77,547.04,25.97,14204.88,548.76,11.92,6543.27,548.55,11.99,6579.38,75,70.4,69.6,547.3,10.9,549.1,10.9,548.3,0,547.6,51.4,25.8,25.5,11.8,11.9,25.8,25.5,11.8,11.9,230.4,231.2,233.1,58.3,57.5,57.3,0,0,0,0,0,0,0,0,0,0,0,0,0,0,0,0,0,75,0,OK
11时07分51秒,46/79 静置,549.66,26,14293.77,547.04,25.97,14204.88,548.76,11.92,6543.27,548.55,11.99,6579.38,75,70.4,69.6,547.3,10.9,549.1,10.9,548.3,0,547.6,51.4,25.8,25.5,11.8,11.9,25.8,25.5,11.8,11.9,230.4,231.2,233.1,58.3,57.5,57.3,0,0,0,0,0,0,0,0,0,0,0,0,0,0,0,0,0,75,0,OK
11时07分56秒,46/79 静置,548.83,25.96,14246.13,545.67,26.05,14212.57,547.39,11.99,6565.46,548,12,6577.09,75,70.5,69.7,545.8,11,545.8,11.1,546,0,545.9,51.4,25.9,25.6,11.9,11.9,25.9,25.6,11.9,11.9,230.5,231.5,233.5,58.2,57.2,57,0,0,0,0,0,0,0,0,0,0,0,0,0,0,0,0,0,75,0,OK
11时08分01秒,46/79 静置,548.83,25.96,14246.13,545.67,26.05,14212.57,547.39,11.99,6565.46,548,12,6577.09,75,70.5,69.7,545.8,11,545.8,11.1,546,0,545.9,51.4,25.9,25.6,11.9,11.9,25.9,25.6,11.9,11.9,230.5,231.5,233.5,58.2,57.2,57,0,0,0,0,0,0,0,0,0,0,0,0,0,0,0,0,0,75,0,OK
11时08分06秒,46/79 静置,550.21,25.84,14217.21,547.04,26.05,14248.15,550.4,11.88,6539.71,550.74,11.86,6529.3,75,70.5,69.7,547.3,10.9,547.3,11.2,549.2,0,548.8,51.4,25.8,25.6,11.7,11.8,25.8,25.6,11.7,11.8,230.4,231.4,233.1,58.2,57.4,57.2,0,0,0,0,0,0,0,0,0,0,0,0,0,0,0,0,0,75,0,OK
11时08分11秒,46/79 静置,550.21,25.84,14217.21,547.04,26.05,14248.15,550.4,11.88,6539.71,550.74,11.86,6529.3,75,70.5,69.7,547.3,10.9,547.3,11.2,549.2,0,548.8,51.4,25.8,25.6,11.7,11.8,25.8,25.6,11.7,11.8,230.4,231.4,233.1,58.2,57.4,57.2,0,0,0,0,0,0,0,0,0,0,0,0,0,0,0,0,0,75,0,OK
11时08分16秒,46/79 静置,549.66,25.99,14283.57,547.59,26.03,14255.44,548.21,11.9,6522.83,547.18,11.96,6544.25,75,70.5,69.7,546.6,10.9,547.1,10.9,549.3,0,548.4,51.4,25.9,25.6,11.6,11.8,25.9,25.6,11.6,11.8,230.6,231.5,233.4,58.3,57.5,57.1,0,0,0,0,0,0,0,0,0,0,0,0,0,0,0,0,0,75,0,OK
11时08分21秒,46/79 静置,549.66,25.99,14283.57,547.59,26.03,14255.44,548.21,11.9,6522.83,547.18,11.96,6544.25,75,70.5,69.7,546.6,10.9,547.1,10.9,549.3,0,548.4,51.4,25.9,25.6,11.6,11.8,25.9,25.6,11.6,11.8,230.6,231.5,233.4,58.3,57.5,57.1,0,0,0,0,0,0,0,0,0,0,0,0,0,0,0,0,0,75,0,OK
11时08分26秒,46/79 静置,550.21,25.82,14207,550.05,25.76,14170.15,549.3,11.9,6534.23,552.93,11.36,6280.43,75,70.5,69.7,546.9,11,549.4,11,547.3,0,549.3,51.4,25.8,25.3,11.8,11.6,25.8,25.3,11.8,11.6,230.5,231.5,233.2,57.5,56.7,57.1,0,0,0,0,0,0,0,0,0,0,0,0,0,0,0,0,0,75,0,OK
11时08分31秒,46/79 静置,550.21,25.82,14207,550.05,25.76,14170.15,549.3,11.9,6534.23,552.93,11.36,6280.43,75,70.5,69.7,546.9,11,549.4,11,547.3,0,549.3,51.4,25.8,25.3,11.8,11.6,25.8,25.3,11.8,11.6,230.5,231.5,233.2,57.5,56.7,57.1,0,0,0,0,0,0,0,0,0,0,0,0,0,0,0,0,0,75,0,OK
11时08分36秒,46/79 静置,546.37,26,14206.13,550.32,25.84,14218.58,549.58,11.99,6589.01,549.92,11.97,6582.92,75,70.5,69.7,545,11.1,547.8,11,544.5,0,546.9,51.4,25.9,25.5,11.9,11.9,25.9,25.5,11.9,11.9,230.4,231.4,233.1,58,57.2,57.4,0,0,0,0,0,0,0,0,0,0,0,0,0,0,0,0,0,75,0,OK
11时08分41秒,46/79 静置,546.37,26,14206.13,550.32,25.84,14218.58,549.58,11.99,6589.01,549.92,11.97,6582.92,75,70.5,69.7,545,11.1,547.8,11,544.5,0,546.9,51.4,25.9,25.5,11.9,11.9,25.9,25.5,11.9,11.9,230.4,231.4,233.1,58,57.2,57.4,0,0,0,0,0,0,0,0,0,0,0,0,0,0,0,0,0,75,0,OK
11时08分46秒,46/79 静置,546.09,26.13,14270.99,547.59,26.04,14256.51,548.48,11.97,6566.26,546.91,12.01,6569.82,76,70.6,69.8,542.1,11,547,11,549.1,0,546.7,51.4,26,25.6,11.8,11.9,26,25.6,11.8,11.9,230.8,231.5,233.1,58.2,57.4,57.3,0,0,0,0,0,0,0,0,0,0,0,0,0,0,0,0,0,76,0,OK
11时08分51秒,46/79 静置,546.09,26.13,14270.99,547.59,26.04,14256.51,548.48,11.97,6566.26,546.91,12.01,6569.82,76,70.6,69.8,542.1,11,547,11,549.1,0,546.7,51.4,26,25.6,11.8,11.9,26,25.6,11.8,11.9,230.8,231.5,233.1,58.2,57.4,57.3,0,0,0,0,0,0,0,0,0,0,0,0,0,0,0,0,0,76,0,OK
11时08分56秒,46/79 静置,544.18,26.12,14215.55,548.68,26.02,14275.34,549.3,12,6590.56,547.73,11.99,6566.85,76,70.6,69.8,541.7,11,547.8,10.9,546,0,547.2,51.4,26,25.6,11.9,11.9,26,25.6,11.9,11.9,230.4,231.4,233,58.2,57.4,57.3,0,0,0,0,0,0,0,0,0,0,0,0,0,0,0,0,0,76,0,OK
11时09分01秒,46/79 静置,544.18,26.12,14215.55,548.68,26.02,14275.34,549.3,12,6590.56,547.73,11.99,6566.85,76,70.6,69.8,541.7,11,547.8,10.9,546,0,547.2,51.4,26,25.6,11.9,11.9,26,25.6,11.9,11.9,230.4,231.4,233,58.2,57.4,57.3,0,0,0,0,0,0,0,0,0,0,0,0,0,0,0,0,0,76,0,OK
11时09分06秒,46/79 静置,547.19,25.96,14207.74,548.41,25.99,14254.3,548.48,11.99,6575.36,549.65,11.78,6477.12,76,70.6,69.8,547.3,11,549.2,10.9,547.2,0,550.3,51.4,25.8,25.4,11.9,11.6,25.8,25.4,11.9,11.6,230.5,231.5,232.9,58.2,57.5,57.3,0,0,0,0,0,0,0,0,0,0,0,0,0,0,0,0,0,76,0,OK
11时09分11秒,46/79 静置,547.19,25.96,14207.74,548.41,25.99,14254.3,548.48,11.99,6575.36,549.65,11.78,6477.12,76,70.6,69.8,547.3,11,549.2,10.9,547.2,0,550.3,51.4,25.8,25.4,11.9,11.6,25.8,25.4,11.9,11.6,230.5,231.5,232.9,58.2,57.5,57.3,0,0,0,0,0,0,0,0,0,0,0,0,0,0,0,0,0,76,0,OK
11时09分16秒,46/79 静置,546.92,26.05,14248.15,549.77,25.57,14055.19,546.02,12,6550.66,547.45,11.97,6553.95,76,70.7,69.9,545.4,11,550,10.7,546.7,0,548.3,51.4,25.9,25.1,11.9,11.8,25.9,25.1,11.9,11.8,230.6,231.6,233.5,58.3,57.4,57.3,0,0,0,0,0,0,0,0,0,0,0,0,0,0,0,0,0,76,0,OK
11时09分21秒,46/79 静置,546.92,26.05,14248.15,549.77,25.57,14055.19,546.02,12,6550.66,547.45,11.97,6553.95,76,70.7,69.9,545.4,11,550,10.7,546.7,0,548.3,51.4,25.9,25.1,11.9,11.8,25.9,25.1,11.9,11.8,230.6,231.6,233.5,58.3,57.4,57.3,0,0,0,0,0,0,0,0,0,0,0,0,0,0,0,0,0,76,0,OK
11时09分26秒,46/79 静置,550.48,25.91,14262.98,544.03,26.02,14154.98,544.93,12.03,6555.1,536.5,12.08,6480.93,76,70.7,69.9,546.6,11,546.9,11.1,544.3,0,543.4,51.4,25.9,25.6,11.9,11.9,25.9,25.6,11.9,11.9,230.4,231.3,233.3,57.9,57.1,57,0,0,0,0,0,0,0,0,0,0,0,0,0,0,0,0,0,76,0,OK
11时09分31秒,46/79 静置,550.48,25.91,14262.98,544.03,26.02,14154.98,544.93,12.03,6555.1,536.5,12.08,6480.93,76,70.7,69.9,546.6,11,546.9,11.1,544.3,0,543.4,51.4,25.9,25.6,11.9,11.9,25.9,25.6,11.9,11.9,230.4,231.3,233.3,57.9,57.1,57,0,0,0,0,0,0,0,0,0,0,0,0,0,0,0,0,0,76,0,OK
11时09分36秒,46/79 静置,547.46,26,14233.02,549.5,25.99,14280.02,548.21,11.94,6545.32,549.65,11.92,6553.34,76,70.7,69.9,547.2,10.9,549,11.2,548.8,0,548.2,51.4,25.8,25.4,11.8,11.8,25.8,25.4,11.8,11.8,230.3,231.5,233.2,58.1,57.3,57.2,0,0,0,0,0,0,0,0,0,0,0,0,0,0,0,0,0,76,0,OK
11时09分41秒,46/79 静置,547.46,26,14233.02,549.5,25.99,14280.02,548.21,11.94,6545.32,549.65,11.92,6553.34,76,70.7,69.9,547.2,10.9,549,11.2,548.8,0,548.2,51.4,25.8,25.4,11.8,11.8,25.8,25.4,11.8,11.8,230.3,231.5,233.2,58.1,57.3,57.2,0,0,0,0,0,0,0,0,0,0,0,0,0,0,0,0,0,76,0,OK
11时09分46秒,46/79 静置,545.27,26.05,14205.33,547.86,25.92,14198.89,533.99,12.13,6477.78,538.41,12.1,6512.5,76,70.7,69.9,544.1,11.1,546.9,10.9,532.2,0,537.2,51.4,26,25.5,12.1,12,26,25.5,12.1,12,230,231,232.9,58.3,57.5,57.3,0,0,0,0,0,0,0,0,0,0,0,0,0,0,0,0,0,76,0,OK
11时09分51秒,46/79 静置,545.27,26.05,14205.33,547.86,25.92,14198.89,533.99,12.13,6477.78,538.41,12.1,6512.5,76,70.7,69.9,544.1,11.1,546.9,10.9,532.2,0,537.2,51.4,26,25.5,12.1,12,26,25.5,12.1,12,230,231,232.9,58.3,57.5,57.3,0,0,0,0,0,0,0,0,0,0,0,0,0,0,0,0,0,76,0,OK
11时09分56秒,46/79 静置,540.34,26.2,14155.98,543.76,26.14,14214.78,543.01,12.05,6544.81,542.52,12.06,6542.07,76,70.8,69.9,540,11.2,544,11.1,542.6,0,543.6,51.4,26.1,25.7,12,11.9,26.1,25.7,12,11.9,230.3,231.4,233.3,58.1,57.4,57.2,0,0,0,0,0,0,0,0,0,0,0,0,0,0,0,0,0,76,0,OK
11时10分01秒,46/79 静置,540.34,26.2,14155.98,543.76,26.14,14214.78,543.01,12.05,6544.81,542.52,12.06,6542.07,76,70.8,69.9,540,11.2,544,11.1,542.6,0,543.6,51.4,26.1,25.7,12,11.9,26.1,25.7,12,11.9,230.3,231.4,233.3,58.1,57.4,57.2,0,0,0,0,0,0,0,0,0,0,0,0,0,0,0,0,0,76,0,OK
11时10分06秒,46/79 静置,547.46,26.04,14255.47,548.95,26.03,14288.89,537.27,12.11,6506.57,547.18,11.99,6559.74,76,70.8,69.9,544,11,545.6,11,537.7,0,547.5,51.4,26,25.6,12,11.9,26,25.6,12,11.9,230.3,231.5,233.1,58.3,57.4,57.2,0,0,0,0,0,0,0,0,0,0,0,0,0,0,0,0,0,76,0,OK
11时10分11秒,46/79 静置,547.46,26.04,14255.47,548.95,26.03,14288.89,537.27,12.11,6506.57,547.18,11.99,6559.74,76,70.8,69.9,544,11,545.6,11,537.7,0,547.5,51.4,26,25.6,12,11.9,26,25.6,12,11.9,230.3,231.5,233.1,58.3,57.4,57.2,0,0,0,0,0,0,0,0,0,0,0,0,0,0,0,0,0,76,0,OK
11时10分16秒,46/79 静置,546.64,26.01,14218.58,543.21,26.12,14189.87,545.75,12.02,6562.3,546.91,12,6563.41,76,70.8,69.9,546.6,11,544.1,11.2,543.9,0,546.4,51.4,25.9,25.7,11.9,11.9,25.9,25.7,11.9,11.9,230.4,231.4,233.1,58.2,57.4,57.3,0,0,0,0,0,0,0,0,0,0,0,0,0,0,0,0,0,76,0,OK
11时10分21秒,46/79 静置,546.64,26.01,14218.58,543.21,26.12,14189.87,545.75,12.02,6562.3,546.91,12,6563.41,76,70.8,69.9,546.6,11,544.1,11.2,543.9,0,546.4,51.4,25.9,25.7,11.9,11.9,25.9,25.7,11.9,11.9,230.4,231.4,233.1,58.2,57.4,57.3,0,0,0,0,0,0,0,0,0,0,0,0,0,0,0,0,0,76,0,OK
11时10分26秒,46/79 静置,548.01,25.99,14245.12,547.31,25.97,14214.65,548.76,11.82,6485.93,548.82,11.86,6507.63,76,70.8,69.9,546.8,11,548.9,11,548.9,0,549.2,51.4,25.9,25.4,11.7,11.7,25.9,25.4,11.7,11.7,230.1,231.4,233,58.4,57.3,57.1,0,0,0,0,0,0,0,0,0,0,0,0,0,0,0,0,0,76,0,OK
11时10分31秒,46/79 静置,548.01,25.99,14245.12,547.31,25.97,14214.65,548.76,11.82,6485.93,548.82,11.86,6507.63,76,70.8,69.9,546.8,11,548.9,11,548.9,0,549.2,51.4,25.9,25.4,11.7,11.7,25.9,25.4,11.7,11.7,230.1,231.4,233,58.4,57.3,57.1,0,0,0,0,0,0,0,0,0,0,0,0,0,0,0,0,0,76,0,OK
11时10分36秒,46/79 静置,548.01,25.93,14208.19,548.95,25.92,14226.7,552.04,11.56,6382.92,551.56,11.65,6424.3,76,70.8,69.9,546.7,10.9,548.5,11.1,548.9,0,549.3,51.4,25.9,25.5,11.7,11.7,25.9,25.5,11.7,11.7,230.3,231.5,233,58.2,57.4,57.2,0,0,0,0,0,0,0,0,0,0,0,0,0,0,0,0,0,76,0,OK
11时10分41秒,46/79 静置,548.01,25.93,14208.19,548.95,25.92,14226.7,552.04,11.56,6382.92,551.56,11.65,6424.3,76,70.8,69.9,546.7,10.9,548.5,11.1,548.9,0,549.3,51.4,25.9,25.5,11.7,11.7,25.9,25.5,11.7,11.7,230.3,231.5,233,58.2,57.4,57.2,0,0,0,0,0,0,0,0,0,0,0,0,0,0,0,0,0,76,0,OK
11时10分46秒,46/79 静置,549.38,25.97,14267.32,546.49,26.08,14252.08,547.39,11.91,6521.62,534.85,12.13,6490.32,76,70.9,69.9,546.7,11,545.1,11,548.2,0,534.1,51.4,25.9,25.6,11.8,12,25.9,25.6,11.8,12,230.1,231.2,232.8,58.3,57.5,57.4,0,0,0,0,0,0,0,0,0,0,0,0,0,0,0,0,0,76,0,OK
11时10分51秒,46/79 静置,549.38,25.97,14267.32,546.49,26.08,14252.08,547.39,11.91,6521.62,534.85,12.13,6490.32,76,70.9,69.9,546.7,11,545.1,11,548.2,0,534.1,51.4,25.9,25.6,11.8,12,25.9,25.6,11.8,12,230.1,231.2,232.8,58.3,57.5,57.4,0,0,0,0,0,0,0,0,0,0,0,0,0,0,0,0,0,76,0,OK
11时10分56秒,46/79 静置,549.11,26.01,14283.81,544.85,26.03,14180.03,547.94,11.99,6571.48,537.04,12.09,6490.69,76,70.9,69.9,545.9,11,547.5,10.9,546.2,0,539.6,51.4,25.9,25.6,11.9,12,25.9,25.6,11.9,12,230.2,231.3,233,58,57.6,57.4,0,0,0,0,0,0,0,0,0,0,0,0,0,0,0,0,0,76,0,OK
11时11分01秒,46/79 静置,549.11,26.01,14283.81,544.85,26.03,14180.03,547.94,11.99,6571.48,537.04,12.09,6490.69,76,70.9,69.9,545.9,11,547.5,10.9,546.2,0,539.6,51.4,25.9,25.6,11.9,12,25.9,25.6,11.9,12,230.2,231.3,233,58,57.6,57.4,0,0,0,0,0,0,0,0,0,0,0,0,0,0,0,0,0,76,0,OK
11时11分06秒,46/79 静置,550.21,25.89,14244.62,548.41,25.95,14231.27,547.12,11.99,6558.44,551.29,11.8,6505.64,76,70.9,70,545.2,10.9,548.2,11.1,545.3,0,548.9,51.4,25.9,25.5,11.9,11.8,25.9,25.5,11.9,11.8,230.2,231.4,233.2,58.2,57.4,57.3,0,0,0,0,0,0,0,0,0,0,0,0,0,0,0,0,0,76,0,OK
11时11分11秒,46/79 静置,550.21,25.89,14244.62,548.41,25.95,14231.27,547.12,11.99,6558.44,551.29,11.8,6505.64,76,70.9,70,545.2,10.9,548.2,11.1,545.3,0,548.9,51.4,25.9,25.5,11.9,11.8,25.9,25.5,11.9,11.8,230.2,231.4,233.2,58.2,57.4,57.3,0,0,0,0,0,0,0,0,0,0,0,0,0,0,0,0,0,76,0,OK
11时11分16秒,46/79 静置,549.38,25.94,14251.76,548.41,25.92,14217.35,548.48,12.01,6589.29,544.17,12.05,6558.17,76,71,70,547.1,11,548.8,10.9,545.8,0,544.5,51.4,25.9,25.5,11.9,11.9,25.9,25.5,11.9,11.9,230.4,231.3,233.2,58.3,57.4,57.2,0,0,0,0,0,0,0,0,0,0,0,0,0,0,0,0,0,76,0,OK
11时11分21秒,46/79 静置,549.38,25.94,14251.76,548.41,25.92,14217.35,548.48,12.01,6589.29,544.17,12.05,6558.17,76,71,70,547.1,11,548.8,10.9,545.8,0,544.5,51.4,25.9,25.5,11.9,11.9,25.9,25.5,11.9,11.9,230.4,231.3,233.2,58.3,57.4,57.2,0,0,0,0,0,0,0,0,0,0,0,0,0,0,0,0,0,76,0,OK
11时11分26秒,46/79 静置,549.11,26.02,14288.64,545.13,26.12,14238.78,546.29,12,6556.07,547.73,11.96,6550.8,76,71,70,545.9,11.1,543.3,11.1,546.6,0,548.5,51.4,25.9,25.7,11.9,11.8,25.9,25.7,11.9,11.8,230.3,231.6,233.3,58.1,57.5,57.4,0,0,0,0,0,0,0,0,0,0,0,0,0,0,0,0,0,76,0,OK
11时11分31秒,46/79 静置,549.11,26.02,14288.64,545.13,26.12,14238.78,546.29,12,6556.07,547.73,11.96,6550.8,76,71,70,545.9,11.1,543.3,11.1,546.6,0,548.5,51.4,25.9,25.7,11.9,11.8,25.9,25.7,11.9,11.8,230.3,231.6,233.3,58.1,57.5,57.4,0,0,0,0,0,0,0,0,0,0,0,0,0,0,0,0,0,76,0,OK
11时11分36秒,46/79 静置,544.18,26.13,14220.87,545.4,26.12,14244.32,546.29,12,6555.54,551.29,11.86,6536.87,76,71,70,542.5,11,543.7,11,545.6,0,548.5,51.4,26,25.7,11.9,11.8,26,25.7,11.9,11.8,230.5,231.5,233.2,58.2,57.5,57.3,0,0,0,0,0,0,0,0,0,0,0,0,0,0,0,0,0,76,0,OK
11时11分41秒,46/79 静置,544.18,26.13,14220.87,545.4,26.12,14244.32,546.29,12,6555.54,551.29,11.86,6536.87,76,71,70,542.5,11,543.7,11,545.6,0,548.5,51.4,26,25.7,11.9,11.8,26,25.7,11.9,11.8,230.5,231.5,233.2,58.2,57.5,57.3,0,0,0,0,0,0,0,0,0,0,0,0,0,0,0,0,0,76,0,OK
11时11分46秒,46/79 静置,547.46,26.11,14292.36,546.77,25.98,14206.35,543.01,12.03,6534.21,546.91,11.98,6550.59,76,71,70.1,544.3,11,547.2,11.2,546.2,0,547.2,51.4,26,25.6,11.9,11.9,26,25.5,12,11.9,230.1,231.1,232.8,58.2,57.4,57.3,0,0,0,0,0,0,0,0,0,0,0,0,0,0,0,0,0,76,0,OK
11时11分51秒,46/79 静置,547.46,26.11,14292.36,546.77,25.98,14206.35,543.01,12.03,6534.21,546.91,11.98,6550.59,76,71,70.1,544.3,11,547.2,11.2,546.2,0,547.2,51.4,26,25.6,11.9,11.9,26,25.5,12,11.9,230.1,231.1,232.8,58.2,57.4,57.3,0,0,0,0,0,0,0,0,0,0,0,0,0,0,0,0,0,76,0,OK
11时11分56秒,46/79 静置,545.27,26.09,14226.1,542.12,26.07,14134.85,548.76,12.02,6594.72,543.07,12.04,6535.95,76,71,70.1,545.8,10.9,547.7,11,546.3,0,546.6,51.4,25.9,25.5,11.9,11.9,26,25.6,11.9,11.9,230.4,231.4,233,58.3,57.5,57.4,0,0,0,0,0,0,0,0,0,0,0,0,0,0,0,0,0,76,0,OK
11时12分01秒,46/79 静置,545.27,26.09,14226.1,542.12,26.07,14134.85,548.76,12.02,6594.72,543.07,12.04,6535.95,76,71,70.1,545.8,10.9,547.7,11,546.3,0,546.6,51.4,25.9,25.5,11.9,11.9,26,25.6,11.9,11.9,230.4,231.4,233,58.3,57.5,57.4,0,0,0,0,0,0,0,0,0,0,0,0,0,0,0,0,0,76,0,OK
11时12分06秒,46/79 静置,549.11,25.99,14272.02,549.77,25.88,14227,547.66,11.97,6554.83,547.45,12,6569.98,76,71,70.2,547.3,11,548,11,548.4,0,547.4,51.4,25.8,25.6,11.8,11.9,25.9,25.3,11.9,11.9,230.4,231.5,233.1,58.3,57.6,57.4,0,0,0,0,0,0,0,0,0,0,0,0,0,0,0,0,0,76,0,OK
11时12分11秒,46/79 静置,549.11,25.99,14272.02,549.77,25.88,14227,547.66,11.97,6554.83,547.45,12,6569.98,76,71,70.2,547.3,11,548,11,548.4,0,547.4,51.4,25.8,25.6,11.8,11.9,25.9,25.3,11.9,11.9,230.4,231.5,233.1,58.3,57.6,57.4,0,0,0,0,0,0,0,0,0,0,0,0,0,0,0,0,0,76,0,OK
11时12分16秒,46/79 静置,546.09,26.05,14227.26,544.58,26.04,14179.29,548.21,11.93,6542.1,546.63,12,6561.72,76,71.1,70.2,542.4,11,544,11.1,547.2,0,547.6,51.4,26,25.7,11.9,11.9,26,25.6,11.9,11.9,230.6,231.7,233.3,58.2,57.4,57.3,0,0,0,0,0,0,0,0,0,0,0,0,0,0,0,0,0,76,0,OK
11时12分21秒,46/79 静置,546.09,26.05,14227.26,544.58,26.04,14179.29,548.21,11.93,6542.1,546.63,12,6561.72,76,71.1,70.2,542.4,11,544,11.1,547.2,0,547.6,51.4,26,25.7,11.9,11.9,26,25.6,11.9,11.9,230.6,231.7,233.3,58.2,57.4,57.3,0,0,0,0,0,0,0,0,0,0,0,0,0,0,0,0,0,76,0,OK
11时12分26秒,46/79 静置,548.83,25.97,14253.63,548.68,26.01,14268.91,547.66,11.96,6549.48,546.91,12,6564.48,76,71.1,70.3,547.4,10.9,548.6,10.9,547.8,0,545.8,51.4,25.9,25.4,11.9,11.9,25.9,25.5,11.9,11.8,230.3,231.3,233.1,58.2,57.5,57.3,0,0,0,0,0,0,0,0,0,0,0,0,0,0,0,0,0,76,0,OK
11时12分31秒,46/79 静置,548.83,25.97,14253.63,548.68,26.01,14268.91,547.66,11.96,6549.48,546.91,12,6564.48,76,71.1,70.3,547.4,10.9,548.6,10.9,547.8,0,545.8,51.4,25.9,25.4,11.9,11.9,25.9,25.5,11.9,11.8,230.3,231.3,233.1,58.2,57.5,57.3,0,0,0,0,0,0,0,0,0,0,0,0,0,0,0,0,0,76,0,OK
11时12分36秒,46/79 静置,549.38,25.97,14268.39,548.13,25.91,14200.09,547.66,12,6570.34,538.41,12.09,6507.24,76,71.1,70.3,546.5,10.7,546.6,11,548.5,0,540.8,51.4,25.9,25.6,11.8,11.9,25.9,25.5,11.9,12,230.5,231.5,233.3,58,57.3,57.1,0,0,0,0,0,0,0,0,0,0,0,0,0,0,0,0,0,76,0,OK
11时12分41秒,46/79 静置,549.38,25.97,14268.39,548.13,25.91,14200.09,547.66,12,6570.34,538.41,12.09,6507.24,76,71.1,70.3,546.5,10.7,546.6,11,548.5,0,540.8,51.4,25.9,25.6,11.8,11.9,25.9,25.5,11.9,12,230.5,231.5,233.3,58,57.3,57.1,0,0,0,0,0,0,0,0,0,0,0,0,0,0,0,0,0,76,0,OK
11时12分46秒,46/79 静置,548.29,25.99,14250.65,549.77,25.79,14180.29,547.66,11.99,6567.13,546.63,12.01,6563.32,76,71.1,70.3,545.7,11.1,548.4,11,546.3,0,547.7,51.4,25.9,25.5,11.8,11.9,25.8,25.5,11.8,11.9,229.8,230.9,232.5,58.4,57.6,57.5,0,0,0,0,0,0,0,0,0,0,0,0,0,0,0,0,0,76,0,OK
11时12分51秒,46/79 静置,548.29,25.99,14250.65,549.77,25.79,14180.29,547.66,11.99,6567.13,546.63,12.01,6563.32,76,71.1,70.3,545.7,11.1,548.4,11,546.3,0,547.7,51.4,25.9,25.5,11.8,11.9,25.8,25.5,11.8,11.9,229.8,230.9,232.5,58.4,57.6,57.5,0,0,0,0,0,0,0,0,0,0,0,0,0,0,0,0,0,76,0,OK
11时12分56秒,46/79 静置,549.11,26.08,14320.82,543.76,26.07,14173.36,541.92,12.02,6516.28,549.65,11.92,6551.73,76,71.2,70.3,547,11,548.9,11,543.4,0,547.7,51.4,25.9,25.5,11.9,11.8,25.9,25.5,11.9,11.8,230.1,231.1,232.8,58.3,57.5,57.4,0,0,0,0,0,0,0,0,0,0,0,0,0,0,0,0,0,76,0,OK
11时13分01秒,46/79 静置,549.11,26.08,14320.82,543.76,26.07,14173.36,541.92,12.02,6516.28,549.65,11.92,6551.73,76,71.2,70.3,547,11,548.9,11,543.4,0,547.7,51.4,25.9,25.5,11.9,11.8,25.9,25.5,11.9,11.8,230.1,231.1,232.8,58.3,57.5,57.4,0,0,0,0,0,0,0,0,0,0,0,0,0,0,0,0,0,76,0,OK
11时13分06秒,46/79 静置,549.38,26.02,14295.76,547.31,26.04,14249.93,542.19,12.08,6549.22,547.45,12,6569.98,76,71.2,70.4,545.4,10.9,546.8,11.1,538.4,0,546.7,51.4,26,25.6,12,11.8,25.9,25.5,12,11.8,230.4,231.4,232.9,58.2,57.4,57.2,0,0,0,0,0,0,0,0,0,0,0,0,0,0,0,0,0,76,0,OK
11时13分11秒,46/79 静置,549.38,26.02,14295.76,547.31,26.04,14249.93,542.19,12.08,6549.22,547.45,12,6569.98,76,71.2,70.4,545.4,10.9,546.8,11.1,538.4,0,546.7,51.4,26,25.6,12,11.8,25.9,25.5,12,11.8,230.4,231.4,232.9,58.2,57.4,57.2,0,0,0,0,0,0,0,0,0,0,0,0,0,0,0,0,0,76,0,OK
11时13分16秒,46/79 静置,549.38,26.03,14300.05,550.87,25.69,14154.17,552.31,11.7,6460.51,549.65,11.98,6582.86,76,71.2,70.5,548.2,10.8,548,11,548.2,0,549.9,51.4,25.6,25.5,11.8,11.9,25.9,25.4,11.8,11.9,230.3,231.5,232.9,58.3,57.5,57.4,0,0,0,0,0,0,0,0,0,0,0,0,0,0,0,0,0,76,0,OK
11时13分21秒,46/79 静置,549.38,26.03,14300.05,550.87,25.69,14154.17,552.31,11.7,6460.51,549.65,11.98,6582.86,76,71.2,70.5,548.2,10.8,548,11,548.2,0,549.9,51.4,25.6,25.5,11.8,11.9,25.9,25.4,11.8,11.9,230.3,231.5,232.9,58.3,57.5,57.4,0,0,0,0,0,0,0,0,0,0,0,0,0,0,0,0,0,76,0,OK
11时13分26秒,46/79 静置,547.74,26.05,14268.5,548.68,25.94,14235.16,544.65,12.02,6548.62,551.01,11.57,6377.56,76,71.2,70.5,545.3,11,548.8,11,547.3,0,549,51.4,25.9,25.5,12,11.7,25.9,25.6,12,11.7,230.5,231.4,233,58,57.2,57,0,0,0,0,0,0,0,0,0,0,0,0,0,0,0,0,0,76,0,OK
11时13分32秒,46/79 静置,547.74,26.05,14268.5,548.68,25.94,14235.16,544.65,12.02,6548.62,551.01,11.57,6377.56,76,71.2,70.5,545.3,11,548.8,11,547.3,0,549,51.4,25.9,25.5,12,11.7,25.9,25.6,12,11.7,230.5,231.4,233,58,57.2,57,0,0,0,0,0,0,0,0,0,0,0,0,0,0,0,0,0,76,0,OK
11时13分37秒,46/79 静置,549.93,25.53,14038.81,546.49,26.07,14244.6,545.47,12.02,6559.01,548,11.99,6569.07,76,71.2,70.5,546.4,11.1,546.1,11,545.1,0,548.5,51.4,25.7,25.6,11.9,11.9,25.8,25.5,11.9,11.9,230.4,231.3,232.8,58.3,57.5,57.4,0,0,0,0,0,0,0,0,0,0,0,0,0,0,0,0,0,76,0,OK
11时13分42秒,46/79 静置,549.93,25.53,14038.81,546.49,26.07,14244.6,545.47,12.02,6559.01,548,11.99,6569.07,76,71.2,70.5,546.4,11.1,546.1,11,545.1,0,548.5,51.4,25.7,25.6,11.9,11.9,25.8,25.5,11.9,11.9,230.4,231.3,232.8,58.3,57.5,57.4,0,0,0,0,0,0,0,0,0,0,0,0,0,0,0,0,0,76,0,OK
11时13分47秒,46/79 静置,549.11,25.94,14246.28,547.59,26.07,14277.37,547.66,12.01,6578.9,544.17,12.04,6549.13,76,71.3,70.5,546.1,10.9,544.8,11.1,544.5,0,544.1,51.4,25.9,25.6,11.9,11.9,25.9,25.6,11.9,11.9,230.3,231.2,232.8,58.3,57.5,57.4,0,0,0,0,0,0,0,0,0,0,0,0,0,0,0,0,0,76,0,OK
11时13分52秒,46/79 静置,549.11,25.94,14246.28,547.59,26.07,14277.37,547.66,12.01,6578.9,544.17,12.04,6549.13,76,71.3,70.5,546.1,10.9,544.8,11.1,544.5,0,544.1,51.4,25.9,25.6,11.9,11.9,25.9,25.6,11.9,11.9,230.3,231.2,232.8,58.3,57.5,57.4,0,0,0,0,0,0,0,0,0,0,0,0,0,0,0,0,0,76,0,OK
11时13分58秒,46/79 静置,549.38,25.92,14242.64,550.05,25.95,14275.97,545.47,12.03,6559.55,549.92,11.98,6587.75,76,71.3,70.5,541.6,11.2,543.1,11.1,544.8,0,546.5,51.4,26.1,25.7,11.9,11.9,26,25.7,11.9,11.9,230.1,231.2,232.9,58.3,57.6,57.4,0,0,0,0,0,0,0,0,0,0,0,0,0,0,0,0,0,76,0,OK
11时14分03秒,46/79 静置,549.38,25.92,14242.64,550.05,25.95,14275.97,545.47,12.03,6559.55,549.92,11.98,6587.75,76,71.3,70.5,541.6,11.2,543.1,11.1,544.8,0,546.5,51.4,26.1,25.7,11.9,11.9,26,25.7,11.9,11.9,230.1,231.2,232.9,58.3,57.6,57.4,0,0,0,0,0,0,0,0,0,0,0,0,0,0,0,0,0,76,0,OK
11时14分08秒,46/79 静置,548.01,26,14248.33,544.58,26.07,14194.71,547.12,11.97,6548.29,548.82,11.98,6576.77,76,71.3,70.6,546.3,11,547.1,11.2,548.3,0,548.4,51.4,25.9,25.6,11.8,11.8,26,25.6,11.9,11.8,230,231.2,232.9,58.3,57.5,57.4,0,0,0,0,0,0,0,0,0,0,0,0,0,0,0,0,0,76,0,OK
11时14分13秒,46/79 静置,548.01,26,14248.33,544.58,26.07,14194.71,547.12,11.97,6548.29,548.82,11.98,6576.77,76,71.3,70.6,546.3,11,547.1,11.2,548.3,0,548.4,51.4,25.9,25.6,11.8,11.8,26,25.6,11.9,11.8,230,231.2,232.9,58.3,57.5,57.4,0,0,0,0,0,0,0,0,0,0,0,0,0,0,0,0,0,76,0,OK
11时14分18秒,46/79 静置,546.92,25.98,14211.3,542.94,26.16,14205,540.01,12.1,6534.4,547.45,12,6571.05,76,71.3,70.6,542.4,11,544.9,11.1,543.1,0,545.6,51.4,26,25.6,11.9,11.9,26,25.7,12,11.9,230.1,231.2,232.6,58.1,57.3,57.2,0,0,0,0,0,0,0,0,0,0,0,0,0,0,0,0,0,76,0,OK
11时14分23秒,46/79 静置,546.92,25.98,14211.3,542.94,26.16,14205,540.01,12.1,6534.4,547.45,12,6571.05,76,71.3,70.6,542.4,11,544.9,11.1,543.1,0,545.6,51.4,26,25.6,11.9,11.9,26,25.7,12,11.9,230.1,231.2,232.6,58.1,57.3,57.2,0,0,0,0,0,0,0,0,0,0,0,0,0,0,0,0,0,76,0,OK
11时14分28秒,46/79 静置,546.64,26.09,14260.75,549.77,25.83,14201.76,543.01,12.06,6549.58,546.91,12.02,6573.56,76,71.4,70.6,542.7,10.9,546.9,11.2,543.9,0,545.5,51.4,26,25.5,11.9,11.9,26,25.5,12,11.9,230.5,231.4,232.8,58.3,57.5,57.4,0,0,0,0,0,0,0,0,0,0,0,0,0,0,0,0,0,76,0,OK
11时14分33秒,46/79 静置,546.64,26.09,14260.75,549.77,25.83,14201.76,543.01,12.06,6549.58,546.91,12.02,6573.56,76,71.4,70.6,542.7,10.9,546.9,11.2,543.9,0,545.5,51.4,26,25.5,11.9,11.9,26,25.5,12,11.9,230.5,231.4,232.8,58.3,57.5,57.4,0,0,0,0,0,0,0,0,0,0,0,0,0,0,0,0,0,76,0,OK
11时14分38秒,46/79 静置,550.75,25.76,14186.73,547.86,26.04,14265.24,545.75,12.01,6553.77,546.91,12.02,6571.42,76,71.4,70.6,545.2,11.1,546.2,11.1,548,0,544.8,51.4,26,25.6,11.9,11.9,25.8,25.6,11.9,11.9,230,231.2,232.6,58.3,57.5,57.4,0,0,0,0,0,0,0,0,0,0,0,0,0,0,0,0,0,76,0,OK
11时14分43秒,46/79 静置,550.75,25.76,14186.73,547.86,26.04,14265.24,545.75,12.01,6553.77,546.91,12.02,6571.42,76,71.4,70.6,545.2,11.1,546.2,11.1,548,0,544.8,51.4,26,25.6,11.9,11.9,25.8,25.6,11.9,11.9,230,231.2,232.6,58.3,57.5,57.4,0,0,0,0,0,0,0,0,0,0,0,0,0,0,0,0,0,76,0,OK
11时14分48秒,46/79 静置,549.38,26.01,14287.71,549.5,25.79,14170.02,550.12,11.85,6517.66,549.65,12,6597.36,76,71.5,70.6,547.5,10.9,547.8,11,547.3,0,544.9,51.4,25.8,25.5,11.9,11.9,25.9,25.5,11.8,11.9,229.9,231,232.8,58.3,57.6,57.4,0,0,0,0,0,0,0,0,0,0,0,0,0,0,0,0,0,76,0,OK
11时14分53秒,46/79 静置,549.38,26.01,14287.71,549.5,25.79,14170.02,550.12,11.85,6517.66,549.65,12,6597.36,76,71.5,70.6,547.5,10.9,547.8,11,547.3,0,544.9,51.4,25.8,25.5,11.9,11.9,25.9,25.5,11.8,11.9,229.9,231,232.8,58.3,57.6,57.4,0,0,0,0,0,0,0,0,0,0,0,0,0,0,0,0,0,76,0,OK
11时14分58秒,46/79 静置,550.21,25.93,14264.5,549.5,25.92,14245.14,546.84,11.99,6555.16,546.36,12,6553.63,76,71.5,70.7,547.1,10.9,548.8,11.1,546.5,0,546.2,51.4,25.9,25.5,11.8,11.9,25.9,25.5,11.9,11.9,230.1,231.2,233,58.2,57.4,57.3,0,0,0,0,0,0,0,0,0,0,0,0,0,0,0,0,0,76,0,OK
11时15分03秒,46/79 静置,550.21,25.93,14264.5,549.5,25.92,14245.14,546.84,11.99,6555.16,546.36,12,6553.63,76,71.5,70.7,547.1,10.9,548.8,11.1,546.5,0,546.2,51.4,25.9,25.5,11.8,11.9,25.9,25.5,11.9,11.9,230.1,231.2,233,58.2,57.4,57.3,0,0,0,0,0,0,0,0,0,0,0,0,0,0,0,0,0,76,0,OK
11时15分08秒,46/79 静置,546.64,26.04,14231.92,548.13,26.02,14262.72,549.03,11.92,6546.53,550.19,11.94,6570.62,76,71.5,70.7,546.7,10.9,548.3,11.1,547.1,0,549.8,51.4,25.9,25.5,11.9,11.8,26,25.6,11.9,11.8,230,231.3,232.9,58.3,57.5,57.4,0,0,0,0,0,0,0,0,0,0,0,0,0,0,0,0,0,76,0,OK
11时15分13秒,46/79 静置,546.64,26.04,14231.92,548.13,26.02,14262.72,549.03,11.92,6546.53,550.19,11.94,6570.62,76,71.5,70.7,546.7,10.9,548.3,11.1,547.1,0,549.8,51.4,25.9,25.5,11.9,11.8,26,25.6,11.9,11.8,230,231.3,232.9,58.3,57.5,57.4,0,0,0,0,0,0,0,0,0,0,0,0,0,0,0,0,0,76,0,OK
11时15分18秒,46/79 静置,541.99,26.11,14150.9,549.77,25.9,14239.88,544.65,12,6538.51,546.63,12.01,6565.99,76,71.5,70.7,547.2,10.7,546.9,11.2,546.6,0,546.1,51.4,25.7,25.6,11.9,11.9,26,25.5,11.9,11.9,230,231.4,233,58.4,57.6,57.4,0,0,0,0,0,0,0,0,0,0,0,0,0,0,0,0,0,76,0,OK
11时15分23秒,46/79 静置,541.99,26.11,14150.9,549.77,25.9,14239.88,544.65,12,6538.51,546.63,12.01,6565.99,76,71.5,70.7,547.2,10.7,546.9,11.2,546.6,0,546.1,51.4,25.7,25.6,11.9,11.9,26,25.5,11.9,11.9,230,231.4,233,58.4,57.6,57.4,0,0,0,0,0,0,0,0,0,0,0,0,0,0,0,0,0,76,0,OK
11时15分28秒,46/79 静置,548.01,26.05,14277.23,548.41,25.97,14243.59,547.12,12.01,6570.19,548.82,11.92,6540.32,76,71.5,70.7,543.9,11.1,549,11,544.8,0,549.3,51.4,26,25.5,11.9,11.8,26,25.5,11.9,11.8,230.4,231.5,233.4,58.3,57.5,57.3,0,0,0,0,0,0,0,0,0,0,0,0,0,0,0,0,0,76,0,OK
11时15分33秒,46/79 静置,548.01,26.05,14277.23,548.41,25.97,14243.59,547.12,12.01,6570.19,548.82,11.92,6540.32,76,71.5,70.7,543.9,11.1,549,11,544.8,0,549.3,51.4,26,25.5,11.9,11.8,26,25.5,11.9,11.8,230.4,231.5,233.4,58.3,57.5,57.3,0,0,0,0,0,0,0,0,0,0,0,0,0,0,0,0,0,76,0,OK
11时15分38秒,46/79 静置,549.66,25.93,14255.12,547.31,25.99,14222.13,550.67,11.93,6569.31,548.55,12,6585.28,76,71.5,70.7,545.8,11,549.4,11.1,546.9,0,546.4,51.4,26,25.4,11.9,11.9,25.9,25.6,11.9,11.9,230.2,231.3,233,58.3,57.5,57.4,0,0,0,0,0,0,0,0,0,0,0,0,0,0,0,0,0,76,0,OK
11时15分43秒,46/79 静置,549.66,25.93,14255.12,547.31,25.99,14222.13,550.67,11.93,6569.31,548.55,12,6585.28,76,71.5,70.7,545.8,11,549.4,11.1,546.9,0,546.4,51.4,26,25.4,11.9,11.9,25.9,25.6,11.9,11.9,230.2,231.3,233,58.3,57.5,57.4,0,0,0,0,0,0,0,0,0,0,0,0,0,0,0,0,0,76,0,OK
11时15分48秒,46/79 静置,548.56,26,14262.57,544.58,26.05,14186.21,550.4,11.88,6540.78,549.1,11.98,6576.3,76,71.5,70.7,547.9,10.9,548.6,11.1,547.7,0,549.6,51.4,25.8,25.5,11.9,11.9,26,25.6,11.9,11.9,230.2,231.4,232.9,58.3,57.5,57.3,0,0,0,0,0,0,0,0,0,0,0,0,0,0,0,0,0,76,0,OK
11时15分53秒,46/79 静置,548.56,26,14262.57,544.58,26.05,14186.21,550.4,11.88,6540.78,549.1,11.98,6576.3,76,71.5,70.7,547.9,10.9,548.6,11.1,547.7,0,549.6,51.4,25.8,25.5,11.9,11.9,26,25.6,11.9,11.9,230.2,231.4,232.9,58.3,57.5,57.3,0,0,0,0,0,0,0,0,0,0,0,0,0,0,0,0,0,76,0,OK
11时15分58秒,46/79 静置,544.72,26.12,14225.61,544.31,26.13,14224.29,549.03,11.93,6548.14,545.26,12.02,6553.27,76,71.5,70.7,544,11,545.6,11,547.3,0,547.3,51.4,26,25.6,11.9,11.9,26,25.6,11.9,11.9,230.1,231.2,233,58,57.2,57.1,0,0,0,0,0,0,0,0,0,0,0,0,0,0,0,0,0,76,0,OK
11时16分03秒,46/79 静置,544.72,26.12,14225.61,544.31,26.13,14224.29,549.03,11.93,6548.14,545.26,12.02,6553.27,76,71.5,70.7,544,11,545.6,11,547.3,0,547.3,51.4,26,25.6,11.9,11.9,26,25.6,11.9,11.9,230.1,231.2,233,58,57.2,57.1,0,0,0,0,0,0,0,0,0,0,0,0,0,0,0,0,0,76,0,OK
11时16分08秒,46/79 静置,551.3,25.63,14131.93,550.32,25.79,14192.25,549.3,11.96,6572.32,550.19,11.93,6562.02,76,71.5,70.7,545.8,10.9,548.3,11,547.4,0,548.7,51.4,25.9,25.5,11.9,11.8,25.8,25.5,11.9,11.8,230.2,231.3,233,58.3,57.5,57.4,0,0,0,0,0,0,0,0,0,0,0,0,0,0,0,0,0,76,0,OK
11时16分13秒,46/79 静置,551.3,25.63,14131.93,550.32,25.79,14192.25,549.3,11.96,6572.32,550.19,11.93,6562.02,76,71.5,70.7,545.8,10.9,548.3,11,547.4,0,548.7,51.4,25.9,25.5,11.9,11.8,25.8,25.5,11.9,11.8,230.2,231.3,233,58.3,57.5,57.4,0,0,0,0,0,0,0,0,0,0,0,0,0,0,0,0,0,76,0,OK
11时16分18秒,46/79 静置,547.19,26.02,14236.59,546.77,26.01,14219.69,546.29,12.03,6569.41,542.8,12.04,6535.83,76,71.6,70.7,547.3,11,549.4,11.2,543.4,0,544.1,51.4,25.9,25.4,11.9,11.9,25.9,25.5,11.9,11.9,230,231.1,232.7,58.4,57.6,57.4,0,0,0,0,0,0,0,0,0,0,0,0,0,0,0,0,0,76,0,OK
11时16分23秒,46/79 静置,547.19,26.02,14236.59,546.77,26.01,14219.69,546.29,12.03,6569.41,542.8,12.04,6535.83,76,71.6,70.7,547.3,11,549.4,11.2,543.4,0,544.1,51.4,25.9,25.4,11.9,11.9,25.9,25.5,11.9,11.9,230,231.1,232.7,58.4,57.6,57.4,0,0,0,0,0,0,0,0,0,0,0,0,0,0,0,0,0,76,0,OK
11时16分28秒,46/79 静置,546.09,26.07,14237.39,550.32,25.88,14242.23,551.49,11.75,6477.31,549.37,11.98,6580.65,76,71.6,70.7,546.2,10.9,548.2,11,547.3,0,547.2,51.4,25.9,25.5,11.9,11.9,26,25.5,11.8,11.9,230.2,231.1,233.2,58.1,57.3,57.1,0,0,0,0,0,0,0,0,0,0,0,0,0,0,0,0,0,76,0,OK
11时16分33秒,46/79 静置,546.09,26.07,14237.39,550.32,25.88,14242.23,551.49,11.75,6477.31,549.37,11.98,6580.65,76,71.6,70.7,546.2,10.9,548.2,11,547.3,0,547.2,51.4,25.9,25.5,11.9,11.9,26,25.5,11.8,11.9,230.2,231.1,233.2,58.1,57.3,57.1,0,0,0,0,0,0,0,0,0,0,0,0,0,0,0,0,0,76,0,OK
11时16分38秒,46/79 静置,545.55,26.08,14228.97,549.23,25.97,14265.41,540.01,12.04,6503.29,543.89,12.02,6535.74,76,71.5,70.7,544.5,11,547.8,11,542.9,0,548.2,51.4,26,25.6,11.9,11.9,26,25.6,11.9,11.9,230.1,231,233.1,58.3,57.5,57.3,0,0,0,0,0,0,0,0,0,0,0,0,0,0,0,0,0,76,0,OK
11时16分43秒,46/79 静置,545.55,26.08,14228.97,549.23,25.97,14265.41,540.01,12.04,6503.29,543.89,12.02,6535.74,76,71.5,70.7,544.5,11,547.8,11,542.9,0,548.2,51.4,26,25.6,11.9,11.9,26,25.6,11.9,11.9,230.1,231,233.1,58.3,57.5,57.3,0,0,0,0,0,0,0,0,0,0,0,0,0,0,0,0,0,76,0,OK
11时16分48秒,46/79 静置,541.71,25.99,14080.78,547.86,25.95,14216.01,541.65,11.99,6493.42,541.15,11.99,6486.44,76,71.5,70.7,546.9,11,547.5,10.9,545.5,0,548.9,51.4,25.9,25.5,12,11.9,25.9,25.5,12,11.9,230.1,231.2,233.2,58.2,57.4,57.2,0,0,0,0,0,0,0,0,0,0,0,0,0,0,0,0,0,76,0,OK
11时16分53秒,46/79 静置,541.71,25.99,14080.78,547.86,25.95,14216.01,541.65,11.99,6493.42,541.15,11.99,6486.44,76,71.5,70.7,546.9,11,547.5,10.9,545.5,0,548.9,51.4,25.9,25.5,12,11.9,25.9,25.5,12,11.9,230.1,231.2,233.2,58.2,57.4,57.2,0,0,0,0,0,0,0,0,0,0,0,0,0,0,0,0,0,76,0,OK
11时16分58秒,46/79 静置,543.08,26.07,14157.76,541.85,26.13,14156.83,544.11,12.02,6538.85,549.1,11.94,6558.07,76,71.5,70.7,545.8,11.1,545.7,11,546.6,0,547.6,51.4,25.9,25.6,12,11.9,26,25.7,12,11.9,230,231.1,232.8,58.1,57.3,57.2,0,0,0,0,0,0,0,0,0,0,0,0,0,0,0,0,0,76,0,OK
11时17分03秒,46/79 静置,543.08,26.07,14157.76,541.85,26.13,14156.83,544.11,12.02,6538.85,549.1,11.94,6558.07,76,71.5,70.7,545.8,11.1,545.7,11,546.6,0,547.6,51.4,25.9,25.6,12,11.9,26,25.7,12,11.9,230,231.1,232.8,58.1,57.3,57.2,0,0,0,0,0,0,0,0,0,0,0,0,0,0,0,0,0,76,0,OK
11时17分08秒,46/79 静置,543.63,26.28,14284.06,545.95,26.21,14311.92,551.49,11.94,6585.02,542.25,12.1,6558.88,76,71.5,70.7,538.7,11.2,542,11.2,543.6,0,539.2,51.4,26.1,25.7,11.8,12,26.2,25.7,11.8,12,230.5,231.5,233,57.9,57.1,57,0,0,0,0,0,0,0,0,0,0,0,0,0,0,0,0,0,76,0,OK
11时17分13秒,46/79 静置,543.63,26.28,14284.06,545.95,26.21,14311.92,551.49,11.94,6585.02,542.25,12.1,6558.88,76,71.5,70.7,538.7,11.2,542,11.2,543.6,0,539.2,51.4,26.1,25.7,11.8,12,26.2,25.7,11.8,12,230.5,231.5,233,57.9,57.1,57,0,0,0,0,0,0,0,0,0,0,0,0,0,0,0,0,0,76,0,OK
11时17分18秒,46/79 静置,548.29,25.96,14233.51,548.13,25.9,14197.95,546.29,12.01,6560.87,546.63,12,6560.12,76,71.6,70.7,544.6,10.9,546.6,11.1,543.1,0,547.2,51.4,26,25.6,11.9,11.9,26,25.5,11.9,11.9,230.5,231.4,233.1,58.2,57.4,57.3,0,0,0,0,0,0,0,0,0,0,0,0,0,0,0,0,0,76,0,OK
11时17分23秒,46/79 静置,548.29,25.96,14233.51,548.13,25.9,14197.95,546.29,12.01,6560.87,546.63,12,6560.12,76,71.6,70.7,544.6,10.9,546.6,11.1,543.1,0,547.2,51.4,26,25.6,11.9,11.9,26,25.5,11.9,11.9,230.5,231.4,233.1,58.2,57.4,57.3,0,0,0,0,0,0,0,0,0,0,0,0,0,0,0,0,0,76,0,OK
11时17分28秒,46/79 静置,547.46,25.96,14212.7,547.59,25.99,14231.38,544.65,12.08,6579.47,546.91,11.98,6551.12,76,71.6,70.6,546.1,10.9,547.1,11,540.3,0,548.5,51.4,26,25.6,12,11.9,25.9,25.5,12,11.9,230.3,231.1,232.9,58.3,57.5,57.4,0,0,0,0,0,0,0,0,0,0,0,0,0,0,0,0,0,76,0,OK
11时17分33秒,46/79 静置,547.46,25.96,14212.7,547.59,25.99,14231.38,544.65,12.08,6579.47,546.91,11.98,6551.12,76,71.6,70.6,546.1,10.9,547.1,11,540.3,0,548.5,51.4,26,25.6,12,11.9,25.9,25.5,12,11.9,230.3,231.1,232.9,58.3,57.5,57.4,0,0,0,0,0,0,0,0,0,0,0,0,0,0,0,0,0,76,0,OK
11时17分38秒,46/79 静置,548.29,25.96,14232.98,548.68,26,14268.38,550.12,11.98,6591.79,547.45,12.04,6590.83,76,71.6,70.6,546.6,11.1,548,11,546.2,0,540.8,51.4,25.9,25.5,11.8,11.9,25.9,25.5,11.8,11.9,230.1,231.3,232.9,57.8,57.1,56.9,0,0,0,0,0,0,0,0,0,0,0,0,0,0,0,0,0,76,0,OK
11时17分43秒,46/79 静置,548.29,25.96,14232.98,548.68,26,14268.38,550.12,11.98,6591.79,547.45,12.04,6590.83,76,71.6,70.6,546.6,11.1,548,11,546.2,0,540.8,51.4,25.9,25.5,11.8,11.9,25.9,25.5,11.8,11.9,230.1,231.3,232.9,57.8,57.1,56.9,0,0,0,0,0,0,0,0,0,0,0,0,0,0,0,0,0,76,0,OK
11时17分48秒,46/79 静置,545.82,26.03,14207.34,545.13,26.02,14186.08,547.66,12,6574.08,546.36,12.02,6566.44,76,71.6,70.6,547.4,10.8,548.7,11.1,544.5,0,547.1,51.4,25.8,25.5,11.9,11.9,26,25.6,11.9,11.9,230.2,231.3,233.1,58.3,57.4,57.3,0,0,0,0,0,0,0,0,0,0,0,0,0,0,0,0,0,76,0,OK
11时17分53秒,46/79 静置,545.82,26.03,14207.34,545.13,26.02,14186.08,547.66,12,6574.08,546.36,12.02,6566.44,76,71.6,70.6,547.4,10.8,548.7,11.1,544.5,0,547.1,51.4,25.8,25.5,11.9,11.9,26,25.6,11.9,11.9,230.2,231.3,233.1,58.3,57.4,57.3,0,0,0,0,0,0,0,0,0,0,0,0,0,0,0,0,0,76,0,OK
11时17分58秒,46/79 静置,546.37,26.09,14257.35,546.22,26.16,14290.82,547.66,12.01,6579.43,540.06,12.1,6533.43,76,71.6,70.6,543.8,11,539.9,11.2,541.5,0,540,51.4,26,25.8,12,11.9,26,25.7,12,11.9,230.4,231.4,232.9,58,57.3,57.1,0,0,0,0,0,0,0,0,0,0,0,0,0,0,0,0,0,76,0,OK
11时18分03秒,46/79 静置,546.37,26.09,14257.35,546.22,26.16,14290.82,547.66,12.01,6579.43,540.06,12.1,6533.43,76,71.6,70.6,543.8,11,539.9,11.2,541.5,0,540,51.4,26,25.8,12,11.9,26,25.7,12,11.9,230.4,231.4,232.9,58,57.3,57.1,0,0,0,0,0,0,0,0,0,0,0,0,0,0,0,0,0,76,0,OK
11时18分08秒,46/79 静置,547.46,25.99,14228.74,547.86,25.94,14211.2,550.4,11.93,6566.58,546.36,12,6555.77,76,71.6,70.7,547.5,10.8,549.5,10.8,547.1,0,544.6,51.4,25.8,25.6,11.8,11.9,26,25.6,11.8,11.9,230.2,231.2,232.8,58.2,57.4,57.2,0,0,0,0,0,0,0,0,0,0,0,0,0,0,0,0,0,76,0,OK
11时18分13秒,46/79 静置,547.46,25.99,14228.74,547.86,25.94,14211.2,550.4,11.93,6566.58,546.36,12,6555.77,76,71.6,70.7,547.5,10.8,549.5,10.8,547.1,0,544.6,51.4,25.8,25.6,11.8,11.9,26,25.6,11.8,11.9,230.2,231.2,232.8,58.2,57.4,57.2,0,0,0,0,0,0,0,0,0,0,0,0,0,0,0,0,0,76,0,OK
11时18分18秒,46/79 静置,547.74,26.02,14251.38,549.23,25.8,14171.01,550.67,11.72,6452.08,549.1,11.98,6576.84,76,71.6,70.7,546.5,11,549.4,10.9,549.4,0,548.6,51.4,25.9,25.3,11.8,11.8,26,25.5,11.8,11.8,230.2,231.2,232.9,58.3,57.5,57.3,0,0,0,0,0,0,0,0,0,0,0,0,0,0,0,0,0,76,0,OK
11时18分23秒,46/79 静置,547.74,26.02,14251.38,549.23,25.8,14171.01,550.67,11.72,6452.08,549.1,11.98,6576.84,76,71.6,70.7,546.5,11,549.4,10.9,549.4,0,548.6,51.4,25.9,25.3,11.8,11.8,26,25.5,11.8,11.8,230.2,231.2,232.9,58.3,57.5,57.3,0,0,0,0,0,0,0,0,0,0,0,0,0,0,0,0,0,76,0,OK
11时18分28秒,46/79 静置,544.18,26.1,14202.8,547.31,26.06,14263.82,545.2,12.04,6562.11,530.2,12.17,6454.52,76,71.6,70.7,543.7,11,545.6,11.2,545,0,535.7,51.4,26,25.6,11.9,12,26,25.6,11.9,12,230.2,231.3,233,58.2,57.4,57.3,0,0,0,0,0,0,0,0,0,0,0,0,0,0,0,0,0,76,0,OK
11时18分33秒,46/79 静置,544.18,26.1,14202.8,547.31,26.06,14263.82,545.2,12.04,6562.11,530.2,12.17,6454.52,76,71.6,70.7,543.7,11,545.6,11.2,545,0,535.7,51.4,26,25.6,11.9,12,26,25.6,11.9,12,230.2,231.3,233,58.2,57.4,57.3,0,0,0,0,0,0,0,0,0,0,0,0,0,0,0,0,0,76,0,OK
11时18分38秒,46/79 静置,549.38,25.96,14261.42,547.86,26.02,14255.07,547.12,11.99,6558.44,549.65,11.96,6575.35,76,71.5,70.7,546.7,11.1,547.6,11,548.3,0,549.6,51.4,25.9,25.5,11.9,11.9,25.9,25.6,11.9,11.9,230.3,231.3,233,58.1,57.3,57.1,0,0,0,0,0,0,0,0,0,0,0,0,0,0,0,0,0,76,0,OK
11时18分43秒,46/79 静置,549.38,25.96,14261.42,547.86,26.02,14255.07,547.12,11.99,6558.44,549.65,11.96,6575.35,76,71.5,70.7,546.7,11.1,547.6,11,548.3,0,549.6,51.4,25.9,25.5,11.9,11.9,25.9,25.6,11.9,11.9,230.3,231.3,233,58.1,57.3,57.1,0,0,0,0,0,0,0,0,0,0,0,0,0,0,0,0,0,76,0,OK
11时18分48秒,46/79 静置,550.21,25.89,14242.47,548.13,25.97,14234.35,548.48,11.96,6561.44,549.1,11.97,6572.01,76,71.5,70.7,546.5,10.9,547.4,11.1,547.8,0,548.4,51.4,25.9,25.6,11.9,11.9,25.8,25.5,11.9,11.9,230.2,231.3,232.8,58.2,57.4,57.3,0,0,0,0,0,0,0,0,0,0,0,0,0,0,0,0,0,76,0,OK
11时18分53秒,46/79 静置,550.21,25.89,14242.47,548.13,25.97,14234.35,548.48,11.96,6561.44,549.1,11.97,6572.01,76,71.5,70.7,546.5,10.9,547.4,11.1,547.8,0,548.4,51.4,25.9,25.6,11.9,11.9,25.8,25.5,11.9,11.9,230.2,231.3,232.8,58.2,57.4,57.3,0,0,0,0,0,0,0,0,0,0,0,0,0,0,0,0,0,76,0,OK
11时18分58秒,46/79 静置,550.48,25.84,14226.43,546.77,26.06,14251.2,550.12,11.95,6574.07,546.36,12.02,6565.37,76,71.5,70.7,546.1,11.1,543.5,11.1,544.8,0,545.1,51.4,25.9,25.7,11.8,11.8,25.8,25.5,11.8,11.8,230.2,231.2,233,57.4,56.7,56.5,0,0,0,0,0,0,0,0,0,0,0,0,0,0,0,0,0,76,0,OK
11时19分03秒,46/79 静置,550.48,25.84,14226.43,546.77,26.06,14251.2,550.12,11.95,6574.07,546.36,12.02,6565.37,76,71.5,70.7,546.1,11.1,543.5,11.1,544.8,0,545.1,51.4,25.9,25.7,11.8,11.8,25.8,25.5,11.8,11.8,230.2,231.2,233,57.4,56.7,56.5,0,0,0,0,0,0,0,0,0,0,0,0,0,0,0,0,0,76,0,OK
11时19分08秒,46/79 静置,549.93,25.88,14233.21,546.22,26.02,14211.34,545.2,12.04,6562.11,549.92,11.95,6573.25,76,71.5,70.7,546.7,11.1,548.8,10.9,545.5,0,549.3,51.4,25.9,25.5,11.9,11.8,25.9,25.6,11.9,11.8,230.2,231.3,232.7,58.1,57.3,57.1,0,0,0,0,0,0,0,0,0,0,0,0,0,0,0,0,0,76,0,OK
11时19分13秒,46/79 静置,549.93,25.88,14233.21,546.22,26.02,14211.34,545.2,12.04,6562.11,549.92,11.95,6573.25,76,71.5,70.7,546.7,11.1,548.8,10.9,545.5,0,549.3,51.4,25.9,25.5,11.9,11.8,25.9,25.6,11.9,11.8,230.2,231.3,232.7,58.1,57.3,57.1,0,0,0,0,0,0,0,0,0,0,0,0,0,0,0,0,0,76,0,OK
11时19分18秒,46/79 静置,547.74,25.98,14232.13,547.59,25.95,14212.13,549.3,11.91,6541.21,547.73,11.98,6562.57,76,71.5,70.7,544.8,10.9,548.4,11.1,546.9,0,547.3,51.4,26,25.5,11.8,11.9,25.9,25.5,11.8,11.9,230.2,231.2,232.8,58.1,57.4,57.2,0,0,0,0,0,0,0,0,0,0,0,0,0,0,0,0,0,76,0,OK
11时19分23秒,46/79 静置,547.74,25.98,14232.13,547.59,25.95,14212.13,549.3,11.91,6541.21,547.73,11.98,6562.57,76,71.5,70.7,544.8,10.9,548.4,11.1,546.9,0,547.3,51.4,26,25.5,11.8,11.9,25.9,25.5,11.8,11.9,230.2,231.2,232.8,58.1,57.4,57.2,0,0,0,0,0,0,0,0,0,0,0,0,0,0,0,0,0,76,0,OK
11时19分28秒,46/79 静置,546.92,25.93,14182.46,545.67,26.01,14192.85,547.12,11.94,6532.26,549.1,12,6591.32,76,71.5,70.7,545.7,10.9,543.9,11,545.7,0,546.3,51.4,26,25.7,11.9,11.9,25.9,25.6,11.9,11.9,230.1,231.2,233,58.3,57.5,57.3,0,0,0,0,0,0,0,0,0,0,0,0,0,0,0,0,0,76,0,OK
11时19分33秒,46/79 静置,546.92,25.93,14182.46,545.67,26.01,14192.85,547.12,11.94,6532.26,549.1,12,6591.32,76,71.5,70.7,545.7,10.9,543.9,11,545.7,0,546.3,51.4,26,25.7,11.9,11.9,25.9,25.6,11.9,11.9,230.1,231.2,233,58.3,57.5,57.3,0,0,0,0,0,0,0,0,0,0,0,0,0,0,0,0,0,76,0,OK
11时19分38秒,46/79 静置,548.01,26.01,14255.29,545.95,26.04,14214.89,551.22,11.96,6593.6,551.29,11.99,6610.08,76,71.5,70.6,547.7,10.9,548.3,10.9,545.2,0,545.9,51.4,25.9,25.5,11.9,11.9,26,25.6,11.9,11.9,230.3,231.3,233.1,58.3,57.5,57.3,0,0,0,0,0,0,0,0,0,0,0,0,0,0,0,0,0,76,0,OK
11时19分43秒,46/79 静置,548.01,26.01,14255.29,545.95,26.04,14214.89,551.22,11.96,6593.6,551.29,11.99,6610.08,76,71.5,70.6,547.7,10.9,548.3,10.9,545.2,0,545.9,51.4,25.9,25.5,11.9,11.9,26,25.6,11.9,11.9,230.3,231.3,233.1,58.3,57.5,57.3,0,0,0,0,0,0,0,0,0,0,0,0,0,0,0,0,0,76,0,OK
11时19分48秒,46/79 静置,547.46,26.02,14245.31,548.95,25.95,14244.39,551.49,11.54,6363.67,549.65,11.87,6526.5,76,71.5,70.7,545.5,10.9,548.4,11.2,547.5,0,547.3,51.4,26,25.5,11.9,11.8,26,25.5,11.6,11.8,230.3,231.2,232.7,58.3,57.5,57.4,0,0,0,0,0,0,0,0,0,0,0,0,0,0,0,0,0,76,0,OK
11时19分53秒,46/79 静置,547.46,26.02,14245.31,548.95,25.95,14244.39,551.49,11.54,6363.67,549.65,11.87,6526.5,76,71.5,70.7,545.5,10.9,548.4,11.2,547.5,0,547.3,51.4,26,25.5,11.9,11.8,26,25.5,11.6,11.8,230.3,231.2,232.7,58.3,57.5,57.4,0,0,0,0,0,0,0,0,0,0,0,0,0,0,0,0,0,76,0,OK
11时19分58秒,46/79 静置,547.19,25.97,14208.81,545.4,26.09,14229.41,542.47,12.05,6535.04,546.36,12.02,6569.11,76,71.5,70.7,544.8,10.9,543.8,11,546.1,0,546.4,51.4,26,25.7,11.9,11.9,25.8,25.6,11.9,11.9,230.4,231.2,232.9,58.1,57.3,57.2,0,0,0,0,0,0,0,0,0,0,0,0,0,0,0,0,0,76,0,OK
11时20分03秒,46/79 静置,547.19,25.97,14208.81,545.4,26.09,14229.41,542.47,12.05,6535.04,546.36,12.02,6569.11,76,71.5,70.7,544.8,10.9,543.8,11,546.1,0,546.4,51.4,26,25.7,11.9,11.9,25.8,25.6,11.9,11.9,230.4,231.2,232.9,58.1,57.3,57.2,0,0,0,0,0,0,0,0,0,0,0,0,0,0,0,0,0,76,0,OK
11时20分08秒,46/79 静置,549.11,25.92,14231.26,547.86,26.03,14260.42,547.39,12,6568.13,548.82,11.94,6554.79,76,71.5,70.7,548.8,10.8,546.9,10.9,547.7,0,549.9,51.4,25.5,25.6,11.9,11.7,25.5,25.4,11.9,11.8,230.1,231.2,233,57.9,57,56.9,0,0,0,0,0,0,0,0,0,0,0,0,0,0,0,0,0,76,0,OK
11时20分13秒,46/79 静置,549.11,25.92,14231.26,547.86,26.03,14260.42,547.39,12,6568.13,548.82,11.94,6554.79,76,71.5,70.7,548.8,10.8,546.9,10.9,547.7,0,549.9,51.4,25.5,25.6,11.9,11.7,25.5,25.4,11.9,11.8,230.1,231.2,233,57.9,57,56.9,0,0,0,0,0,0,0,0,0,0,0,0,0,0,0,0,0,76,0,OK
11时20分18秒,46/79 静置,548.01,26,14245.65,550.05,25.64,14102.47,547.94,11.92,6530.28,546.08,11.99,6545.54,76,71.5,70.7,545.8,10.9,548,11.1,547.2,0,547.2,51.4,25.9,25.5,11.9,11.8,25.9,25.4,11.9,11.8,230.1,231.2,233,58.1,57.4,57.2,0,0,0,0,0,0,0,0,0,0,0,0,0,0,0,0,0,76,0,OK
11时20分23秒,46/79 静置,548.01,26,14245.65,550.05,25.64,14102.47,547.94,11.92,6530.28,546.08,11.99,6545.54,76,71.5,70.7,545.8,10.9,548,11.1,547.2,0,547.2,51.4,25.9,25.5,11.9,11.8,25.9,25.4,11.9,11.8,230.1,231.2,233,58.1,57.4,57.2,0,0,0,0,0,0,0,0,0,0,0,0,0,0,0,0,0,76,0,OK
11时20分28秒,46/79 静置,547.19,26.02,14236.59,549.77,25.77,14165.26,549.85,11.99,6592.81,549.92,11.94,6567.34,76,71.5,70.7,546.7,11,548.6,10.9,545.8,0,547.3,51.4,25.9,25.5,11.9,11.9,25.9,25.5,11.9,11.9,230,231.4,233.1,58.2,57.4,57.2,0,0,0,0,0,0,0,0,0,0,0,0,0,0,0,0,0,76,0,OK
11时20分34秒,46/79 静置,547.19,26.02,14236.59,549.77,25.77,14165.26,549.85,11.99,6592.81,549.92,11.94,6567.34,76,71.5,70.7,546.7,11,548.6,10.9,545.8,0,547.3,51.4,25.9,25.5,11.9,11.9,25.9,25.5,11.9,11.9,230,231.4,233.1,58.2,57.4,57.2,0,0,0,0,0,0,0,0,0,0,0,0,0,0,0,0,0,76,0,OK
11时20分39秒,46/79 静置,550.21,25.88,14241.93,548.95,25.87,14204.19,547.12,11.99,6560.57,550.19,11.85,6521.19,76,71.5,70.7,547.1,11,548.8,10.9,548,0,548.6,51.4,25.8,25.5,11.9,11.8,25.8,25.5,11.9,11.8,230.2,231.1,233.1,58.2,57.4,57.2,0,0,0,0,0,0,0,0,0,0,0,0,0,0,0,0,0,76,0,OK
11时20分44秒,46/79 静置,550.21,25.88,14241.93,548.95,25.87,14204.19,547.12,11.99,6560.57,550.19,11.85,6521.19,76,71.5,70.7,547.1,11,548.8,10.9,548,0,548.6,51.4,25.8,25.5,11.9,11.8,25.8,25.5,11.9,11.8,230.2,231.1,233.1,58.2,57.4,57.2,0,0,0,0,0,0,0,0,0,0,0,0,0,0,0,0,0,76,0,OK
11时20分49秒,46/79 静置,542.53,26.13,14176.33,548.68,26,14268.38,548.76,11.98,6576.5,549.1,11.98,6576.3,76,71.4,70.7,543.9,11.1,547,11.2,546.3,0,546.6,51.4,26,25.6,11.9,11.8,26,25.5,11.9,11.8,230.2,231.2,233.1,58.2,57.4,57.3,0,0,0,0,0,0,0,0,0,0,0,0,0,0,0,0,0,76,0,OK
11时20分54秒,46/79 静置,542.53,26.13,14176.33,548.68,26,14268.38,548.76,11.98,6576.5,549.1,11.98,6576.3,76,71.4,70.7,543.9,11.1,547,11.2,546.3,0,546.6,51.4,26,25.6,11.9,11.8,26,25.5,11.9,11.8,230.2,231.2,233.1,58.2,57.4,57.3,0,0,0,0,0,0,0,0,0,0,0,0,0,0,0,0,0,76,0,OK
11时20分59秒,46/79 静置,547.74,25.98,14231.06,547.31,26,14232.82,547.39,11.97,6551.02,546.91,12,6561.81,77,71.4,70.7,547,10.9,546.7,10.9,546.8,0,548.2,51.4,25.9,25.6,11.9,11.9,25.9,25.6,11.9,11.9,230.2,231.2,233,58.4,57.5,57.4,0,0,0,0,0,0,0,0,0,0,0,0,0,0,0,0,0,77,0,OK
11时21分04秒,46/79 静置,547.74,25.98,14231.06,547.31,26,14232.82,547.39,11.97,6551.02,546.91,12,6561.81,77,71.4,70.7,547,10.9,546.7,10.9,546.8,0,548.2,51.4,25.9,25.6,11.9,11.9,25.9,25.6,11.9,11.9,230.2,231.2,233,58.4,57.5,57.4,0,0,0,0,0,0,0,0,0,0,0,0,0,0,0,0,0,77,0,OK
11时21分09秒,46/79 静置,546.92,26.03,14235.33,549.5,25.89,14229.04,547.12,12.01,6570.19,547.18,11.98,6557.07,77,71.4,70.8,545.8,11,547.2,11.1,543.5,0,547,51.4,25.9,25.6,11.9,11.9,25.8,25.4,11.9,11.9,230.2,231.1,232.9,58.2,57.4,57.3,0,0,0,0,0,0,0,0,0,0,0,0,0,0,0,0,0,77,0,OK
11时21分14秒,46/79 静置,546.92,26.03,14235.33,549.5,25.89,14229.04,547.12,12.01,6570.19,547.18,11.98,6557.07,77,71.4,70.8,545.8,11,547.2,11.1,543.5,0,547,51.4,25.9,25.6,11.9,11.9,25.8,25.4,11.9,11.9,230.2,231.1,232.9,58.2,57.4,57.3,0,0,0,0,0,0,0,0,0,0,0,0,0,0,0,0,0,77,0,OK
11时21分19秒,46/79 静置,549.38,26.05,14311.32,548.41,26.1,14314.29,543.83,12.04,6547.26,543.62,12.03,6542.01,77,71.4,70.8,546.8,11,543.6,11.1,542.4,0,544.9,51.4,25.9,25.7,12,11.9,26,25.6,12,11.9,230.4,231.3,232.9,58.3,57.5,57.3,0,0,0,0,0,0,0,0,0,0,0,0,0,0,0,0,0,77,0,OK
11时21分24秒,46/79 静置,549.38,26.05,14311.32,548.41,26.1,14314.29,543.83,12.04,6547.26,543.62,12.03,6542.01,77,71.4,70.8,546.8,11,543.6,11.1,542.4,0,544.9,51.4,25.9,25.7,12,11.9,26,25.6,12,11.9,230.4,231.3,232.9,58.3,57.5,57.3,0,0,0,0,0,0,0,0,0,0,0,0,0,0,0,0,0,77,0,OK
11时21分29秒,46/79 静置,546.64,25.97,14194.02,545.95,25.9,14139.71,541.1,11.99,6486.34,545.81,11.97,6534.27,77,71.4,70.8,547.8,11.1,548.3,11,548.8,0,548.3,51.4,25.7,25.5,11.9,11.9,25.9,25.4,11.9,11.9,230.3,231.2,232.9,58.3,57.5,57.3,0,0,0,0,0,0,0,0,0,0,0,0,0,0,0,0,0,77,0,OK
11时21分34秒,46/79 静置,546.64,25.97,14194.02,545.95,25.9,14139.71,541.1,11.99,6486.34,545.81,11.97,6534.27,77,71.4,70.8,547.8,11.1,548.3,11,548.8,0,548.3,51.4,25.7,25.5,11.9,11.9,25.9,25.4,11.9,11.9,230.3,231.2,232.9,58.3,57.5,57.3,0,0,0,0,0,0,0,0,0,0,0,0,0,0,0,0,0,77,0,OK
11时21分39秒,46/79 静置,548.83,25.97,14255.24,546.77,26,14213.82,544.11,11.98,6516.54,542.25,11.97,6488.98,77,71.4,70.8,546.8,10.9,549.4,11.2,548.4,0,549.2,51.4,25.9,25.4,11.8,11.8,25.9,25.5,11.8,11.8,230.3,231.1,232.8,58.3,57.5,57.4,0,0,0,0,0,0,0,0,0,0,0,0,0,0,0,0,0,77,0,OK
11时21分44秒,46/79 静置,548.83,25.97,14255.24,546.77,26,14213.82,544.11,11.98,6516.54,542.25,11.97,6488.98,77,71.4,70.8,546.8,10.9,549.4,11.2,548.4,0,549.2,51.4,25.9,25.4,11.8,11.8,25.9,25.5,11.8,11.8,230.3,231.1,232.8,58.3,57.5,57.4,0,0,0,0,0,0,0,0,0,0,0,0,0,0,0,0,0,77,0,OK
11时21分49秒,46/79 静置,551.03,25.95,14296.58,551.41,25.94,14301.76,547.94,11.96,6555.43,547.18,11.97,6549.06,77,71.4,70.8,546.3,11,547.7,10.9,546.7,0,549.4,51.4,26,25.6,11.9,11.9,25.9,25.5,11.9,11.9,230.6,231.3,233,58.2,57.4,57.3,0,0,0,0,0,0,0,0,0,0,0,0,0,0,0,0,0,77,0,OK
11时21分54秒,46/79 静置,551.03,25.95,14296.58,551.41,25.94,14301.76,547.94,11.96,6555.43,547.18,11.97,6549.06,77,71.4,70.8,546.3,11,547.7,10.9,546.7,0,549.4,51.4,26,25.6,11.9,11.9,25.9,25.5,11.9,11.9,230.6,231.3,233,58.2,57.4,57.3,0,0,0,0,0,0,0,0,0,0,0,0,0,0,0,0,0,77,0,OK
11时21分59秒,46/79 静置,548.56,25.98,14251.86,549.77,25.76,14163.65,545.2,11.98,6530.17,548,12,6574.42,77,71.4,70.8,547.8,10.9,549.2,11,547.6,0,547.2,51.4,25.8,25.3,11.9,11.9,25.9,25.4,11.9,11.9,230.3,231.3,232.8,58.2,57.4,57.3,0,0,0,0,0,0,0,0,0,0,0,0,0,0,0,0,0,77,0,OK
11时22分04秒,46/79 静置,548.56,25.98,14251.86,549.77,25.76,14163.65,545.2,11.98,6530.17,548,12,6574.42,77,71.4,70.8,547.8,10.9,549.2,11,547.6,0,547.2,51.4,25.8,25.3,11.9,11.9,25.9,25.4,11.9,11.9,230.3,231.3,232.8,58.2,57.4,57.3,0,0,0,0,0,0,0,0,0,0,0,0,0,0,0,0,0,77,0,OK
11时22分09秒,46/79 静置,549.38,25.78,14164.85,549.77,25.98,14281.22,547.66,11.97,6555.9,547.73,11.97,6558.29,77,71.5,70.8,548.5,10.8,548.6,11,548.8,0,549,51.4,25.5,25.5,11.9,11.8,25.9,25.5,11.9,11.8,230.4,231.3,233,58.3,57.5,57.3,0,0,0,0,0,0,0,0,0,0,0,0,0,0,0,0,0,77,0,OK
11时22分14秒,46/79 静置,549.38,25.78,14164.85,549.77,25.98,14281.22,547.66,11.97,6555.9,547.73,11.97,6558.29,77,71.5,70.8,548.5,10.8,548.6,11,548.8,0,549,51.4,25.5,25.5,11.9,11.8,25.9,25.5,11.9,11.8,230.4,231.3,233,58.3,57.5,57.3,0,0,0,0,0,0,0,0,0,0,0,0,0,0,0,0,0,77,0,OK
11时22分19秒,46/79 静置,547.19,26.03,14243.54,549.23,26.01,14287.94,549.58,11.8,6484.35,544.99,12.01,6543.05,77,71.5,70.8,546.3,11,548.4,11.2,548.4,0,548.1,51.4,26,25.5,11.8,11.9,26,25.5,11.8,11.9,230.6,231.5,233.1,58.3,57.5,57.3,0,0,0,0,0,0,0,0,0,0,0,0,0,0,0,0,0,77,0,OK
11时22分24秒,46/79 静置,547.19,26.03,14243.54,549.23,26.01,14287.94,549.58,11.8,6484.35,544.99,12.01,6543.05,77,71.5,70.8,546.3,11,548.4,11.2,548.4,0,548.1,51.4,26,25.5,11.8,11.9,26,25.5,11.8,11.9,230.6,231.5,233.1,58.3,57.5,57.3,0,0,0,0,0,0,0,0,0,0,0,0,0,0,0,0,0,77,0,OK
11时22分29秒,46/79 静置,545.55,26,14184.22,547.86,25.91,14193.54,540.83,12.07,6529.54,547.18,12.01,6569.36,77,71.5,70.9,547.2,11,548.1,11.1,538.6,0,545.8,51.4,25.8,25.5,12,11.9,26,25.5,12,11.9,230.5,231.3,232.9,58.3,57.5,57.3,0,0,0,0,0,0,0,0,0,0,0,0,0,0,0,0,0,77,0,OK
11时22分34秒,46/79 静置,545.55,26,14184.22,547.86,25.91,14193.54,540.83,12.07,6529.54,547.18,12.01,6569.36,77,71.5,70.9,547.2,11,548.1,11.1,538.6,0,545.8,51.4,25.8,25.5,12,11.9,26,25.5,12,11.9,230.5,231.3,232.9,58.3,57.5,57.3,0,0,0,0,0,0,0,0,0,0,0,0,0,0,0,0,0,77,0,OK
11时22分39秒,46/79 静置,545.27,26.08,14218.64,546.77,26.02,14228.24,551.22,11.8,6504.24,550.47,11.83,6514.75,77,71.5,70.9,545.2,10.8,548.1,11,547.4,0,547.3,51.4,26,25.6,11.7,11.8,25.9,25.6,11.7,11.8,230.4,231.3,233,58.3,57.5,57.4,0,0,0,0,0,0,0,0,0,0,0,0,0,0,0,0,0,77,0,OK
11时22分44秒,46/79 静置,545.27,26.08,14218.64,546.77,26.02,14228.24,551.22,11.8,6504.24,550.47,11.83,6514.75,77,71.5,70.9,545.2,10.8,548.1,11,547.4,0,547.3,51.4,26,25.6,11.7,11.8,25.9,25.6,11.7,11.8,230.4,231.3,233,58.3,57.5,57.4,0,0,0,0,0,0,0,0,0,0,0,0,0,0,0,0,0,77,0,OK
11时22分49秒,46/79 静置,543.08,26.11,14177.92,545.13,26.07,14208.97,548.48,11.98,6573.22,544.71,12.05,6562.11,77,71.5,70.9,541.8,11,545.4,11.2,547.4,0,542.4,51.4,26.1,25.6,11.9,11.9,26,25.6,11.9,11.9,230.4,231.2,233,58.3,57.5,57.3,0,0,0,0,0,0,0,0,0,0,0,0,0,0,0,0,0,77,0,OK
11时22分54秒,46/79 静置,543.08,26.11,14177.92,545.13,26.07,14208.97,548.48,11.98,6573.22,544.71,12.05,6562.11,77,71.5,70.9,541.8,11,545.4,11.2,547.4,0,542.4,51.4,26.1,25.6,11.9,11.9,26,25.6,11.9,11.9,230.4,231.2,233,58.3,57.5,57.3,0,0,0,0,0,0,0,0,0,0,0,0,0,0,0,0,0,77,0,OK
11时22分59秒,46/79 静置,547.46,26.03,14249.59,543.49,26.07,14167.29,545.47,12.05,6570.73,546.63,12.02,6569.72,77,71.5,70.9,546.2,11,545.7,11.2,545.9,0,545.5,51.4,25.9,25.6,12,11.9,26,25.6,12,11.9,230.2,231.2,232.9,58.3,57.5,57.4,0,0,0,0,0,0,0,0,0,0,0,0,0,0,0,0,0,77,0,OK
11时23分04秒,46/79 静置,547.46,26.03,14249.59,543.49,26.07,14167.29,545.47,12.05,6570.73,546.63,12.02,6569.72,77,71.5,70.9,546.2,11,545.7,11.2,545.9,0,545.5,51.4,25.9,25.6,12,11.9,26,25.6,12,11.9,230.2,231.2,232.9,58.3,57.5,57.4,0,0,0,0,0,0,0,0,0,0,0,0,0,0,0,0,0,77,0,OK
11时23分09秒,46/79 静置,548.29,25.91,14207.81,547.31,26.03,14248.32,547.12,12.01,6569.12,546.91,12.01,6568.75,77,71.5,70.9,546.4,10.9,548.8,11,548.1,0,545.1,51.4,25.9,25.5,11.9,11.9,25.9,25.5,11.9,11.9,230.3,231.4,232.8,58.3,57.5,57.3,0,0,0,0,0,0,0,0,0,0,0,0,0,0,0,0,0,77,0,OK
11时23分14秒,46/79 静置,548.29,25.91,14207.81,547.31,26.03,14248.32,547.12,12.01,6569.12,546.91,12.01,6568.75,77,71.5,70.9,546.4,10.9,548.8,11,548.1,0,545.1,51.4,25.9,25.5,11.9,11.9,25.9,25.5,11.9,11.9,230.3,231.4,232.8,58.3,57.5,57.3,0,0,0,0,0,0,0,0,0,0,0,0,0,0,0,0,0,77,0,OK
11时23分19秒,46/79 静置,548.56,26.04,14284,542.39,26.01,14108.59,547.12,11.96,6545.08,547.18,11.97,6550.66,77,71.5,70.9,544.4,10.9,548.9,11.2,545.2,0,549.4,51.4,26,25.5,11.9,11.9,26,25.6,11.9,11.9,230.2,231.1,232.9,58.3,57.5,57.4,0,0,0,0,0,0,0,0,0,0,0,0,0,0,0,0,0,77,0,OK
11时23分24秒,46/79 静置,548.56,26.04,14284,542.39,26.01,14108.59,547.12,11.96,6545.08,547.18,11.97,6550.66,77,71.5,70.9,544.4,10.9,548.9,11.2,545.2,0,549.4,51.4,26,25.5,11.9,11.9,26,25.6,11.9,11.9,230.2,231.1,232.9,58.3,57.5,57.4,0,0,0,0,0,0,0,0,0,0,0,0,0,0,0,0,0,77,0,OK
11时23分29秒,46/79 静置,548.56,26.06,14294.18,545.4,26.05,14209.17,542.47,12.04,6532.92,543.07,12.01,6520.57,77,71.5,70.9,546.4,11,546.4,10.9,543.3,0,546.5,51.4,25.9,25.6,12,11.9,26,25.6,12,11.9,230.2,231.2,232.9,58.2,57.4,57.3,0,0,0,0,0,0,0,0,0,0,0,0,0,0,0,0,0,77,0,OK
11时23分34秒,46/79 静置,548.56,26.06,14294.18,545.4,26.05,14209.17,542.47,12.04,6532.92,543.07,12.01,6520.57,77,71.5,70.9,546.4,11,546.4,10.9,543.3,0,546.5,51.4,25.9,25.6,12,11.9,26,25.6,12,11.9,230.2,231.2,232.9,58.2,57.4,57.3,0,0,0,0,0,0,0,0,0,0,0,0,0,0,0,0,0,77,0,OK
11时23分39秒,46/79 静置,546.92,26.05,14244.94,547.59,26.01,14244.21,545.2,12.03,6556.26,541.15,12.07,6533.48,77,71.5,70.9,543.7,10.8,548.3,11,542.6,0,541.2,51.4,26,25.5,12,11.9,26,25.6,11.9,11.9,230,231.1,232.8,58.3,57.5,57.4,0,0,0,0,0,0,0,0,0,0,0,0,0,0,0,0,0,77,0,OK
11时23分44秒,46/79 静置,546.92,26.05,14244.94,547.59,26.01,14244.21,545.2,12.03,6556.26,541.15,12.07,6533.48,77,71.5,70.9,543.7,10.8,548.3,11,542.6,0,541.2,51.4,26,25.5,12,11.9,26,25.6,11.9,11.9,230,231.1,232.8,58.3,57.5,57.4,0,0,0,0,0,0,0,0,0,0,0,0,0,0,0,0,0,77,0,OK
11时23分49秒,46/79 静置,549.66,26.01,14297.53,550.05,25.95,14274.36,546.29,12.02,6568.88,548.28,11.94,6543.97,77,71.5,70.8,546.1,11.1,548.8,11.2,546.5,0,548.4,51.4,26,25.5,11.9,11.8,25.9,25.4,11.9,11.8,230.2,231.1,233,58.4,57.6,57.4,0,0,0,0,0,0,0,0,0,0,0,0,0,0,0,0,0,77,0,OK
11时23分54秒,46/79 静置,549.66,26.01,14297.53,550.05,25.95,14274.36,546.29,12.02,6568.88,548.28,11.94,6543.97,77,71.5,70.8,546.1,11.1,548.8,11.2,546.5,0,548.4,51.4,26,25.5,11.9,11.8,25.9,25.4,11.9,11.8,230.2,231.1,233,58.4,57.6,57.4,0,0,0,0,0,0,0,0,0,0,0,0,0,0,0,0,0,77,0,OK
11时23分59秒,46/79 静置,549.93,25.87,14224.62,546.77,26.03,14234.65,548.21,12,6577.44,548.82,11.97,6568.19,77,71.5,70.8,546.1,11,547.2,11,546.6,0,549.1,51.4,26,25.6,11.9,11.8,25.7,25.6,11.9,11.8,230.2,231.3,233,58.3,57.6,57.4,0,0,0,0,0,0,0,0,0,0,0,0,0,0,0,0,0,77,0,OK
11时24分04秒,46/79 静置,549.93,25.87,14224.62,546.77,26.03,14234.65,548.21,12,6577.44,548.82,11.97,6568.19,77,71.5,70.8,546.1,11,547.2,11,546.6,0,549.1,51.4,26,25.6,11.9,11.8,25.7,25.6,11.9,11.8,230.2,231.3,233,58.3,57.6,57.4,0,0,0,0,0,0,0,0,0,0,0,0,0,0,0,0,0,77,0,OK
11时24分09秒,46/79 静置,546.37,26.05,14232.81,549.5,25.84,14198.46,547.12,11.99,6558.44,551.56,11.49,6339.74,77,71.5,70.8,546.9,11.1,548.9,10.8,548.3,0,548.5,51.4,25.9,25.5,11.8,11.6,25.9,25.5,11.9,11.6,230.1,231.1,232.9,58.3,57.5,57.4,0,0,0,0,0,0,0,0,0,0,0,0,0,0,0,0,0,77,0,OK
11时24分14秒,46/79 静置,546.37,26.05,14232.81,549.5,25.84,14198.46,547.12,11.99,6558.44,551.56,11.49,6339.74,77,71.5,70.8,546.9,11.1,548.9,10.8,548.3,0,548.5,51.4,25.9,25.5,11.8,11.6,25.9,25.5,11.9,11.6,230.1,231.1,232.9,58.3,57.5,57.4,0,0,0,0,0,0,0,0,0,0,0,0,0,0,0,0,0,77,0,OK
11时24分19秒,46/79 静置,549.38,25.8,14174.51,550.87,25.7,14157.39,544.93,12.03,6555.1,549.37,11.98,6579.58,77,71.5,70.8,547.7,11,547.9,11.2,544.3,0,545.6,51.4,25.7,25.5,11.9,11.8,25.9,25.3,11.9,11.8,230.1,231.2,233.1,58.3,57.5,57.4,0,0,0,0,0,0,0,0,0,0,0,0,0,0,0,0,0,77,0,OK
11时24分24秒,46/79 静置,549.38,25.8,14174.51,550.87,25.7,14157.39,544.93,12.03,6555.1,549.37,11.98,6579.58,77,71.5,70.8,547.7,11,547.9,11.2,544.3,0,545.6,51.4,25.7,25.5,11.9,11.8,25.9,25.3,11.9,11.8,230.1,231.2,233.1,58.3,57.5,57.4,0,0,0,0,0,0,0,0,0,0,0,0,0,0,0,0,0,77,0,OK
11时24分29秒,46/79 静置,548.01,26.07,14284.19,548.95,26.05,14298,541.37,12.08,6542.48,544.17,12.04,6549.67,77,71.5,70.8,543.3,11.1,545.2,10.9,543,0,544.8,51.4,26,25.6,12,11.9,26,25.6,12,11.9,230.1,231.2,233,58.3,57.5,57.3,0,0,0,0,0,0,0,0,0,0,0,0,0,0,0,0,0,77,0,OK
11时24分34秒,46/79 静置,548.01,26.07,14284.19,548.95,26.05,14298,541.37,12.08,6542.48,544.17,12.04,6549.67,77,71.5,70.8,543.3,11.1,545.2,10.9,543,0,544.8,51.4,26,25.6,12,11.9,26,25.6,12,11.9,230.1,231.2,233,58.3,57.5,57.3,0,0,0,0,0,0,0,0,0,0,0,0,0,0,0,0,0,77,0,OK
11时24分39秒,46/79 静置,549.38,26.01,14287.17,548.41,25.91,14210.39,543.29,12.02,6529.01,549.37,11.95,6566.17,77,71.5,70.8,546.7,11,549.1,11.1,547.8,0,547.9,51.4,25.9,25.5,11.9,11.9,25.9,25.5,11.9,11.9,230.2,231.2,233,58.3,57.5,57.3,0,0,0,0,0,0,0,0,0,0,0,0,0,0,0,0,0,77,0,OK
11时24分44秒,46/79 静置,549.38,26.01,14287.17,548.41,25.91,14210.39,543.29,12.02,6529.01,549.37,11.95,6566.17,77,71.5,70.8,546.7,11,549.1,11.1,547.8,0,547.9,51.4,25.9,25.5,11.9,11.9,25.9,25.5,11.9,11.9,230.2,231.2,233,58.3,57.5,57.3,0,0,0,0,0,0,0,0,0,0,0,0,0,0,0,0,0,77,0,OK
11时24分49秒,46/79 静置,543.36,26.15,14206.83,550.32,25.84,14222.34,544.93,12.01,6547.12,543.62,12.05,6548.38,77,71.5,70.8,541,11,547.3,11.1,543.1,0,542.5,51.4,26.1,25.5,11.9,11.9,26.1,25.5,11.9,11.9,230.4,231.5,233.3,58.2,57.4,57.2,0,0,0,0,0,0,0,0,0,0,0,0,0,0,0,0,0,77,0,OK
11时24分54秒,46/79 静置,543.36,26.15,14206.83,550.32,25.84,14222.34,544.93,12.01,6547.12,543.62,12.05,6548.38,77,71.5,70.8,541,11,547.3,11.1,543.1,0,542.5,51.4,26.1,25.5,11.9,11.9,26.1,25.5,11.9,11.9,230.4,231.5,233.3,58.2,57.4,57.2,0,0,0,0,0,0,0,0,0,0,0,0,0,0,0,0,0,77,0,OK
11时24分59秒,46/79 静置,545.55,26,14183.69,550.32,25.63,14105.18,546.57,12.03,6575.37,548.28,11.99,6575.56,77,71.5,70.8,546.9,10.9,547.6,11.2,545.3,0,546.1,51.4,25.9,25.4,11.9,11.8,25.9,25.4,11.9,11.8,229.8,231,232.9,58.1,57.3,57.2,0,0,0,0,0,0,0,0,0,0,0,0,0,0,0,0,0,77,0,OK
11时25分04秒,46/79 静置,545.55,26,14183.69,550.32,25.63,14105.18,546.57,12.03,6575.37,548.28,11.99,6575.56,77,71.5,70.8,546.9,10.9,547.6,11.2,545.3,0,546.1,51.4,25.9,25.4,11.9,11.8,25.9,25.4,11.9,11.8,229.8,231,232.9,58.1,57.3,57.2,0,0,0,0,0,0,0,0,0,0,0,0,0,0,0,0,0,77,0,OK
11时25分09秒,46/79 静置,549.38,25.98,14274.3,547.04,26.02,14235.33,546.02,12,6553.86,551.84,11.73,6474.38,77,71.5,70.8,545.7,11,546.4,11,546,0,546.8,51.4,26,25.6,11.9,11.6,25.9,25.6,11.9,11.6,229.8,231,232.7,58.3,57.5,57.3,0,0,0,0,0,0,0,0,0,0,0,0,0,0,0,0,0,77,0,OK
11时25分14秒,46/79 静置,549.38,25.98,14274.3,547.04,26.02,14235.33,546.02,12,6553.86,551.84,11.73,6474.38,77,71.5,70.8,545.7,11,546.4,11,546,0,546.8,51.4,26,25.6,11.9,11.6,25.9,25.6,11.9,11.6,229.8,231,232.7,58.3,57.5,57.3,0,0,0,0,0,0,0,0,0,0,0,0,0,0,0,0,0,77,0,OK
11时25分19秒,46/79 静置,549.93,25.91,14249.33,550.87,25.15,13853.45,549.85,11.77,6472.53,547.45,11.95,6542.72,77,71.5,70.8,547.3,11,549.3,11.2,549.1,0,548.3,51.4,25.8,25.1,11.9,11.9,25.9,25.1,11.9,11.9,230.1,231.2,233,58.3,57.5,57.3,0,0,0,0,0,0,0,0,0,0,0,0,0,0,0,0,0,77,0,OK
11时25分24秒,46/79 静置,549.93,25.91,14249.33,550.87,25.15,13853.45,549.85,11.77,6472.53,547.45,11.95,6542.72,77,71.5,70.8,547.3,11,549.3,11.2,549.1,0,548.3,51.4,25.8,25.1,11.9,11.9,25.9,25.1,11.9,11.9,230.1,231.2,233,58.3,57.5,57.3,0,0,0,0,0,0,0,0,0,0,0,0,0,0,0,0,0,77,0,OK
11时25分29秒,46/79 静置,549.93,25.91,14247.72,550.59,25.79,14199.83,550.67,11.9,6554.79,544.17,11.99,6524.69,77,71.5,70.8,547.6,11,549.1,11.2,548.4,0,547.8,51.4,25.8,25.5,11.8,11.9,25.9,25.2,11.8,11.9,230.2,231.3,233.2,58.3,57.5,57.4,0,0,0,0,0,0,0,0,0,0,0,0,0,0,0,0,0,77,0,OK
11时25分34秒,46/79 静置,549.93,25.91,14247.72,550.59,25.79,14199.83,550.67,11.9,6554.79,544.17,11.99,6524.69,77,71.5,70.8,547.6,11,549.1,11.2,548.4,0,547.8,51.4,25.8,25.5,11.8,11.9,25.9,25.2,11.8,11.9,230.2,231.3,233.2,58.3,57.5,57.4,0,0,0,0,0,0,0,0,0,0,0,0,0,0,0,0,0,77,0,OK
11时25分39秒,46/79 静置,542.26,26,14097.14,540.48,26.05,14080.47,549.58,11.97,6577.74,549.1,11.92,6543.59,77,71.5,70.8,547.4,10.8,549,11.1,548,0,548.9,51.4,25.9,25.5,11.9,11.8,25.9,25.6,11.9,11.8,230.4,231.6,233.4,58.2,57.4,57.2,0,0,0,0,0,0,0,0,0,0,0,0,0,0,0,0,0,77,0,OK
11时25分44秒,46/79 静置,542.26,26,14097.14,540.48,26.05,14080.47,549.58,11.97,6577.74,549.1,11.92,6543.59,77,71.5,70.8,547.4,10.8,549,11.1,548,0,548.9,51.4,25.9,25.5,11.9,11.8,25.9,25.6,11.9,11.8,230.4,231.6,233.4,58.2,57.4,57.2,0,0,0,0,0,0,0,0,0,0,0,0,0,0,0,0,0,77,0,OK
11时25分49秒,46/79 静置,549.38,25.98,14271.61,548.95,26,14272.27,550.67,11.9,6550.49,550.47,11.93,6569.05,77,71.5,70.8,548,11,549.1,10.9,547.2,0,549.2,51.4,25.8,25.5,11.8,11.8,25.9,25.5,11.8,11.8,230.1,231.5,233.2,58.2,57.3,57.2,0,0,0,0,0,0,0,0,0,0,0,0,0,0,0,0,0,77,0,OK
11时25分54秒,46/79 静置,549.38,25.98,14271.61,548.95,26,14272.27,550.67,11.9,6550.49,550.47,11.93,6569.05,77,71.5,70.8,548,11,549.1,10.9,547.2,0,549.2,51.4,25.8,25.5,11.8,11.8,25.9,25.5,11.8,11.8,230.1,231.5,233.2,58.2,57.3,57.2,0,0,0,0,0,0,0,0,0,0,0,0,0,0,0,0,0,77,0,OK
11时25分59秒,46/79 静置,546.64,26.05,14241.53,550.32,25.37,13962.23,548.21,11.99,6574.76,547.73,11.99,6568.99,77,71.5,70.9,546.6,10.9,548.9,11,545.5,0,547.6,51.4,25.9,25.3,11.9,11.9,26,25.3,11.9,11.9,230.2,231.3,233.3,58.2,57.4,57.3,0,0,0,0,0,0,0,0,0,0,0,0,0,0,0,0,0,77,0,OK
11时26分04秒,46/79 静置,546.64,26.05,14241.53,550.32,25.37,13962.23,548.21,11.99,6574.76,547.73,11.99,6568.99,77,71.5,70.9,546.6,10.9,548.9,11,545.5,0,547.6,51.4,25.9,25.3,11.9,11.9,26,25.3,11.9,11.9,230.2,231.3,233.3,58.2,57.4,57.3,0,0,0,0,0,0,0,0,0,0,0,0,0,0,0,0,0,77,0,OK
11时26分09秒,46/79 静置,540.34,26.21,14162.84,541.57,26.17,14172.96,550.12,11.88,6537,546.36,12.04,6579.24,77,71.5,70.9,540.8,10.9,539.5,11.2,546.2,0,542.8,51.4,26.1,25.8,11.8,11.9,26.2,25.7,11.8,11.9,230.1,231.5,233.3,58.1,57.3,57.2,0,0,0,0,0,0,0,0,0,0,0,0,0,0,0,0,0,77,0,OK
11时26分14秒,46/79 静置,540.34,26.21,14162.84,541.57,26.17,14172.96,550.12,11.88,6537,546.36,12.04,6579.24,77,71.5,70.9,540.8,10.9,539.5,11.2,546.2,0,542.8,51.4,26.1,25.8,11.8,11.9,26.2,25.7,11.8,11.9,230.1,231.5,233.3,58.1,57.3,57.2,0,0,0,0,0,0,0,0,0,0,0,0,0,0,0,0,0,77,0,OK
11时26分19秒,46/79 静置,546.92,26.03,14235.87,548.41,25.98,14249.48,548.21,11.99,6572.62,550.47,12.02,6615.82,77,71.5,70.9,544.4,11.1,547.8,11,548.2,0,544.7,51.4,26,25.6,11.9,11.7,25.8,25.5,11.9,11.7,230.2,231.6,233.4,57.9,57.1,57,0,0,0,0,0,0,0,0,0,0,0,0,0,0,0,0,0,77,0,OK
11时26分24秒,46/79 静置,546.92,26.03,14235.87,548.41,25.98,14249.48,548.21,11.99,6572.62,550.47,12.02,6615.82,77,71.5,70.9,544.4,11.1,547.8,11,548.2,0,544.7,51.4,26,25.6,11.9,11.7,25.8,25.5,11.9,11.7,230.2,231.6,233.4,57.9,57.1,57,0,0,0,0,0,0,0,0,0,0,0,0,0,0,0,0,0,77,0,OK
11时26分29秒,46/79 静置,548.01,25.98,14237.63,548.41,25.99,14254.3,549.58,11.97,6579.89,548.82,11.99,6578.91,77,71.5,70.9,546.9,10.7,549,10.9,548.4,0,546.9,51.4,25.9,25.5,11.9,11.8,26,25.5,11.9,11.8,230.2,231.4,233.4,58.3,57.5,57.3,0,0,0,0,0,0,0,0,0,0,0,0,0,0,0,0,0,77,0,OK
11时26分34秒,46/79 静置,548.01,25.98,14237.63,548.41,25.99,14254.3,549.58,11.97,6579.89,548.82,11.99,6578.91,77,71.5,70.9,546.9,10.7,549,10.9,548.4,0,546.9,51.4,25.9,25.5,11.9,11.8,26,25.5,11.9,11.8,230.2,231.4,233.4,58.3,57.5,57.3,0,0,0,0,0,0,0,0,0,0,0,0,0,0,0,0,0,77,0,OK
11时26分39秒,46/79 静置,549.38,25.98,14271.61,542.12,26.14,14172.97,545.47,12.01,6553.69,548,12,6578.16,77,71.5,70.9,545.6,11,544.4,11.2,543.5,0,545.3,51.4,26,25.7,11.9,11.9,25.8,25.7,11.9,11.9,230.2,231.5,233.4,58.2,57.4,57.3,0,0,0,0,0,0,0,0,0,0,0,0,0,0,0,0,0,77,0,OK
11时26分44秒,46/79 静置,549.38,25.98,14271.61,542.12,26.14,14172.97,545.47,12.01,6553.69,548,12,6578.16,77,71.5,70.9,545.6,11,544.4,11.2,543.5,0,545.3,51.4,26,25.7,11.9,11.9,25.8,25.7,11.9,11.9,230.2,231.5,233.4,58.2,57.4,57.3,0,0,0,0,0,0,0,0,0,0,0,0,0,0,0,0,0,77,0,OK
11时26分49秒,46/79 静置,549.66,26,14289.48,545.95,26.11,14257.01,545.2,12.02,6554.66,547.45,12,6569.98,77,71.5,70.9,545.9,11,545.2,11.1,545.1,0,544.9,51.4,26,25.6,11.9,11.9,25.9,25.7,11.9,11.9,230.2,231.5,233.2,58.2,57.4,57.3,0,0,0,0,0,0,0,0,0,0,0,0,0,0,0,0,0,77,0,OK
11时26分54秒,46/79 静置,549.66,26,14289.48,545.95,26.11,14257.01,545.2,12.02,6554.66,547.45,12,6569.98,77,71.5,70.9,545.9,11,545.2,11.1,545.1,0,544.9,51.4,26,25.6,11.9,11.9,25.9,25.7,11.9,11.9,230.2,231.5,233.2,58.2,57.4,57.3,0,0,0,0,0,0,0,0,0,0,0,0,0,0,0,0,0,77,0,OK
11时26分59秒,46/79 静置,546.09,26.05,14224.59,550.32,25.81,14203.53,546.29,12,6555.01,545.54,12.02,6556.02,77,71.5,70.9,546,11,548,10.9,545.1,0,547.3,51.4,26,25.6,11.9,11.9,26,25.5,11.9,11.9,230.2,231.3,233.3,58.3,57.5,57.3,0,0,0,0,0,0,0,0,0,0,0,0,0,0,0,0,0,77,0,OK
11时27分04秒,46/79 静置,546.09,26.05,14224.59,550.32,25.81,14203.53,546.29,12,6555.01,545.54,12.02,6556.02,77,71.5,70.9,546,11,548,10.9,545.1,0,547.3,51.4,26,25.6,11.9,11.9,26,25.5,11.9,11.9,230.2,231.3,233.3,58.3,57.5,57.3,0,0,0,0,0,0,0,0,0,0,0,0,0,0,0,0,0,77,0,OK
11时27分09秒,46/79 静置,545.55,26.08,14228.44,547.31,26.02,14241.37,545.2,12.02,6554.66,545.81,12.01,6554.52,77,71.5,70.9,545.2,10.7,547.7,11.1,543.3,0,548.1,51.4,26,25.6,11.9,11.9,26.1,25.6,11.9,11.9,230.4,231.5,233.3,58.2,57.4,57.3,0,0,0,0,0,0,0,0,0,0,0,0,0,0,0,0,0,77,0,OK
11时27分14秒,46/79 静置,545.55,26.08,14228.44,547.31,26.02,14241.37,545.2,12.02,6554.66,545.81,12.01,6554.52,77,71.5,70.9,545.2,10.7,547.7,11.1,543.3,0,548.1,51.4,26,25.6,11.9,11.9,26.1,25.6,11.9,11.9,230.4,231.5,233.3,58.2,57.4,57.3,0,0,0,0,0,0,0,0,0,0,0,0,0,0,0,0,0,77,0,OK
11时27分19秒,46/79 静置,547.19,26.06,14257.97,546.22,26.07,14237.48,547.66,11.97,6557.5,546.63,12,6561.72,77,71.5,71,545.9,11.1,546.9,11.1,547.7,0,543.7,51.4,26,25.6,11.9,11.8,26,25.6,11.9,11.8,230.4,231.6,233.3,58.1,57.3,57.1,0,0,0,0,0,0,0,0,0,0,0,0,0,0,0,0,0,77,0,OK
11时27分24秒,46/79 静置,547.19,26.06,14257.97,546.22,26.07,14237.48,547.66,11.97,6557.5,546.63,12,6561.72,77,71.5,71,545.9,11.1,546.9,11.1,547.7,0,543.7,51.4,26,25.6,11.9,11.8,26,25.6,11.9,11.8,230.4,231.6,233.3,58.1,57.3,57.1,0,0,0,0,0,0,0,0,0,0,0,0,0,0,0,0,0,77,0,OK
11时27分29秒,46/79 静置,548.83,25.98,14261.13,544.85,26.11,14227.38,547.12,12.02,6575.53,546.63,12.02,6570.26,77,71.5,71,545.7,10.9,545,11.1,546.5,0,546.7,51.4,26,25.6,11.9,11.9,25.9,25.6,11.9,11.9,230.5,231.6,233.5,58.2,57.4,57.3,0,0,0,0,0,0,0,0,0,0,0,0,0,0,0,0,0,77,0,OK
11时27分34秒,46/79 静置,548.83,25.98,14261.13,544.85,26.11,14227.38,547.12,12.02,6575.53,546.63,12.02,6570.26,77,71.5,71,545.7,10.9,545,11.1,546.5,0,546.7,51.4,26,25.6,11.9,11.9,25.9,25.6,11.9,11.9,230.5,231.6,233.5,58.2,57.4,57.3,0,0,0,0,0,0,0,0,0,0,0,0,0,0,0,0,0,77,0,OK
11时27分39秒,46/79 静置,541.44,26.08,14118.09,544.31,26.13,14221.1,541.92,12.06,6536.92,541.43,12.04,6520.4,77,71.5,71,543.4,11,543.8,11.1,540.3,0,545.1,51.4,26,25.7,12,11.9,26.1,25.7,11.9,11.9,230.7,231.8,233.6,58.1,57.2,57.1,0,0,0,0,0,0,0,0,0,0,0,0,0,0,0,0,0,77,0,OK
11时27分44秒,46/79 静置,541.44,26.08,14118.09,544.31,26.13,14221.1,541.92,12.06,6536.92,541.43,12.04,6520.4,77,71.5,71,543.4,11,543.8,11.1,540.3,0,545.1,51.4,26,25.7,12,11.9,26.1,25.7,11.9,11.9,230.7,231.8,233.6,58.1,57.2,57.1,0,0,0,0,0,0,0,0,0,0,0,0,0,0,0,0,0,77,0,OK
11时27分49秒,46/79 静置,549.66,25.74,14148.84,547.04,25.97,14204.88,548.76,11.95,6558.81,553.48,11.3,6253.14,77,71.6,71,546.4,10.9,548,11.1,547.1,0,549,51.4,25.9,25.5,11.9,11.3,25.9,25.5,11.9,11.3,230.1,231.3,233.1,58,57.2,57.1,0,0,0,0,0,0,0,0,0,0,0,0,0,0,0,0,0,77,0,OK
11时27分54秒,46/79 静置,549.66,25.74,14148.84,547.04,25.97,14204.88,548.76,11.95,6558.81,553.48,11.3,6253.14,77,71.6,71,546.4,10.9,548,11.1,547.1,0,549,51.4,25.9,25.5,11.9,11.3,25.9,25.5,11.9,11.3,230.1,231.3,233.1,58,57.2,57.1,0,0,0,0,0,0,0,0,0,0,0,0,0,0,0,0,0,77,0,OK
11时27分59秒,46/79 静置,548.83,26.08,14311.51,539.66,26.11,14089.16,546.84,12.03,6578.66,548.28,12,6580.91,77,71.6,71,544.7,11,546.3,11,546.2,0,548.2,51.4,26,25.6,11.9,11.9,26,25.7,12,11.9,230.3,231.4,233.3,58.1,57.3,57.2,0,0,0,0,0,0,0,0,0,0,0,0,0,0,0,0,0,77,0,OK
11时28分04秒,46/79 静置,548.83,26.08,14311.51,539.66,26.11,14089.16,546.84,12.03,6578.66,548.28,12,6580.91,77,71.6,71,544.7,11,546.3,11,546.2,0,548.2,51.4,26,25.6,11.9,11.9,26,25.7,12,11.9,230.3,231.4,233.3,58.1,57.3,57.2,0,0,0,0,0,0,0,0,0,0,0,0,0,0,0,0,0,77,0,OK
11时28分09秒,46/79 静置,547.19,25.98,14218.43,548.41,25.96,14238.77,546.02,12.03,6568.25,547.73,12,6571.66,77,71.6,71,545.9,10.9,549,11.1,543.8,0,545.8,51.4,26,25.5,11.9,11.9,26,25.5,11.9,11.8,230.5,231.6,233.5,58.1,57.3,57.2,0,0,0,0,0,0,0,0,0,0,0,0,0,0,0,0,0,77,0,OK
11时28分14秒,46/79 静置,547.19,25.98,14218.43,548.41,25.96,14238.77,546.02,12.03,6568.25,547.73,12,6571.66,77,71.6,71,545.9,10.9,549,11.1,543.8,0,545.8,51.4,26,25.5,11.9,11.9,26,25.5,11.9,11.8,230.5,231.6,233.5,58.1,57.3,57.2,0,0,0,0,0,0,0,0,0,0,0,0,0,0,0,0,0,77,0,OK
11时28分19秒,46/79 静置,551.03,25.37,13980.7,549.23,25.84,14194.61,549.58,11.96,6572.91,549.92,11.94,6565.19,77,71.6,71,546.9,11,548.2,11,546.2,0,546.2,51.4,25.8,25.5,11.8,11.9,25.6,25.5,11.8,11.9,230.7,231.7,233.5,58.1,57.3,57.2,0,0,0,0,0,0,0,0,0,0,0,0,0,0,0,0,0,77,0,OK
11时28分24秒,46/79 静置,551.03,25.37,13980.7,549.23,25.84,14194.61,549.58,11.96,6572.91,549.92,11.94,6565.19,77,71.6,71,546.9,11,548.2,11,546.2,0,546.2,51.4,25.8,25.5,11.8,11.9,25.6,25.5,11.8,11.9,230.7,231.7,233.5,58.1,57.3,57.2,0,0,0,0,0,0,0,0,0,0,0,0,0,0,0,0,0,77,0,OK
11时28分29秒,46/79 静置,549.11,25.96,14257,542.67,26.1,14163.4,547.12,12,6566.45,542.25,12.05,6535.05,77,71.6,71,546.1,11,546.8,11.2,546.2,0,543.1,51.4,26,25.7,11.9,11.9,26,25.7,11.9,11.9,230.2,231.6,233.7,58.3,57.4,57.2,0,0,0,0,0,0,0,0,0,0,0,0,0,0,0,0,0,77,0,OK
11时28分34秒,46/79 静置,549.11,25.96,14257,542.67,26.1,14163.4,547.12,12,6566.45,542.25,12.05,6535.05,77,71.6,71,546.1,11,546.8,11.2,546.2,0,543.1,51.4,26,25.7,11.9,11.9,26,25.7,11.9,11.9,230.2,231.6,233.7,58.3,57.4,57.2,0,0,0,0,0,0,0,0,0,0,0,0,0,0,0,0,0,77,0,OK
11时28分39秒,46/79 静置,541.99,26.14,14165.72,546.77,26.02,14224.5,546.84,12.01,6565.84,543.07,12.04,6540.19,77,71.6,71,542.3,11.2,547.4,11.2,547.1,0,545.2,51.4,26.1,25.6,11.9,11.9,26.1,25.6,11.9,11.9,231,231.5,233.2,58.1,57.4,57.3,0,0,0,0,0,0,0,0,0,0,0,0,0,0,0,0,0,77,0,OK
11时28分44秒,46/79 静置,541.99,26.14,14165.72,546.77,26.02,14224.5,546.84,12.01,6565.84,543.07,12.04,6540.19,77,71.6,71,542.3,11.2,547.4,11.2,547.1,0,545.2,51.4,26.1,25.6,11.9,11.9,26.1,25.6,11.9,11.9,231,231.5,233.2,58.1,57.4,57.3,0,0,0,0,0,0,0,0,0,0,0,0,0,0,0,0,0,77,0,OK
11时28分49秒,46/79 静置,549.93,25.88,14231.6,549.5,25.82,14185.58,547.66,11.98,6560.71,547.18,11.95,6539.97,77,71.6,71,546.4,11,547.8,10.8,545.2,0,547.4,51.4,25.9,25.6,11.8,11.9,25.8,25.5,11.8,11.9,230.9,231.6,233,58.1,57.4,57.3,0,0,0,0,0,0,0,0,0,0,0,0,0,0,0,0,0,77,0,OK
11时28分54秒,46/79 静置,549.93,25.88,14231.6,549.5,25.82,14185.58,547.66,11.98,6560.71,547.18,11.95,6539.97,77,71.6,71,546.4,11,547.8,10.8,545.2,0,547.4,51.4,25.9,25.6,11.8,11.9,25.8,25.5,11.8,11.9,230.9,231.6,233,58.1,57.4,57.3,0,0,0,0,0,0,0,0,0,0,0,0,0,0,0,0,0,77,0,OK
11时28分59秒,46/79 静置,548.56,26.02,14273.82,548.13,25.91,14202.77,549.3,11.98,6578.22,549.65,11.9,6539.39,77,71.6,71,546.9,10.8,549.4,11.1,547.5,0,547.9,51.4,25.9,25.4,11.9,11.8,25.9,25.5,11.9,11.8,230.8,231.5,233.1,57.9,57.2,57,0,0,0,0,0,0,0,0,0,0,0,0,0,0,0,0,0,77,0,OK
11时29分04秒,46/79 静置,548.56,26.02,14273.82,548.13,25.91,14202.77,549.3,11.98,6578.22,549.65,11.9,6539.39,77,71.6,71,546.9,10.8,549.4,11.1,547.5,0,547.9,51.4,25.9,25.4,11.9,11.8,25.9,25.5,11.9,11.8,230.8,231.5,233.1,57.9,57.2,57,0,0,0,0,0,0,0,0,0,0,0,0,0,0,0,0,0,77,0,OK
11时29分09秒,46/79 静置,547.19,26.05,14252.63,547.31,26.01,14237.1,545.2,12.05,6568.5,545.26,12.02,6551.67,77,71.6,71,544.6,11,548.7,10.9,544.1,0,544.9,51.4,26,25.5,12,11.9,26,25.6,12,11.9,230.7,231.3,232.9,57.9,57.2,57.1,0,0,0,0,0,0,0,0,0,0,0,0,0,0,0,0,0,77,0,OK
11时29分14秒,46/79 静置,547.19,26.05,14252.63,547.31,26.01,14237.1,545.2,12.05,6568.5,545.26,12.02,6551.67,77,71.6,71,544.6,11,548.7,10.9,544.1,0,544.9,51.4,26,25.5,12,11.9,26,25.6,12,11.9,230.7,231.3,232.9,57.9,57.2,57.1,0,0,0,0,0,0,0,0,0,0,0,0,0,0,0,0,0,77,0,OK
11时29分19秒,46/79 静置,548.83,25.96,14250.41,543.49,26.07,14170.48,546.57,12.01,6566.83,543.07,12.04,6540.72,77,71.6,71.1,546.5,10.7,547.5,11.1,545.5,0,542.6,51.4,25.9,25.6,11.9,11.9,25.9,25.6,11.9,11.9,230.9,231.5,233,58.2,57.5,57.3,0,0,0,0,0,0,0,0,0,0,0,0,0,0,0,0,0,77,0,OK
11时29分24秒,46/79 静置,548.83,25.96,14250.41,543.49,26.07,14170.48,546.57,12.01,6566.83,543.07,12.04,6540.72,77,71.6,71.1,546.5,10.7,547.5,11.1,545.5,0,542.6,51.4,25.9,25.6,11.9,11.9,25.9,25.6,11.9,11.9,230.9,231.5,233,58.2,57.5,57.3,0,0,0,0,0,0,0,0,0,0,0,0,0,0,0,0,0,77,0,OK
11时29分29秒,46/79 静置,543.9,26.07,14181.85,545.4,26.1,14235.27,548.21,11.98,6569.94,544.71,12.03,6551.47,77,71.6,71.1,544.8,11,545.8,10.9,546.2,0,546.3,51.4,26,25.6,11.9,11.9,26,25.6,11.9,11.9,230.9,231.5,233.2,58.1,57.5,57.3,0,0,0,0,0,0,0,0,0,0,0,0,0,0,0,0,0,77,0,OK
11时29分34秒,46/79 静置,543.9,26.07,14181.85,545.4,26.1,14235.27,548.21,11.98,6569.94,544.71,12.03,6551.47,77,71.6,71.1,544.8,11,545.8,10.9,546.2,0,546.3,51.4,26,25.6,11.9,11.9,26,25.6,11.9,11.9,230.9,231.5,233.2,58.1,57.5,57.3,0,0,0,0,0,0,0,0,0,0,0,0,0,0,0,0,0,77,0,OK
11时29分39秒,46/79 静置,549.93,25.94,14263.29,549.77,25.97,14280.15,550.67,11.91,6558.55,549.65,11.89,6533.48,77,71.6,71.1,547.4,10.9,548.6,11,545,0,548.7,51.4,25.9,25.5,11.9,11.8,25.7,25.5,11.9,11.8,230.8,231.5,233.1,58.1,57.5,57.3,0,0,0,0,0,0,0,0,0,0,0,0,0,0,0,0,0,77,0,OK
11时29分44秒,46/79 静置,549.93,25.94,14263.29,549.77,25.97,14280.15,550.67,11.91,6558.55,549.65,11.89,6533.48,77,71.6,71.1,547.4,10.9,548.6,11,545,0,548.7,51.4,25.9,25.5,11.9,11.8,25.7,25.5,11.9,11.8,230.8,231.5,233.1,58.1,57.5,57.3,0,0,0,0,0,0,0,0,0,0,0,0,0,0,0,0,0,77,0,OK
11时29分49秒,46/79 静置,549.66,25.99,14286.79,547.86,25.95,14218.15,549.03,11.94,6556.72,550.74,11.8,6500.25,77,71.6,71.1,547.3,11,548,10.9,547.8,0,549.2,51.4,25.8,25.5,11.9,11.8,25.8,25.6,11.9,11.8,230.9,231.5,233.1,58.1,57.5,57.3,0,0,0,0,0,0,0,0,0,0,0,0,0,0,0,0,0,77,0,OK
11时29分54秒,46/79 静置,549.66,25.99,14286.79,547.86,25.95,14218.15,549.03,11.94,6556.72,550.74,11.8,6500.25,77,71.6,71.1,547.3,11,548,10.9,547.8,0,549.2,51.4,25.8,25.5,11.9,11.8,25.8,25.6,11.9,11.8,230.9,231.5,233.1,58.1,57.5,57.3,0,0,0,0,0,0,0,0,0,0,0,0,0,0,0,0,0,77,0,OK
11时29分59秒,46/79 静置,547.46,26.01,14238.9,549.77,25.8,14181.9,550.67,11.65,6416.05,549.37,11.98,6582.26,77,71.6,71.1,547.7,10.9,548.3,11.1,547.6,0,547.2,51.4,25.8,25.5,11.8,11.8,26,25.5,11.8,11.8,231.1,231.6,233.5,57.9,57.2,57.1,0,0,0,0,0,0,0,0,0,0,0,0,0,0,0,0,0,77,0,OK
11时30分04秒,46/79 静置,547.46,26.01,14238.9,549.77,25.8,14181.9,550.67,11.65,6416.05,549.37,11.98,6582.26,77,71.6,71.1,547.7,10.9,548.3,11.1,547.6,0,547.2,51.4,25.8,25.5,11.8,11.8,26,25.5,11.8,11.8,231.1,231.6,233.5,57.9,57.2,57.1,0,0,0,0,0,0,0,0,0,0,0,0,0,0,0,0,0,77,0,OK
11时30分09秒,46/79 静置,545,26.05,14198.18,549.5,26.01,14293.98,546.02,12.01,6555.46,545.81,12.03,6565.72,77,71.6,71.1,542.8,11,548.3,10.9,544.7,0,542.3,51.4,26.1,25.4,11.9,11.9,26,25.5,11.9,11.9,230.7,231.7,233.8,58,57.3,57.1,0,0,0,0,0,0,0,0,0,0,0,0,0,0,0,0,0,77,0,OK
11时30分14秒,46/79 静置,545,26.05,14198.18,549.5,26.01,14293.98,546.02,12.01,6555.46,545.81,12.03,6565.72,77,71.6,71.1,542.8,11,548.3,10.9,544.7,0,542.3,51.4,26.1,25.4,11.9,11.9,26,25.5,11.9,11.9,230.7,231.7,233.8,58,57.3,57.1,0,0,0,0,0,0,0,0,0,0,0,0,0,0,0,0,0,77,0,OK
11时30分19秒,46/79 静置,548.01,25.97,14230.67,547.59,26.03,14254.91,544.65,12.03,6550.74,547.73,12,6574.33,77,71.7,71.1,544.3,10.9,547.7,11.2,546.1,0,543.9,51.4,26,25.6,12,11.9,25.9,25.6,12,11.9,230.7,231.6,233.2,58.2,57.5,57.3,0,0,0,0,0,0,0,0,0,0,0,0,0,0,0,0,0,77,0,OK
11时30分24秒,46/79 静置,548.01,25.97,14230.67,547.59,26.03,14254.91,544.65,12.03,6550.74,547.73,12,6574.33,77,71.7,71.1,544.3,10.9,547.7,11.2,546.1,0,543.9,51.4,26,25.6,12,11.9,25.9,25.6,12,11.9,230.7,231.6,233.2,58.2,57.5,57.3,0,0,0,0,0,0,0,0,0,0,0,0,0,0,0,0,0,77,0,OK
11时30分29秒,46/79 静置,545.55,26.08,14225.77,549.23,25.97,14262.19,547.12,12,6568.05,543.07,12.04,6541.25,77,71.7,71.1,545.4,11,547.6,10.9,546.5,0,544.9,51.4,26,25.6,11.9,11.9,26,25.4,11.9,11.9,231,231.5,233,58.1,57.5,57.3,0,0,0,0,0,0,0,0,0,0,0,0,0,0,0,0,0,77,0,OK
11时30分34秒,46/79 静置,545.55,26.08,14225.77,549.23,25.97,14262.19,547.12,12,6568.05,543.07,12.04,6541.25,77,71.7,71.1,545.4,11,547.6,10.9,546.5,0,544.9,51.4,26,25.6,11.9,11.9,26,25.4,11.9,11.9,231,231.5,233,58.1,57.5,57.3,0,0,0,0,0,0,0,0,0,0,0,0,0,0,0,0,0,77,0,OK
11时30分39秒,46/79 静置,545.82,26.09,14238.79,547.04,26.03,14241.2,546.57,11.98,6548.68,544.17,12.02,6542.23,77,71.7,71.1,547,10.6,547.8,11.1,547.5,0,548.2,51.4,25.9,25.6,11.9,11.9,26.1,25.6,11.9,11.9,231.4,231.7,233.1,58,57.4,57.3,0,0,0,0,0,0,0,0,0,0,0,0,0,0,0,0,0,77,0,OK
11时30分44秒,46/79 静置,545.82,26.09,14238.79,547.04,26.03,14241.2,546.57,11.98,6548.68,544.17,12.02,6542.23,77,71.7,71.1,547,10.6,547.8,11.1,547.5,0,548.2,51.4,25.9,25.6,11.9,11.9,26.1,25.6,11.9,11.9,231.4,231.7,233.1,58,57.4,57.3,0,0,0,0,0,0,0,0,0,0,0,0,0,0,0,0,0,77,0,OK
11时30分49秒,46/79 静置,546.09,26.13,14267.26,547.59,26,14236.72,547.39,12,6568.13,549.1,11.99,6584.88,77,71.7,71.1,544.3,10.9,548.7,11,546.5,0,545.2,51.4,26,25.5,11.9,11.8,26,25.6,11.9,11.8,231.4,231.7,233.2,58,57.4,57.3,0,0,0,0,0,0,0,0,0,0,0,0,0,0,0,0,0,77,0,OK
11时30分54秒,46/79 静置,546.09,26.13,14267.26,547.59,26,14236.72,547.39,12,6568.13,549.1,11.99,6584.88,77,71.7,71.1,544.3,10.9,548.7,11,546.5,0,545.2,51.4,26,25.5,11.9,11.8,26,25.6,11.9,11.8,231.4,231.7,233.2,58,57.4,57.3,0,0,0,0,0,0,0,0,0,0,0,0,0,0,0,0,0,77,0,OK
11时30分59秒,46/79 静置,539.25,26.08,14065.13,540.48,26.12,14116.89,540.28,12.03,6499.19,540.88,12.03,6507.99,77,71.7,71.1,545.7,10.9,546.7,11.1,546.5,0,546.2,51.4,26,25.6,11.9,11.9,26.1,25.6,11.9,11.9,231.1,231.3,232.8,57.9,57.4,57.3,0,0,0,0,0,0,0,0,0,0,0,0,0,0,0,0,0,77,0,OK
11时31分04秒,46/79 静置,539.25,26.08,14065.13,540.48,26.12,14116.89,540.28,12.03,6499.19,540.88,12.03,6507.99,77,71.7,71.1,545.7,10.9,546.7,11.1,546.5,0,546.2,51.4,26,25.6,11.9,11.9,26.1,25.6,11.9,11.9,231.1,231.3,232.8,57.9,57.4,57.3,0,0,0,0,0,0,0,0,0,0,0,0,0,0,0,0,0,77,0,OK
11时31分09秒,46/79 静置,539.25,26.18,14118.85,549.77,26.06,14327.4,546.84,12.03,6578.66,547.18,11.99,6561.88,77,71.7,71.1,542.5,11,545.9,10.9,546.1,0,547.9,51.4,26.1,25.6,12,11.9,26.1,25.6,12,11.9,230.9,231.4,232.8,58.1,57.5,57.4,0,0,0,0,0,0,0,0,0,0,0,0,0,0,0,0,0,77,0,OK
11时31分14秒,46/79 静置,539.25,26.18,14118.85,549.77,26.06,14327.4,546.84,12.03,6578.66,547.18,11.99,6561.88,77,71.7,71.1,542.5,11,545.9,10.9,546.1,0,547.9,51.4,26.1,25.6,12,11.9,26.1,25.6,12,11.9,230.9,231.4,232.8,58.1,57.5,57.4,0,0,0,0,0,0,0,0,0,0,0,0,0,0,0,0,0,77,0,OK
11时31分19秒,46/79 静置,547.74,25.98,14229.99,550.05,25.94,14270.06,550.12,11.87,6527.33,549.1,12,6586.49,77,71.7,71.1,547.3,11,548.1,11.3,547.3,0,548.2,51.4,25.8,25.6,11.9,11.9,26,25.4,11.9,11.9,231.3,231.6,233,58,57.5,57.4,0,0,0,0,0,0,0,0,0,0,0,0,0,0,0,0,0,77,0,OK
11时31分24秒,46/79 静置,547.74,25.98,14229.99,550.05,25.94,14270.06,550.12,11.87,6527.33,549.1,12,6586.49,77,71.7,71.1,547.3,11,548.1,11.3,547.3,0,548.2,51.4,25.8,25.6,11.9,11.9,26,25.4,11.9,11.9,231.3,231.6,233,58,57.5,57.4,0,0,0,0,0,0,0,0,0,0,0,0,0,0,0,0,0,77,0,OK
11时31分29秒,46/79 静置,547.19,25.99,14218.96,548.41,26.01,14263.41,551.49,11.77,6492.92,547.73,12,6572.2,77,71.7,71.1,545,11.1,547.7,10.9,546.4,0,544.7,51.4,26,25.6,11.8,11.9,26,25.6,11.8,11.9,231.1,231.4,232.9,58,57.5,57.3,0,0,0,0,0,0,0,0,0,0,0,0,0,0,0,0,0,77,0,OK
11时31分34秒,46/79 静置,547.19,25.99,14218.96,548.41,26.01,14263.41,551.49,11.77,6492.92,547.73,12,6572.2,77,71.7,71.1,545,11.1,547.7,10.9,546.4,0,544.7,51.4,26,25.6,11.8,11.9,26,25.6,11.8,11.9,231.1,231.4,232.9,58,57.5,57.3,0,0,0,0,0,0,0,0,0,0,0,0,0,0,0,0,0,77,0,OK
11时31分39秒,46/79 静置,546.64,26,14213.77,543.76,26.07,14177.61,549.85,11.9,6545.02,548,12,6574.95,77,71.8,71.1,546.6,10.8,543.2,11.2,546.7,0,548,51.4,25.9,25.7,11.8,11.9,26,25.6,11.8,11.9,231.1,231.5,232.9,57.6,57,56.9,0,0,0,0,0,0,0,0,0,0,0,0,0,0,0,0,0,77,0,OK
11时31分44秒,46/79 静置,546.64,26,14213.77,543.76,26.07,14177.61,549.85,11.9,6545.02,548,12,6574.95,77,71.8,71.1,546.6,10.8,543.2,11.2,546.7,0,548,51.4,25.9,25.7,11.8,11.9,26,25.6,11.8,11.9,231.1,231.5,232.9,57.6,57,56.9,0,0,0,0,0,0,0,0,0,0,0,0,0,0,0,0,0,77,0,OK
11时31分49秒,46/79 静置,543.63,26.14,14208.68,549.23,26.03,14296.52,539.19,12.09,6516.57,545.26,11.98,6531.97,77,71.8,71.1,542.6,11.2,545.6,11,536.2,0,544.4,51.4,26.1,25.6,12,11.9,26.1,25.5,12,11.9,230.9,231.3,232.7,57.9,57.4,57.3,0,0,0,0,0,0,0,0,0,0,0,0,0,0,0,0,0,77,0,OK
11时31分54秒,46/79 静置,543.63,26.14,14208.68,549.23,26.03,14296.52,539.19,12.09,6516.57,545.26,11.98,6531.97,77,71.8,71.1,542.6,11.2,545.6,11,536.2,0,544.4,51.4,26.1,25.6,12,11.9,26.1,25.5,12,11.9,230.9,231.3,232.7,57.9,57.4,57.3,0,0,0,0,0,0,0,0,0,0,0,0,0,0,0,0,0,77,0,OK
11时31分59秒,46/79 静置,547.74,25.99,14236.94,547.31,26.02,14242.98,542.47,12.05,6539.28,544.99,12.03,6556.36,77,71.8,71.1,547.6,11,548,11.2,544.5,0,546.4,51.4,25.9,25.6,11.9,11.9,25.9,25.6,12,11.9,231,231.3,232.8,58.1,57.5,57.4,0,0,0,0,0,0,0,0,0,0,0,0,0,0,0,0,0,77,0,OK
11时32分04秒,46/79 静置,547.74,25.99,14236.94,547.31,26.02,14242.98,542.47,12.05,6539.28,544.99,12.03,6556.36,77,71.8,71.1,547.6,11,548,11.2,544.5,0,546.4,51.4,25.9,25.6,11.9,11.9,25.9,25.6,12,11.9,231,231.3,232.8,58.1,57.5,57.4,0,0,0,0,0,0,0,0,0,0,0,0,0,0,0,0,0,77,0,OK
11时32分09秒,46/79 静置,548.83,25.99,14261.67,547.04,26.03,14239.07,550.4,11.89,6545.08,548.82,11.97,6570.34,77,71.8,71.1,546.1,11,548.9,11.1,548.5,0,549.3,51.4,26,25.5,11.8,11.8,26,25.6,11.8,11.8,230.8,231.5,232.8,58.1,57.5,57.4,0,0,0,0,0,0,0,0,0,0,0,0,0,0,0,0,0,77,0,OK
11时32分14秒,46/79 静置,548.83,25.99,14261.67,547.04,26.03,14239.07,550.4,11.89,6545.08,548.82,11.97,6570.34,77,71.8,71.1,546.1,11,548.9,11.1,548.5,0,549.3,51.4,26,25.5,11.8,11.8,26,25.6,11.8,11.8,230.8,231.5,232.8,58.1,57.5,57.4,0,0,0,0,0,0,0,0,0,0,0,0,0,0,0,0,0,77,0,OK
11时32分19秒,46/79 静置,549.11,25.98,14267.19,546.77,26.03,14229.84,549.3,11.97,6573.39,550.74,11.67,6425.49,77,71.8,71.1,546.8,11.1,548,11.1,547.9,0,548.9,51.4,25.9,25.6,11.9,11.7,26,25.6,11.9,11.7,230.8,231.7,232.9,57.8,57.2,57.1,0,0,0,0,0,0,0,0,0,0,0,0,0,0,0,0,0,77,0,OK
11时32分24秒,46/79 静置,549.11,25.98,14267.19,546.77,26.03,14229.84,549.3,11.97,6573.39,550.74,11.67,6425.49,77,71.8,71.1,546.8,11.1,548,11.1,547.9,0,548.9,51.4,25.9,25.6,11.9,11.7,26,25.6,11.9,11.7,230.8,231.7,232.9,57.8,57.2,57.1,0,0,0,0,0,0,0,0,0,0,0,0,0,0,0,0,0,77,0,OK
11时32分29秒,46/79 静置,548.56,26,14262.04,550.32,25.58,14078.85,549.85,11.96,6576.17,547.45,12,6568.38,77,71.8,71.1,547.9,10.8,551.1,10.8,547.9,0,548.4,51.4,25.7,25.3,11.8,11.9,25.8,25.3,11.8,11.9,230.8,231.5,232.8,58.1,57.6,57.4,0,0,0,0,0,0,0,0,0,0,0,0,0,0,0,0,0,77,0,OK
11时32分34秒,46/79 静置,548.56,26,14262.04,550.32,25.58,14078.85,549.85,11.96,6576.17,547.45,12,6568.38,77,71.8,71.1,547.9,10.8,551.1,10.8,547.9,0,548.4,51.4,25.7,25.3,11.8,11.9,25.8,25.3,11.8,11.9,230.8,231.5,232.8,58.1,57.6,57.4,0,0,0,0,0,0,0,0,0,0,0,0,0,0,0,0,0,77,0,OK
11时32分39秒,46/79 静置,548.83,25.97,14255.24,549.23,25.94,14244.49,547.94,11.98,6566.67,549.1,12,6586.49,77,71.9,71.1,544.9,10.9,548.9,11,546.9,0,546.8,51.4,26,25.5,11.9,11.8,25.8,25.5,11.9,11.8,230.6,231.5,232.8,57.9,57.3,57.2,0,0,0,0,0,0,0,0,0,0,0,0,0,0,0,0,0,77,0,OK
11时32分44秒,46/79 静置,548.83,25.97,14255.24,549.23,25.94,14244.49,547.94,11.98,6566.67,549.1,12,6586.49,77,71.9,71.1,544.9,10.9,548.9,11,546.9,0,546.8,51.4,26,25.5,11.9,11.8,25.8,25.5,11.9,11.8,230.6,231.5,232.8,57.9,57.3,57.2,0,0,0,0,0,0,0,0,0,0,0,0,0,0,0,0,0,77,0,OK
11时32分49秒,46/79 静置,542.81,25.98,14102.9,542.67,26,14108.28,547.66,12,6574.08,550.19,11.94,6570.62,77,71.9,71.1,547.3,10.9,547,11,544.6,0,546.9,51.4,25.9,25.6,12,11.9,26,25.6,12,11.9,230.5,231.5,232.6,58.1,57.5,57.4,0,0,0,0,0,0,0,0,0,0,0,0,0,0,0,0,0,77,0,OK
11时32分54秒,46/79 静置,542.81,25.98,14102.9,542.67,26,14108.28,547.66,12,6574.08,550.19,11.94,6570.62,77,71.9,71.1,547.3,10.9,547,11,544.6,0,546.9,51.4,25.9,25.6,12,11.9,26,25.6,12,11.9,230.5,231.5,232.6,58.1,57.5,57.4,0,0,0,0,0,0,0,0,0,0,0,0,0,0,0,0,0,77,0,OK
11时32分59秒,46/79 静置,545.82,26.13,14263.85,549.77,25.79,14179.75,548.76,12,6585.07,548.55,11.97,6564.92,77,71.9,71.1,542.2,11,548.6,11.2,546.4,0,548.8,51.4,26.1,25.5,11.9,11.8,26,25.5,11.9,11.8,230.7,231.5,232.7,58,57.5,57.4,0,0,0,0,0,0,0,0,0,0,0,0,0,0,0,0,0,77,0,OK
11时33分04秒,46/79 静置,545.82,26.13,14263.85,549.77,25.79,14179.75,548.76,12,6585.07,548.55,11.97,6564.92,77,71.9,71.1,542.2,11,548.6,11.2,546.4,0,548.8,51.4,26.1,25.5,11.9,11.8,26,25.5,11.9,11.8,230.7,231.5,232.7,58,57.5,57.4,0,0,0,0,0,0,0,0,0,0,0,0,0,0,0,0,0,77,0,OK
11时33分09秒,46/79 静置,546.64,26.06,14243.14,546.77,26.07,14254.94,548.48,11.97,6563.58,547.73,11.99,6565.78,77,71.9,71.1,546.2,10.9,544.1,11.1,547.5,0,547.3,51.4,26,25.6,11.9,11.9,26,25.6,11.9,11.9,230.6,231.5,232.8,58.1,57.5,57.4,0,0,0,0,0,0,0,0,0,0,0,0,0,0,0,0,0,77,0,OK
11时33分14秒,46/79 静置,546.64,26.06,14243.14,546.77,26.07,14254.94,548.48,11.97,6563.58,547.73,11.99,6565.78,77,71.9,71.1,546.2,10.9,544.1,11.1,547.5,0,547.3,51.4,26,25.6,11.9,11.9,26,25.6,11.9,11.9,230.6,231.5,232.8,58.1,57.5,57.4,0,0,0,0,0,0,0,0,0,0,0,0,0,0,0,0,0,77,0,OK
11时33分19秒,46/79 静置,541.99,26.12,14157.78,543.76,26.06,14171.76,543.56,12.03,6536.54,546.63,12.05,6587.87,77,71.9,71.1,540.6,11,545.9,11.2,543.4,0,544.9,51.4,26.1,25.6,12,11.9,26.1,25.6,12,11.9,230.5,231.5,232.6,58,57.4,57.3,0,0,0,0,0,0,0,0,0,0,0,0,0,0,0,0,0,77,0,OK
11时33分24秒,46/79 静置,541.99,26.12,14157.78,543.76,26.06,14171.76,543.56,12.03,6536.54,546.63,12.05,6587.87,77,71.9,71.1,540.6,11,545.9,11.2,543.4,0,544.9,51.4,26.1,25.6,12,11.9,26.1,25.6,12,11.9,230.5,231.5,232.6,58,57.4,57.3,0,0,0,0,0,0,0,0,0,0,0,0,0,0,0,0,0,77,0,OK
11时33分29秒,46/79 静置,549.38,25.95,14257.13,548.68,26.03,14280.16,549.58,11.97,6579.35,549.65,11.9,6539.39,77,71.9,71.1,547.1,11,545.5,11.1,544.7,0,548.1,51.4,25.9,25.6,11.8,11.7,26,25.6,11.8,11.7,230.4,231.4,232.5,58.2,57.6,57.5,0,0,0,0,0,0,0,0,0,0,0,0,0,0,0,0,0,77,0,OK
11时33分34秒,46/79 静置,549.38,25.95,14257.13,548.68,26.03,14280.16,549.58,11.97,6579.35,549.65,11.9,6539.39,77,71.9,71.1,547.1,11,545.5,11.1,544.7,0,548.1,51.4,25.9,25.6,11.8,11.7,26,25.6,11.8,11.7,230.4,231.4,232.5,58.2,57.6,57.5,0,0,0,0,0,0,0,0,0,0,0,0,0,0,0,0,0,77,0,OK
11时33分39秒,46/79 静置,548.56,26.01,14269,550.32,25.82,14211.59,547.39,12,6570.8,547.18,11.98,6554.4,77,72,71.1,543.3,11,548,11,546.8,0,546.4,51.4,26.1,25.4,11.9,11.9,25.9,25.4,11.9,11.9,230.7,231.5,232.7,58,57.4,57.3,0,0,0,0,0,0,0,0,0,0,0,0,0,0,0,0,0,77,0,OK
11时33分44秒,46/79 静置,548.56,26.01,14269,550.32,25.82,14211.59,547.39,12,6570.8,547.18,11.98,6554.4,77,72,71.1,543.3,11,548,11,546.8,0,546.4,51.4,26.1,25.4,11.9,11.9,25.9,25.4,11.9,11.9,230.7,231.5,232.7,58,57.4,57.3,0,0,0,0,0,0,0,0,0,0,0,0,0,0,0,0,0,77,0,OK
11时33分49秒,46/79 静置,549.38,25.9,14228.16,544.85,26.09,14217.8,546.29,12.05,6581.68,549.37,12,6590.84,77,72,71.1,546.7,11,546.1,11,541,0,546.1,51.4,26,25.7,11.9,11.8,25.9,25.7,11.9,11.8,231.2,231.3,232.3,58,57.6,57.5,0,0,0,0,0,0,0,0,0,0,0,0,0,0,0,0,0,77,0,OK
11时33分54秒,46/79 静置,549.38,25.9,14228.16,544.85,26.09,14217.8,546.29,12.05,6581.68,549.37,12,6590.84,77,72,71.1,546.7,11,546.1,11,541,0,546.1,51.4,26,25.7,11.9,11.8,25.9,25.7,11.9,11.8,231.2,231.3,232.3,58,57.6,57.5,0,0,0,0,0,0,0,0,0,0,0,0,0,0,0,0,0,77,0,OK
11时33分59秒,46/79 静置,550.21,25.93,14265.57,546.22,26.05,14227.88,547.12,11.99,6557.9,547.45,12.01,6573.73,77,72,71.1,546,10.9,545.7,11.2,547.3,0,543.4,51.4,26,25.6,11.9,11.9,25.7,25.6,11.9,11.9,232,231.6,231.2,57.8,57.5,57.6,0,0,0,0,0,0,0,0,0,0,0,0,0,0,0,0,0,77,0,OK
11时34分04秒,46/79 静置,550.21,25.93,14265.57,546.22,26.05,14227.88,547.12,11.99,6557.9,547.45,12.01,6573.73,77,72,71.1,546,10.9,545.7,11.2,547.3,0,543.4,51.4,26,25.6,11.9,11.9,25.7,25.6,11.9,11.9,232,231.6,231.2,57.8,57.5,57.6,0,0,0,0,0,0,0,0,0,0,0,0,0,0,0,0,0,77,0,OK
11时34分09秒,46/79 静置,549.66,25.98,14278.21,547.86,25.94,14212.27,546.57,12.01,6563.09,546.63,12.01,6562.79,77,71.9,71.1,546.2,11.1,547.1,11.1,544.4,0,545.2,51.4,26,25.6,11.9,11.9,25.9,25.6,11.9,11.9,232,231.4,231,57.8,57.6,57.7,0,0,0,0,0,0,0,0,0,0,0,0,0,0,0,0,0,77,0,OK
11时34分14秒,46/79 静置,549.66,25.98,14278.21,547.86,25.94,14212.27,546.57,12.01,6563.09,546.63,12.01,6562.79,77,71.9,71.1,546.2,11.1,547.1,11.1,544.4,0,545.2,51.4,26,25.6,11.9,11.9,25.9,25.6,11.9,11.9,232,231.4,231,57.8,57.6,57.7,0,0,0,0,0,0,0,0,0,0,0,0,0,0,0,0,0,77,0,OK
11时34分19秒,46/79 静置,548.56,25.9,14207.4,550.32,25.95,14279.31,549.58,11.91,6543.93,547.73,12,6574.33,77,71.9,71.1,547.5,11,549.4,10.9,547.3,0,547.5,51.4,25.9,25.6,11.9,11.9,25.9,25.6,11.9,11.9,232.3,231.7,231.2,57.5,57.2,57.3,0,0,0,0,0,0,0,0,0,0,0,0,0,0,0,0,0,77,0,OK
11时34分24秒,46/79 静置,548.56,25.9,14207.4,550.32,25.95,14279.31,549.58,11.91,6543.93,547.73,12,6574.33,77,71.9,71.1,547.5,11,549.4,10.9,547.3,0,547.5,51.4,25.9,25.6,11.9,11.9,25.9,25.6,11.9,11.9,232.3,231.7,231.2,57.5,57.2,57.3,0,0,0,0,0,0,0,0,0,0,0,0,0,0,0,0,0,77,0,OK
11时34分29秒,46/79 静置,547.74,26.05,14266.36,548.68,26.01,14269.98,549.85,11.9,6542.34,550.74,11.77,6481.43,77,71.9,71.1,545.7,11,548.9,10.8,549.3,0,550.4,51.4,26,25.5,11.8,11.7,26,25.5,11.8,11.7,232.2,231.5,231.1,57.8,57.6,57.7,0,0,0,0,0,0,0,0,0,0,0,0,0,0,0,0,0,77,0,OK
11时34分34秒,46/79 静置,547.74,26.05,14266.36,548.68,26.01,14269.98,549.85,11.9,6542.34,550.74,11.77,6481.43,77,71.9,71.1,545.7,11,548.9,10.8,549.3,0,550.4,51.4,26,25.5,11.8,11.7,26,25.5,11.8,11.7,232.2,231.5,231.1,57.8,57.6,57.7,0,0,0,0,0,0,0,0,0,0,0,0,0,0,0,0,0,77,0,OK
11时34分39秒,46/79 静置,546.09,26.14,14273.66,537.47,26.15,14053.07,547.12,11.98,6556.83,550.47,11.97,6587.32,77,71.9,71.1,544.4,11,545.7,11.1,547,0,547.5,51.4,26,25.6,11.9,11.8,26.1,25.7,11.9,11.8,231.8,231.3,230.8,57.8,57.6,57.7,0,0,0,0,0,0,0,0,0,0,0,0,0,0,0,0,0,77,0,OK
11时34分44秒,46/79 静置,546.09,26.14,14273.66,537.47,26.15,14053.07,547.12,11.98,6556.83,550.47,11.97,6587.32,77,71.9,71.1,544.4,11,545.7,11.1,547,0,547.5,51.4,26,25.6,11.9,11.8,26.1,25.7,11.9,11.8,231.8,231.3,230.8,57.8,57.6,57.7,0,0,0,0,0,0,0,0,0,0,0,0,0,0,0,0,0,77,0,OK
11时34分49秒,46/79 静置,547.46,26.06,14264.56,548.95,25.93,14236.89,549.03,12,6588.89,547.18,11.97,6549.59,77,71.9,71.1,543.7,11,546.6,11.2,545.7,0,548.9,51.4,26.1,25.5,11.9,11.9,26,25.5,11.9,11.9,231.8,231.2,230.9,57.8,57.5,57.6,0,0,0,0,0,0,0,0,0,0,0,0,0,0,0,0,0,77,0,OK
11时34分54秒,46/79 静置,547.46,26.06,14264.56,548.95,25.93,14236.89,549.03,12,6588.89,547.18,11.97,6549.59,77,71.9,71.1,543.7,11,546.6,11.2,545.7,0,548.9,51.4,26.1,25.5,11.9,11.9,26,25.5,11.9,11.9,231.8,231.2,230.9,57.8,57.5,57.6,0,0,0,0,0,0,0,0,0,0,0,0,0,0,0,0,0,77,0,OK
11时34分59秒,46/79 静置,550.48,25.76,14178.05,549.5,25.81,14180.75,550.4,11.77,6480.05,546.63,12.01,6567.59,77,72,71.1,546.9,10.9,549.2,11.1,547.6,0,546,51.4,25.9,25.4,11.8,11.9,25.8,25.5,11.8,11.9,232.1,231.3,231.1,57.8,57.5,57.6,0,0,0,0,0,0,0,0,0,0,0,0,0,0,0,0,0,77,0,OK
11时35分04秒,46/79 静置,550.48,25.76,14178.05,549.5,25.81,14180.75,550.4,11.77,6480.05,546.63,12.01,6567.59,77,72,71.1,546.9,10.9,549.2,11.1,547.6,0,546,51.4,25.9,25.4,11.8,11.9,25.8,25.5,11.8,11.9,232.1,231.3,231.1,57.8,57.5,57.6,0,0,0,0,0,0,0,0,0,0,0,0,0,0,0,0,0,77,0,OK
11时35分09秒,46/79 静置,546.64,26.03,14231.39,547.04,26.05,14250.29,550.67,11.86,6531.13,549.65,11.97,6577.5,77,72,71.1,545.9,11.1,546.9,11.1,547.7,0,546.7,51.4,26,25.6,11.7,11.8,26,25.6,11.7,11.8,232.3,231.6,231.3,57.8,57.5,57.6,0,0,0,0,0,0,0,0,0,0,0,0,0,0,0,0,0,77,0,OK
11时35分14秒,46/79 静置,546.64,26.03,14231.39,547.04,26.05,14250.29,550.67,11.86,6531.13,549.65,11.97,6577.5,77,72,71.1,545.9,11.1,546.9,11.1,547.7,0,546.7,51.4,26,25.6,11.7,11.8,26,25.6,11.7,11.8,232.3,231.6,231.3,57.8,57.5,57.6,0,0,0,0,0,0,0,0,0,0,0,0,0,0,0,0,0,77,0,OK
11时35分19秒,46/79 静置,548.01,26.03,14266.53,547.31,25.94,14198.08,550.67,11.96,6584.37,546.91,12.01,6567.15,77,72,71.1,546.2,11,548,11,547.7,0,547.4,51.4,25.9,25.6,11.9,11.9,26,25.3,11.9,11.9,232.1,231.6,231.3,57.7,57.5,57.6,0,0,0,0,0,0,0,0,0,0,0,0,0,0,0,0,0,77,0,OK
11时35分24秒,46/79 静置,548.01,26.03,14266.53,547.31,25.94,14198.08,550.67,11.96,6584.37,546.91,12.01,6567.15,77,72,71.1,546.2,11,548,11,547.7,0,547.4,51.4,25.9,25.6,11.9,11.9,26,25.3,11.9,11.9,232.1,231.6,231.3,57.7,57.5,57.6,0,0,0,0,0,0,0,0,0,0,0,0,0,0,0,0,0,77,0,OK
11时35分29秒,46/79 静置,550.48,25.84,14224.28,549.5,25.72,14134.6,549.3,11.96,6570.71,550.74,11.83,6515.31,77,72,71.1,547.9,11,550.9,10.7,548,0,548.7,51.4,25.8,24.9,11.8,11.8,25.8,25.5,11.8,11.8,232,231.5,231.3,57.9,57.6,57.7,0,0,0,0,0,0,0,0,0,0,0,0,0,0,0,0,0,77,0,OK
11时35分34秒,46/79 静置,550.48,25.84,14224.28,549.5,25.72,14134.6,549.3,11.96,6570.71,550.74,11.83,6515.31,77,72,71.1,547.9,11,550.9,10.7,548,0,548.7,51.4,25.8,24.9,11.8,11.8,25.8,25.5,11.8,11.8,232,231.5,231.3,57.9,57.6,57.7,0,0,0,0,0,0,0,0,0,0,0,0,0,0,0,0,0,77,0,OK
11时35分39秒,46/79 静置,547.46,26.02,14247.45,547.31,26.05,14256.87,547.39,12,6568.66,543.89,12.06,6556.99,77,72,71.1,544.9,10.9,545.2,11.1,545.2,0,544.7,51.4,26,25.7,11.9,11.9,26,25.6,11.9,11.9,232.8,231.6,230.6,57.6,57.5,57.7,0,0,0,0,0,0,0,0,0,0,0,0,0,0,0,0,0,77,0,OK
11时35分44秒,46/79 静置,547.46,26.02,14247.45,547.31,26.05,14256.87,547.39,12,6568.66,543.89,12.06,6556.99,77,72,71.1,544.9,10.9,545.2,11.1,545.2,0,544.7,51.4,26,25.7,11.9,11.9,26,25.6,11.9,11.9,232.8,231.6,230.6,57.6,57.5,57.7,0,0,0,0,0,0,0,0,0,0,0,0,0,0,0,0,0,77,0,OK
11时35分50秒,46/79 静置,547.19,26.04,14247.82,548.13,25.93,14213.47,547.39,11.99,6563.32,546.91,12,6560.2,77,72,71.1,547.2,10.9,549,11,548.1,0,548.6,51.4,25.9,25.4,11.9,11.9,26,25.5,11.9,11.9,232.9,231.7,229.7,57.6,57.5,58,0,0,0,0,0,0,0,0,0,0,0,0,0,0,0,0,0,77,0,OK
11时35分55秒,46/79 静置,548.29,26.02,14265.64,546.22,26.09,14251.35,543.83,12.03,6541.42,542.8,12.02,6525.22,77,72,71.1,544.6,11,546.6,11,546.2,0,547.1,51.4,26,25.6,11.9,11.9,26,25.6,12,11.9,232.8,231.3,229.7,57.6,57.5,57.9,0,0,0,0,0,0,0,0,0,0,0,0,0,0,0,0,0,77,0,OK
11时36分00秒,46/79 静置,548.29,26.02,14265.64,546.22,26.09,14251.35,543.83,12.03,6541.42,542.8,12.02,6525.22,77,72,71.1,544.6,11,546.6,11,546.2,0,547.1,51.4,26,25.6,11.9,11.9,26,25.6,12,11.9,232.8,231.3,229.7,57.6,57.5,57.9,0,0,0,0,0,0,0,0,0,0,0,0,0,0,0,0,0,77,0,OK
11时36分05秒,46/79 静置,548.29,26.02,14265.64,546.22,26.09,14251.35,543.83,12.03,6541.42,542.8,12.02,6525.22,77,72,71.1,544.6,11,546.6,11,546.2,0,547.1,51.4,26,25.6,11.9,11.9,26,25.6,12,11.9,232.8,231.3,229.7,57.6,57.5,57.9,0,0,0,0,0,0,0,0,0,0,0,0,0,0,0,0,0,77,0,OK
11时36分10秒,46/79 静置,546.64,26.08,14254.88,547.86,26,14243.83,550.67,11.89,6547.26,547.45,11.99,6564.1,77,72,71.1,541.6,11,548.7,11,546.6,0,548.9,51.4,26.1,25.6,11.9,11.9,26,25.6,11.9,11.9,233.1,231.6,230.2,57.5,57.4,57.9,0,0,0,0,0,0,0,0,0,0,0,0,0,0,0,0,0,77,0,OK
11时36分15秒,46/79 静置,546.64,26.08,14254.88,547.86,26,14243.83,550.67,11.89,6547.26,547.45,11.99,6564.1,77,72,71.1,541.6,11,548.7,11,546.6,0,548.9,51.4,26.1,25.6,11.9,11.9,26,25.6,11.9,11.9,233.1,231.6,230.2,57.5,57.4,57.9,0,0,0,0,0,0,0,0,0,0,0,0,0,0,0,0,0,77,0,OK
11时36分20秒,46/79 静置,545.82,26.08,14237.73,546.22,26.01,14207.07,549.58,12,6593.84,547.45,11.99,6565.17,77,72,71.1,546.3,10.9,548.2,11.1,546.3,0,547.8,51.4,26,25.6,11.9,11.9,26,25.6,11.9,11.9,232.9,231.8,229.9,57.5,57.4,57.9,0,0,0,0,0,0,0,0,0,0,0,0,0,0,0,0,0,77,0,OK
11时36分25秒,46/79 静置,545.82,26.08,14237.73,546.22,26.01,14207.07,549.58,12,6593.84,547.45,11.99,6565.17,77,72,71.1,546.3,10.9,548.2,11.1,546.3,0,547.8,51.4,26,25.6,11.9,11.9,26,25.6,11.9,11.9,232.9,231.8,229.9,57.5,57.4,57.9,0,0,0,0,0,0,0,0,0,0,0,0,0,0,0,0,0,77,0,OK
11时36分30秒,46/79 静置,549.38,25.95,14254.98,550.59,25.68,14138.54,547.39,11.98,6559.58,546.63,12.01,6563.85,77,72,71.1,545.6,11,547.1,10.9,546.2,0,544.1,51.4,26,25.1,11.8,11.9,26,25.1,11.8,11.9,233,231.6,229.9,57.4,57.3,57.8,0,0,0,0,0,0,0,0,0,0,0,0,0,0,0,0,0,77,0,OK
11时36分35秒,46/79 静置,549.38,25.95,14254.98,550.59,25.68,14138.54,547.39,11.98,6559.58,546.63,12.01,6563.85,77,72,71.1,545.6,11,547.1,10.9,546.2,0,544.1,51.4,26,25.1,11.8,11.9,26,25.1,11.8,11.9,233,231.6,229.9,57.4,57.3,57.8,0,0,0,0,0,0,0,0,0,0,0,0,0,0,0,0,0,77,0,OK
11时36分40秒,46/79 静置,548.83,26.04,14291.68,545.13,26.04,14194.59,548.21,12,6577.44,549.37,11.98,6581.72,77,72,71.1,546.4,10.8,545.1,11.1,546.8,0,549,51.4,26,25.5,11.9,11.8,26,25.5,11.9,11.8,233.2,231.8,229.8,57.4,57.4,57.8,0,0,0,0,0,0,0,0,0,0,0,0,0,0,0,0,0,77,0,OK
11时36分45秒,46/79 静置,548.83,26.04,14291.68,545.13,26.04,14194.59,548.21,12,6577.44,549.37,11.98,6581.72,77,72,71.1,546.4,10.8,545.1,11.1,546.8,0,549,51.4,26,25.5,11.9,11.8,26,25.5,11.9,11.8,233.2,231.8,229.8,57.4,57.4,57.8,0,0,0,0,0,0,0,0,0,0,0,0,0,0,0,0,0,77,0,OK
11时36分50秒,46/79 静置,544.45,26.09,14206.24,543.76,26.12,14200.44,546.84,12.01,6567.44,546.36,12.01,6561.64,77,72,71.1,544.2,11,544.9,11.1,545,0,547.8,51.4,26,25.7,11.9,11.9,26.1,25.7,11.9,11.9,233,231.7,229.7,57.4,57.4,57.8,0,0,0,0,0,0,0,0,0,0,0,0,0,0,0,0,0,77,0,OK
11时36分55秒,46/79 静置,544.45,26.09,14206.24,543.76,26.12,14200.44,546.84,12.01,6567.44,546.36,12.01,6561.64,77,72,71.1,544.2,11,544.9,11.1,545,0,547.8,51.4,26,25.7,11.9,11.9,26.1,25.7,11.9,11.9,233,231.7,229.7,57.4,57.4,57.8,0,0,0,0,0,0,0,0,0,0,0,0,0,0,0,0,0,77,0,OK
11时37分00秒,46/79 静置,548.01,25.97,14234.42,545.4,26.05,14208.64,551.76,11.49,6338.27,551.01,11.71,6451.82,77,72,71.1,546.4,11,547.2,11,548.4,0,547.7,51.4,26,25.6,11.6,11.7,25.9,25.6,11.6,11.7,233,231.8,229.8,57.6,57.6,58,0,0,0,0,0,0,0,0,0,0,0,0,0,0,0,0,0,77,0,OK
11时37分05秒,46/79 静置,548.01,25.97,14234.42,545.4,26.05,14208.64,551.76,11.49,6338.27,551.01,11.71,6451.82,77,72,71.1,546.4,11,547.2,11,548.4,0,547.7,51.4,26,25.6,11.6,11.7,25.9,25.6,11.6,11.7,233,231.8,229.8,57.6,57.6,58,0,0,0,0,0,0,0,0,0,0,0,0,0,0,0,0,0,77,0,OK
11时37分10秒,46/79 静置,549.38,25.99,14277.51,548.68,25.92,14221.76,547.66,11.98,6561.25,549.1,11.99,6584.88,77,72,71.1,545.6,11,548.8,10.8,548.1,0,546.3,51.4,26,25.6,11.9,11.9,26,25.6,11.9,11.9,233.4,232,230.2,57.5,57.4,57.9,0,0,0,0,0,0,0,0,0,0,0,0,0,0,0,0,0,77,0,OK
11时37分15秒,46/79 静置,549.38,25.99,14277.51,548.68,25.92,14221.76,547.66,11.98,6561.25,549.1,11.99,6584.88,77,72,71.1,545.6,11,548.8,10.8,548.1,0,546.3,51.4,26,25.6,11.9,11.9,26,25.6,11.9,11.9,233.4,232,230.2,57.5,57.4,57.9,0,0,0,0,0,0,0,0,0,0,0,0,0,0,0,0,0,77,0,OK
11时37分20秒,46/79 静置,544.72,26.05,14192.1,549.5,25.97,14271.44,545.75,12.03,6563.37,549.1,12,6591.32,77,72,71.1,545.6,11.1,548.1,11.1,546.2,0,544.6,51.4,26,25.5,11.9,11.9,26,25.5,11.9,11.9,232.8,231.8,229.9,57.7,57.6,58.1,0,0,0,0,0,0,0,0,0,0,0,0,0,0,0,0,0,77,0,OK
11时37分25秒,46/79 静置,544.72,26.05,14192.1,549.5,25.97,14271.44,545.75,12.03,6563.37,549.1,12,6591.32,77,72,71.1,545.6,11.1,548.1,11.1,546.2,0,544.6,51.4,26,25.5,11.9,11.9,26,25.5,11.9,11.9,232.8,231.8,229.9,57.7,57.6,58.1,0,0,0,0,0,0,0,0,0,0,0,0,0,0,0,0,0,77,0,OK
11时37分30秒,46/79 静置,547.19,26.02,14240.34,547.86,26.04,14264.7,549.85,11.95,6568.11,546.91,12,6563.41,77,72,71.1,546.9,11,547,11.2,549.5,0,545.6,51.4,25.9,25.5,11.8,11.8,25.9,25.5,11.8,11.8,233,231.7,229.7,57.5,57.4,57.9,0,0,0,0,0,0,0,0,0,0,0,0,0,0,0,0,0,77,0,OK
11时37分35秒,46/79 静置,547.19,26.02,14240.34,547.86,26.04,14264.7,549.85,11.95,6568.11,546.91,12,6563.41,77,72,71.1,546.9,11,547,11.2,549.5,0,545.6,51.4,25.9,25.5,11.8,11.8,25.9,25.5,11.8,11.8,233,231.7,229.7,57.5,57.4,57.9,0,0,0,0,0,0,0,0,0,0,0,0,0,0,0,0,0,77,0,OK
11时37分40秒,46/79 静置,546.92,25.94,14186.73,546.49,26.03,14225.93,549.03,11.97,6571.73,549.1,11.98,6578.45,77,72,71.1,548.9,11,545.9,11.1,548,0,547.2,51.4,25.3,25.6,11.9,11.8,26,25.6,11.9,11.8,233.3,231.8,229.8,57.7,57.5,58,0,0,0,0,0,0,0,0,0,0,0,0,0,0,0,0,0,77,0,OK
11时37分45秒,46/79 静置,546.92,25.94,14186.73,546.49,26.03,14225.93,549.03,11.97,6571.73,549.1,11.98,6578.45,77,72,71.1,548.9,11,545.9,11.1,548,0,547.2,51.4,25.3,25.6,11.9,11.8,26,25.6,11.9,11.8,233.3,231.8,229.8,57.7,57.5,58,0,0,0,0,0,0,0,0,0,0,0,0,0,0,0,0,0,77,0,OK
11时37分50秒,46/79 静置,546.92,26.07,14258.83,550.32,25.59,14080.46,546.02,12.01,6559.72,551.29,11.85,6532.02,77,72,71.1,544,11.1,548.8,10.9,546.3,0,546.8,51.4,26,25.3,11.9,11.8,26,25.3,11.9,11.8,233.2,232,229.7,57.6,57.5,58,0,0,0,0,0,0,0,0,0,0,0,0,0,0,0,0,0,77,0,OK
11时37分55秒,46/79 静置,546.92,26.07,14258.83,550.32,25.59,14080.46,546.02,12.01,6559.72,551.29,11.85,6532.02,77,72,71.1,544,11.1,548.8,10.9,546.3,0,546.8,51.4,26,25.3,11.9,11.8,26,25.3,11.9,11.8,233.2,232,229.7,57.6,57.5,58,0,0,0,0,0,0,0,0,0,0,0,0,0,0,0,0,0,77,0,OK
11时38分00秒,46/79 静置,547.74,26.04,14265.83,550.05,25.91,14251.26,550.4,11.92,6560.13,550.19,11.93,6564.17,77,72,71.1,544.9,10.9,548.9,11.1,547.1,0,547.5,51.4,26,25.5,11.8,11.8,26,25.5,11.8,11.8,233.1,231.9,229.7,57.7,57.6,58,0,0,0,0,0,0,0,0,0,0,0,0,0,0,0,0,0,77,0,OK
11时38分05秒,46/79 静置,547.74,26.04,14265.83,550.05,25.91,14251.26,550.4,11.92,6560.13,550.19,11.93,6564.17,77,72,71.1,544.9,10.9,548.9,11.1,547.1,0,547.5,51.4,26,25.5,11.8,11.8,26,25.5,11.8,11.8,233.1,231.9,229.7,57.7,57.6,58,0,0,0,0,0,0,0,0,0,0,0,0,0,0,0,0,0,77,0,OK
11时38分10秒,46/79 静置,545.55,26.09,14232.17,548.95,25.92,14230.99,546.02,12.03,6569.32,549.37,11.98,6582.8,77,72,71.1,542.3,11.1,547.8,11.1,542.6,0,547.4,51.4,26.1,25.6,11.9,11.9,26,25.6,11.9,11.9,233.2,232,229.7,57.6,57.5,57.9,0,0,0,0,0,0,0,0,0,0,0,0,0,0,0,0,0,77,0,OK
11时38分15秒,46/79 静置,543.9,26.12,14206.29,547.31,25.94,14195.94,543.01,12.05,6545.87,541.43,12.07,6535.73,77,72,71.1,540,11,545.8,11,542.5,0,541.8,51.4,26.1,25.5,12,12,26.1,25.5,12,12,233.2,232,229.7,57.4,57.3,57.8,0,0,0,0,0,0,0,0,0,0,0,0,0,0,0,0,0,77,0,OK
11时38分20秒,46/79 静置,543.9,26.12,14206.29,547.31,25.94,14195.94,543.01,12.05,6545.87,541.43,12.07,6535.73,77,72,71.1,540,11,545.8,11,542.5,0,541.8,51.4,26.1,25.5,12,12,26.1,25.5,12,12,233.2,232,229.7,57.4,57.3,57.8,0,0,0,0,0,0,0,0,0,0,0,0,0,0,0,0,0,77,0,OK
11时38分25秒,46/79 静置,548.29,26.03,14272.6,547.31,26.03,14245.65,549.58,11.97,6577.74,550.19,12,6602.86,77,72,71.1,546,11,549,11,545,0,545.9,51.4,26,25.5,11.9,11.7,26,25.5,11.9,11.7,233,231.8,229.7,57.3,57.1,57.6,0,0,0,0,0,0,0,0,0,0,0,0,0,0,0,0,0,77,0,OK
11时38分30秒,46/79 静置,548.29,26.03,14272.6,547.31,26.03,14245.65,549.58,11.97,6577.74,550.19,12,6602.86,77,72,71.1,546,11,549,11,545,0,545.9,51.4,26,25.5,11.9,11.7,26,25.5,11.9,11.7,233,231.8,229.7,57.3,57.1,57.6,0,0,0,0,0,0,0,0,0,0,0,0,0,0,0,0,0,77,0,OK
11时38分35秒,46/79 静置,547.19,26,14226.44,545.4,26.03,14198.52,546.29,11.96,6531.53,547.73,11.99,6569.52,77,72,71.1,544.1,10.9,548.6,11.1,547.3,0,548,51.4,26,25.6,11.9,11.9,25.9,25.6,11.9,11.9,233,231.9,229.7,57.4,57.3,57.8,0,0,0,0,0,0,0,0,0,0,0,0,0,0,0,0,0,77,0,OK
11时38分40秒,46/79 静置,547.19,26,14226.44,545.4,26.03,14198.52,546.29,11.96,6531.53,547.73,11.99,6569.52,77,72,71.1,544.1,10.9,548.6,11.1,547.3,0,548,51.4,26,25.6,11.9,11.9,25.9,25.6,11.9,11.9,233,231.9,229.7,57.4,57.3,57.8,0,0,0,0,0,0,0,0,0,0,0,0,0,0,0,0,0,77,0,OK
11时38分45秒,46/79 静置,549.66,25.82,14191.25,549.23,25.97,14261.65,550.4,11.94,6573.57,549.92,11.95,6573.25,77,72,71.1,547.1,10.8,548.3,11,547.6,0,548.2,51.4,25.8,25.6,11.8,11.8,25.8,25.6,11.8,11.8,233,231.9,229.6,57.7,57.5,58,0,0,0,0,0,0,0,0,0,0,0,0,0,0,0,0,0,77,0,OK
11时38分50秒,46/79 静置,549.66,25.82,14191.25,549.23,25.97,14261.65,550.4,11.94,6573.57,549.92,11.95,6573.25,77,72,71.1,547.1,10.8,548.3,11,547.6,0,548.2,51.4,25.8,25.6,11.8,11.8,25.8,25.6,11.8,11.8,233,231.9,229.6,57.7,57.5,58,0,0,0,0,0,0,0,0,0,0,0,0,0,0,0,0,0,77,0,OK
11时38分55秒,46/79 静置,547.74,26.02,14251.92,549.77,25.99,14289.28,545.2,11.96,6521.12,539.78,12.06,6511.67,77,72,71.1,544.2,11.1,546.7,11.2,546.5,0,547.1,51.4,26,25.6,11.9,11.9,26,25.6,11.9,11.9,233.2,232.3,229.7,57.5,57.3,57.9,0,0,0,0,0,0,0,0,0,0,0,0,0,0,0,0,0,77,0,OK
11时39分00秒,46/79 静置,547.74,26.02,14251.92,549.77,25.99,14289.28,545.2,11.96,6521.12,539.78,12.06,6511.67,77,72,71.1,544.2,11.1,546.7,11.2,546.5,0,547.1,51.4,26,25.6,11.9,11.9,26,25.6,11.9,11.9,233.2,232.3,229.7,57.5,57.3,57.9,0,0,0,0,0,0,0,0,0,0,0,0,0,0,0,0,0,77,0,OK
11时39分05秒,46/79 静置,545,26.06,14204.57,547.59,26,14236.72,548.21,11.96,6558.7,549.1,11.93,6552.71,77,72,71.1,544.7,10.8,547,10.9,547.4,0,547.5,51.4,26,25.6,11.9,11.8,26,25.6,11.9,11.8,232.9,232,229.7,57.7,57.5,58,0,0,0,0,0,0,0,0,0,0,0,0,0,0,0,0,0,77,0,OK
11时39分10秒,46/79 静置,545,26.06,14204.57,547.59,26,14236.72,548.21,11.96,6558.7,549.1,11.93,6552.71,77,72,71.1,544.7,10.8,547,10.9,547.4,0,547.5,51.4,26,25.6,11.9,11.8,26,25.6,11.9,11.8,232.9,232,229.7,57.7,57.5,58,0,0,0,0,0,0,0,0,0,0,0,0,0,0,0,0,0,77,0,OK
11时39分15秒,46/79 静置,550.75,25.73,14172.74,546.49,26.04,14231.26,547.66,11.99,6566.06,544.71,12.03,6554.66,77,72,71.1,546,11.1,547.6,11.1,546.3,0,543.5,51.4,26,25.6,11.9,11.9,25.8,25.6,11.9,11.9,232.7,231.9,229.5,57.7,57.6,58.1,0,0,0,0,0,0,0,0,0,0,0,0,0,0,0,0,0,77,0,OK
11时39分20秒,46/79 静置,550.75,25.73,14172.74,546.49,26.04,14231.26,547.66,11.99,6566.06,544.71,12.03,6554.66,77,72,71.1,546,11.1,547.6,11.1,546.3,0,543.5,51.4,26,25.6,11.9,11.9,25.8,25.6,11.9,11.9,232.7,231.9,229.5,57.7,57.6,58.1,0,0,0,0,0,0,0,0,0,0,0,0,0,0,0,0,0,77,0,OK
11时39分25秒,46/79 静置,548.29,25.96,14233.51,548.95,26.04,14295.32,550.94,11.93,6572.03,550.47,11.91,6557.76,77,72,71.1,547.6,11,548.2,11,548,0,548.6,51.4,25.9,25.6,11.9,11.8,26,25.6,11.9,11.8,232.7,231.8,229.8,57.7,57.5,58,0,0,0,0,0,0,0,0,0,0,0,0,0,0,0,0,0,77,0,OK
11时39分30秒,46/79 静置,548.29,25.96,14233.51,548.95,26.04,14295.32,550.94,11.93,6572.03,550.47,11.91,6557.76,77,72,71.1,547.6,11,548.2,11,548,0,548.6,51.4,25.9,25.6,11.9,11.8,26,25.6,11.9,11.8,232.7,231.8,229.8,57.7,57.5,58,0,0,0,0,0,0,0,0,0,0,0,0,0,0,0,0,0,77,0,OK
11时39分35秒,46/79 静置,545.82,26.04,14215.34,545.95,26.08,14238.88,549.3,11.97,6573.39,548.55,12,6585.28,77,72,71.1,546.5,11,545.1,10.9,548.3,0,548.1,51.4,26,25.7,11.8,11.9,26,25.6,11.8,11.9,232.9,231.9,229.9,57.6,57.4,57.9,0,0,0,0,0,0,0,0,0,0,0,0,0,0,0,0,0,77,0,OK
11时39分40秒,46/79 静置,545.82,26.04,14215.34,545.95,26.08,14238.88,549.3,11.97,6573.39,548.55,12,6585.28,77,72,71.1,546.5,11,545.1,10.9,548.3,0,548.1,51.4,26,25.7,11.8,11.9,26,25.6,11.8,11.9,232.9,231.9,229.9,57.6,57.4,57.9,0,0,0,0,0,0,0,0,0,0,0,0,0,0,0,0,0,77,0,OK
11时39分45秒,46/79 静置,550.21,25.87,14234.41,547.59,25.95,14210.52,551.22,11.78,6492.4,551.01,11.79,6497.02,77,72,71.1,547.2,11,546.6,11.2,546.7,0,547,51.4,25.9,25.6,11.8,11.8,25.9,25.6,11.8,11.8,232.8,232,229.8,57.7,57.5,58,0,0,0,0,0,0,0,0,0,0,0,0,0,0,0,0,0,77,0,OK
11时39分50秒,46/79 静置,550.21,25.87,14234.41,547.59,25.95,14210.52,551.22,11.78,6492.4,551.01,11.79,6497.02,77,72,71.1,547.2,11,546.6,11.2,546.7,0,547,51.4,25.9,25.6,11.8,11.8,25.9,25.6,11.8,11.8,232.8,232,229.8,57.7,57.5,58,0,0,0,0,0,0,0,0,0,0,0,0,0,0,0,0,0,77,0,OK
11时39分55秒,46/79 静置,546.64,26.05,14238.86,547.04,26.02,14234.26,547.66,11.99,6564.46,548.55,12,6583.67,77,72,71.1,544.1,11,548.5,11.1,548,0,546.6,51.4,26,25.5,11.8,11.8,26,25.6,11.8,11.8,232.7,232,229.9,57.7,57.5,58,0,0,0,0,0,0,0,0,0,0,0,0,0,0,0,0,0,77,0,OK
11时40分00秒,46/79 静置,546.64,26.05,14238.86,547.04,26.02,14234.26,547.66,11.99,6564.46,548.55,12,6583.67,77,72,71.1,544.1,11,548.5,11.1,548,0,546.6,51.4,26,25.5,11.8,11.8,26,25.6,11.8,11.8,232.7,232,229.9,57.7,57.5,58,0,0,0,0,0,0,0,0,0,0,0,0,0,0,0,0,0,77,0,OK
11时40分05秒,46/79 静置,546.64,26.05,14238.86,547.04,26.02,14234.26,547.66,11.99,6564.46,548.55,12,6583.67,77,72,71.1,544.1,11,548.5,11.1,548,0,546.6,51.4,26,25.5,11.8,11.8,26,25.6,11.8,11.8,232.7,232,229.9,57.7,57.5,58,0,0,0,0,0,0,0,0,0,0,0,0,0,0,0,0,0,77,0,OK
11时40分10秒,46/79 静置,549.38,25.87,14210.99,549.23,25.97,14263.26,547.12,12,6564.85,547.18,12,6563.48,77,72,71.1,547.8,11,549,10.9,547.8,0,548.5,51.4,25.9,25.6,11.9,11.8,25.9,25.6,11.9,11.8,232.6,231.7,229.7,57.5,57.3,57.8,0,0,0,0,0,0,0,0,0,0,0,0,0,0,0,0,0,77,0,OK
11时40分15秒,46/79 静置,547.19,26.18,14325.3,548.13,26.23,14379.41,545.47,12.04,6567.54,539.78,12.02,6487.95,77,72,71.1,541.5,11,542,11.2,542.1,0,542.8,51.4,26.2,25.7,12,12,26.2,25.7,12,12,232.8,231.7,229.9,57.4,57.2,57.7,0,0,0,0,0,0,0,0,0,0,0,0,0,0,0,0,0,77,0,OK
11时40分20秒,46/79 静置,547.19,26.18,14325.3,548.13,26.23,14379.41,545.47,12.04,6567.54,539.78,12.02,6487.95,77,72,71.1,541.5,11,542,11.2,542.1,0,542.8,51.4,26.2,25.7,12,12,26.2,25.7,12,12,232.8,231.7,229.9,57.4,57.2,57.7,0,0,0,0,0,0,0,0,0,0,0,0,0,0,0,0,0,77,0,OK
11时40分25秒,46/79 静置,540.34,26.29,14205.58,540.75,26.17,14150.96,539.19,12.1,6523.42,539.24,12.1,6526.66,77,72,71.1,537.2,11.1,541.1,11.3,537.9,0,538.6,51.4,26.2,25.7,12.1,12,26.3,25.7,12.1,12,232.8,231.7,229.9,57.3,57.1,57.6,0,0,0,0,0,0,0,0,0,0,0,0,0,0,0,0,0,77,0,OK
11时40分30秒,46/79 静置,540.34,26.29,14205.58,540.75,26.17,14150.96,539.19,12.1,6523.42,539.24,12.1,6526.66,77,72,71.1,537.2,11.1,541.1,11.3,537.9,0,538.6,51.4,26.2,25.7,12.1,12,26.3,25.7,12.1,12,232.8,231.7,229.9,57.3,57.1,57.6,0,0,0,0,0,0,0,0,0,0,0,0,0,0,0,0,0,77,0,OK
11时40分35秒,46/79 静置,546.64,26.02,14224.45,549.23,25.84,14190.86,550.12,11.96,6577.29,550.74,11.91,6558.88,77,72,71.1,545.2,11.1,548.9,11,546.8,0,546.6,51.4,26,25.5,11.9,11.8,26,25.5,11.9,11.8,232.8,231.8,230.1,57.7,57.5,58,0,0,0,0,0,0,0,0,0,0,0,0,0,0,0,0,0,77,0,OK
11时40分40秒,46/79 静置,546.64,26.02,14224.45,549.23,25.84,14190.86,550.12,11.96,6577.29,550.74,11.91,6558.88,77,72,71.1,545.2,11.1,548.9,11,546.8,0,546.6,51.4,26,25.5,11.9,11.8,26,25.5,11.9,11.8,232.8,231.8,230.1,57.7,57.5,58,0,0,0,0,0,0,0,0,0,0,0,0,0,0,0,0,0,77,0,OK
11时40分45秒,46/79 静置,541.16,26.07,14109.35,549.23,25.94,14247.17,539.73,11.99,6468.89,541.43,12.02,6505.59,77,71.9,71,544,11,547.1,11.1,547.3,0,546.1,51.4,26,25.5,11.9,11.8,25.9,25.5,11.9,11.8,233,231.9,230.2,57.7,57.5,58,0,0,0,0,0,0,0,0,0,0,0,0,0,0,0,0,0,77,0,OK
11时40分50秒,46/79 静置,541.16,26.07,14109.35,549.23,25.94,14247.17,539.73,11.99,6468.89,541.43,12.02,6505.59,77,71.9,71,544,11,547.1,11.1,547.3,0,546.1,51.4,26,25.5,11.9,11.8,25.9,25.5,11.9,11.8,233,231.9,230.2,57.7,57.5,58,0,0,0,0,0,0,0,0,0,0,0,0,0,0,0,0,0,77,0,OK
11时40分55秒,46/79 静置,546.92,26.05,14248.68,549.5,25.7,14120.65,541.92,12.06,6533.22,548.55,11.99,6578.85,77,71.9,71,543.5,11.1,547.6,11.2,543,0,544.9,51.4,26,25.5,12,11.9,26,25.5,12,11.9,233.1,232,230.2,57.6,57.4,57.9,0,0,0,0,0,0,0,0,0,0,0,0,0,0,0,0,0,77,0,OK
11时41分00秒,46/79 静置,546.92,26.05,14248.68,549.5,25.7,14120.65,541.92,12.06,6533.22,548.55,11.99,6578.85,77,71.9,71,543.5,11.1,547.6,11.2,543,0,544.9,51.4,26,25.5,12,11.9,26,25.5,12,11.9,233.1,232,230.2,57.6,57.4,57.9,0,0,0,0,0,0,0,0,0,0,0,0,0,0,0,0,0,77,0,OK
11时41分05秒,46/79 静置,549.38,25.86,14206.7,548.41,26.02,14271.44,549.3,12,6588.95,548.55,11.99,6576.71,77,71.9,71,546.9,10.9,544.3,11.2,545.5,0,546.3,51.4,26,25.6,11.9,11.8,25.9,25.6,11.9,11.8,233.2,232,230.2,57.6,57.4,57.9,0,0,0,0,0,0,0,0,0,0,0,0,0,0,0,0,0,77,0,OK
11时41分10秒,46/79 静置,549.38,25.86,14206.7,548.41,26.02,14271.44,549.3,12,6588.95,548.55,11.99,6576.71,77,71.9,71,546.9,10.9,544.3,11.2,545.5,0,546.3,51.4,26,25.6,11.9,11.8,25.9,25.6,11.9,11.8,233.2,232,230.2,57.6,57.4,57.9,0,0,0,0,0,0,0,0,0,0,0,0,0,0,0,0,0,77,0,OK
11时41分15秒,46/79 静置,547.46,26.01,14238.36,546.22,26.06,14235.88,550.67,11.89,6547.8,547.18,11.98,6556.54,77,71.9,71,546.6,11.1,547,11,547.5,0,547.8,51.4,25.9,25.6,11.8,11.9,26,25.6,11.8,11.9,232.9,231.6,229.9,57.7,57.5,58,0,0,0,0,0,0,0,0,0,0,0,0,0,0,0,0,0,77,0,OK
11时41分20秒,46/79 静置,547.46,26.01,14238.36,546.22,26.06,14235.88,550.67,11.89,6547.8,547.18,11.98,6556.54,77,71.9,71,546.6,11.1,547,11,547.5,0,547.8,51.4,25.9,25.6,11.8,11.9,26,25.6,11.8,11.9,232.9,231.6,229.9,57.7,57.5,58,0,0,0,0,0,0,0,0,0,0,0,0,0,0,0,0,0,77,0,OK
11时41分25秒,46/79 静置,545.27,26.06,14209.59,544.58,26.07,14198.97,541.92,11.98,6494.58,544.99,12.02,6548.91,77,71.8,71,547.2,10.9,544.3,11,547,0,546.7,51.4,25.9,25.6,11.9,11.9,26,25.6,11.9,11.9,233,231.9,230.1,57.6,57.4,57.9,0,0,0,0,0,0,0,0,0,0,0,0,0,0,0,0,0,77,0,OK
11时41分30秒,46/79 静置,545.27,26.06,14209.59,544.58,26.07,14198.97,541.92,11.98,6494.58,544.99,12.02,6548.91,77,71.8,71,547.2,10.9,544.3,11,547,0,546.7,51.4,25.9,25.6,11.9,11.9,26,25.6,11.9,11.9,233,231.9,230.1,57.6,57.4,57.9,0,0,0,0,0,0,0,0,0,0,0,0,0,0,0,0,0,77,0,OK
11时41分35秒,46/79 静置,549.11,25.96,14254.32,546.49,26.08,14252.08,546.29,12.01,6561.41,547.73,11.99,6565.78,77,71.8,71,547.4,10.9,547.6,11.1,544.2,0,545.2,51.4,25.9,25.6,11.9,11.9,26,25.6,11.9,11.9,233.3,232.3,230.4,57.5,57.3,57.8,0,0,0,0,0,0,0,0,0,0,0,0,0,0,0,0,0,77,0,OK
11时41分40秒,46/79 静置,549.11,25.96,14254.32,546.49,26.08,14252.08,546.29,12.01,6561.41,547.73,11.99,6565.78,77,71.8,71,547.4,10.9,547.6,11.1,544.2,0,545.2,51.4,25.9,25.6,11.9,11.9,26,25.6,11.9,11.9,233.3,232.3,230.4,57.5,57.3,57.8,0,0,0,0,0,0,0,0,0,0,0,0,0,0,0,0,0,77,0,OK
11时41分45秒,46/79 静置,550.48,25.93,14274.81,547.59,26.01,14245.28,550.4,11.96,6580.56,550.47,11.93,6564.75,77,71.8,71,546,10.9,549,11.1,544.6,0,549.5,51.4,26,25.5,11.9,11.8,25.7,25.5,11.9,11.8,233,231.8,230,57.4,57.2,57.7,0,0,0,0,0,0,0,0,0,0,0,0,0,0,0,0,0,77,0,OK
11时41分50秒,46/79 静置,550.48,25.93,14274.81,547.59,26.01,14245.28,550.4,11.96,6580.56,550.47,11.93,6564.75,77,71.8,71,546,10.9,549,11.1,544.6,0,549.5,51.4,26,25.5,11.9,11.8,25.7,25.5,11.9,11.8,233,231.8,230,57.4,57.2,57.7,0,0,0,0,0,0,0,0,0,0,0,0,0,0,0,0,0,77,0,OK
11时41分55秒,46/79 静置,544.18,26.09,14198.55,547.59,26,14234.59,547.66,12,6569.27,549.1,11.98,6576.3,77,71.8,71,543.9,11.1,546.6,11,545.9,0,547.1,51.4,26,25.6,11.9,11.9,26.1,25.6,11.9,11.9,232.9,232,230.1,57.6,57.4,57.9,0,0,0,0,0,0,0,0,0,0,0,0,0,0,0,0,0,77,0,OK
11时42分00秒,46/79 静置,544.18,26.09,14198.55,547.59,26,14234.59,547.66,12,6569.27,549.1,11.98,6576.3,77,71.8,71,543.9,11.1,546.6,11,545.9,0,547.1,51.4,26,25.6,11.9,11.9,26.1,25.6,11.9,11.9,232.9,232,230.1,57.6,57.4,57.9,0,0,0,0,0,0,0,0,0,0,0,0,0,0,0,0,0,77,0,OK
11时42分05秒,46/79 静置,549.38,26,14285.03,548.68,25.97,14250.16,547.66,11.99,6567.13,546.63,12.01,6565.99,77,71.8,71,544.4,11.1,546.7,11.1,544.1,0,545.2,51.4,26,25.5,11.9,11.9,25.7,25.5,11.9,11.9,232.7,231.9,229.8,57.4,57.2,57.7,0,0,0,0,0,0,0,0,0,0,0,0,0,0,0,0,0,77,0,OK
11时42分10秒,46/79 静置,549.38,26,14285.03,548.68,25.97,14250.16,547.66,11.99,6567.13,546.63,12.01,6565.99,77,71.8,71,544.4,11.1,546.7,11.1,544.1,0,545.2,51.4,26,25.5,11.9,11.9,25.7,25.5,11.9,11.9,232.7,231.9,229.8,57.4,57.2,57.7,0,0,0,0,0,0,0,0,0,0,0,0,0,0,0,0,0,77,0,OK
11时42分15秒,46/79 静置,548.01,26.03,14265.46,541.85,26.16,14173.76,547.12,12,6564.31,549.37,11.98,6582.8,77,71.8,71,544.6,10.9,543.3,11.1,547.8,0,546.9,51.4,26,25.7,11.9,11.8,26,25.7,11.9,11.8,232.9,231.7,229.9,57.5,57.4,57.8,0,0,0,0,0,0,0,0,0,0,0,0,0,0,0,0,0,77,0,OK
11时42分20秒,46/79 静置,548.01,26.03,14265.46,541.85,26.16,14173.76,547.12,12,6564.31,549.37,11.98,6582.8,77,71.8,71,544.6,10.9,543.3,11.1,547.8,0,546.9,51.4,26,25.7,11.9,11.8,26,25.7,11.9,11.8,232.9,231.7,229.9,57.5,57.4,57.8,0,0,0,0,0,0,0,0,0,0,0,0,0,0,0,0,0,77,0,OK
11时42分25秒,46/79 静置,549.66,25.98,14278.74,549.23,25.92,14234.3,548.21,12,6580.65,549.1,11.99,6581.66,77,71.8,70.9,547.6,10.9,548.3,11.2,545.4,0,547.1,51.4,25.8,25.5,11.9,11.9,25.9,25.5,11.9,11.9,232.7,231.9,229.8,57.7,57.5,58,0,0,0,0,0,0,0,0,0,0,0,0,0,0,0,0,0,77,0,OK
11时42分30秒,46/79 静置,549.66,25.98,14278.74,549.23,25.92,14234.3,548.21,12,6580.65,549.1,11.99,6581.66,77,71.8,70.9,547.6,10.9,548.3,11.2,545.4,0,547.1,51.4,25.8,25.5,11.9,11.9,25.9,25.5,11.9,11.9,232.7,231.9,229.8,57.7,57.5,58,0,0,0,0,0,0,0,0,0,0,0,0,0,0,0,0,0,77,0,OK
11时42分35秒,46/79 静置,541.99,26.16,14175.78,548.68,25.98,14256.05,547.12,11.99,6561.11,544.17,12.06,6560.83,77,71.8,70.9,539.2,11.1,546.1,11,546.6,0,542.5,51.4,26.2,25.5,11.9,11.9,26.1,25.5,11.9,11.9,233,232,230,57.5,57.4,57.8,0,0,0,0,0,0,0,0,0,0,0,0,0,0,0,0,0,77,0,OK
11时42分40秒,46/79 静置,541.99,26.16,14175.78,548.68,25.98,14256.05,547.12,11.99,6561.11,544.17,12.06,6560.83,77,71.8,70.9,539.2,11.1,546.1,11,546.6,0,542.5,51.4,26.2,25.5,11.9,11.9,26.1,25.5,11.9,11.9,233,232,230,57.5,57.4,57.8,0,0,0,0,0,0,0,0,0,0,0,0,0,0,0,0,0,77,0,OK
11时42分45秒,46/79 静置,549.11,25.89,14217.86,546.49,26.08,14253.68,545.2,12.04,6561.58,548,12,6574.95,77,71.8,70.8,547.1,11,544.2,10.9,544.7,0,545.7,51.4,25.9,25.6,12,11.9,25.9,25.6,12,11.9,233,232,230,57.6,57.4,57.9,0,0,0,0,0,0,0,0,0,0,0,0,0,0,0,0,0,77,0,OK
11时42分50秒,46/79 静置,549.11,25.89,14217.86,546.49,26.08,14253.68,545.2,12.04,6561.58,548,12,6574.95,77,71.8,70.8,547.1,11,544.2,10.9,544.7,0,545.7,51.4,25.9,25.6,12,11.9,25.9,25.6,12,11.9,233,232,230,57.6,57.4,57.9,0,0,0,0,0,0,0,0,0,0,0,0,0,0,0,0,0,77,0,OK
11时42分55秒,46/79 静置,548.83,25.93,14233.8,547.59,26.04,14259.18,546.84,12.01,6568.51,548,11.98,6562.64,77,71.8,70.8,546.6,11.1,545.3,11.1,545.1,0,547.3,51.4,26,25.5,11.9,11.8,25.8,25.5,11.9,11.8,233,232.1,230,57.2,56.9,57.5,0,0,0,0,0,0,0,0,0,0,0,0,0,0,0,0,0,77,0,OK
11时43分00秒,46/79 静置,548.83,25.93,14233.8,547.59,26.04,14259.18,546.84,12.01,6568.51,548,11.98,6562.64,77,71.8,70.8,546.6,11.1,545.3,11.1,545.1,0,547.3,51.4,26,25.5,11.9,11.8,25.8,25.5,11.9,11.8,233,232.1,230,57.2,56.9,57.5,0,0,0,0,0,0,0,0,0,0,0,0,0,0,0,0,0,77,0,OK
11时43分05秒,46/79 静置,549.11,26.01,14283.28,546.77,26.08,14261.88,549.85,11.91,6546.64,546.08,11.97,6538.61,77,71.8,70.8,545.5,10.8,546,11.1,547.1,0,548.4,51.4,26,25.6,11.9,11.9,26,25.6,11.9,11.9,233.1,232.1,230,57.4,57.2,57.7,0,0,0,0,0,0,0,0,0,0,0,0,0,0,0,0,0,77,0,OK
11时43分10秒,46/79 静置,549.11,26.01,14283.28,546.77,26.08,14261.88,549.85,11.91,6546.64,546.08,11.97,6538.61,77,71.8,70.8,545.5,10.8,546,11.1,547.1,0,548.4,51.4,26,25.6,11.9,11.9,26,25.6,11.9,11.9,233.1,232.1,230,57.4,57.2,57.7,0,0,0,0,0,0,0,0,0,0,0,0,0,0,0,0,0,77,0,OK
11时43分15秒,46/79 静置,549.38,25.93,14247.47,548.68,25.99,14261.95,548.76,11.99,6579.18,548.55,12.01,6585.81,77,71.8,70.8,546.5,10.9,549.4,10.9,545.2,0,548.5,51.4,26,25.5,11.9,11.9,26,25.5,11.9,11.9,232.9,232,230,57.5,57.3,57.8,0,0,0,0,0,0,0,0,0,0,0,0,0,0,0,0,0,77,0,OK
11时43分20秒,46/79 静置,549.38,25.93,14247.47,548.68,25.99,14261.95,548.76,11.99,6579.18,548.55,12.01,6585.81,77,71.8,70.8,546.5,10.9,549.4,10.9,545.2,0,548.5,51.4,26,25.5,11.9,11.9,26,25.5,11.9,11.9,232.9,232,230,57.5,57.3,57.8,0,0,0,0,0,0,0,0,0,0,0,0,0,0,0,0,0,77,0,OK
11时43分25秒,46/79 静置,549.38,26.05,14312.39,548.95,25.9,14219.2,548.76,11.96,6561.49,546.91,12,6561.81,77,71.8,70.8,542.6,11.1,549,11.2,546.8,0,547.8,51.4,26.1,25.5,11.9,11.9,26,25.5,11.9,11.9,232.9,232,229.9,57.5,57.3,57.9,0,0,0,0,0,0,0,0,0,0,0,0,0,0,0,0,0,77,0,OK
11时43分30秒,46/79 静置,549.38,26.05,14312.39,548.95,25.9,14219.2,548.76,11.96,6561.49,546.91,12,6561.81,77,71.8,70.8,542.6,11.1,549,11.2,546.8,0,547.8,51.4,26.1,25.5,11.9,11.9,26,25.5,11.9,11.9,232.9,232,229.9,57.5,57.3,57.9,0,0,0,0,0,0,0,0,0,0,0,0,0,0,0,0,0,77,0,OK
11时43分35秒,46/79 静置,549.38,25.86,14206.16,547.04,26.02,14234.79,546.02,12.01,6555.99,548.82,11.98,6575.7,77,71.8,70.8,546.6,11.1,548.2,10.9,545.7,0,547.4,51.4,26,25.5,11.9,11.8,25.9,25.6,11.9,11.8,232.9,231.9,229.7,57.6,57.4,58,0,0,0,0,0,0,0,0,0,0,0,0,0,0,0,0,0,77,0,OK
11时43分40秒,46/79 静置,549.38,25.86,14206.16,547.04,26.02,14234.79,546.02,12.01,6555.99,548.82,11.98,6575.7,77,71.8,70.8,546.6,11.1,548.2,10.9,545.7,0,547.4,51.4,26,25.5,11.9,11.8,25.9,25.6,11.9,11.8,232.9,231.9,229.7,57.6,57.4,58,0,0,0,0,0,0,0,0,0,0,0,0,0,0,0,0,0,77,0,OK
11时43分45秒,46/79 静置,547.46,26.02,14247.45,548.13,26.01,14255.23,546.57,12,6558.29,547.18,12.02,6575.24,77,71.8,70.8,545.4,11,548.6,11.2,547.7,0,545.8,51.4,26,25.5,11.9,11.9,26,25.6,11.9,11.9,233.2,232,229.9,57.6,57.4,57.9,0,0,0,0,0,0,0,0,0,0,0,0,0,0,0,0,0,77,0,OK
11时43分50秒,46/79 静置,547.46,26.02,14247.45,548.13,26.01,14255.23,546.57,12,6558.29,547.18,12.02,6575.24,77,71.8,70.8,545.4,11,548.6,11.2,547.7,0,545.8,51.4,26,25.5,11.9,11.9,26,25.6,11.9,11.9,233.2,232,229.9,57.6,57.4,57.9,0,0,0,0,0,0,0,0,0,0,0,0,0,0,0,0,0,77,0,OK
11时43分55秒,46/79 静置,545.27,26.09,14224.5,543.49,26.05,14158.8,543.83,12.04,6547.26,544.17,12.03,6545.42,77,71.8,70.8,546.4,10.9,546.4,11,546.8,0,547.9,51.4,25.9,25.6,11.9,11.9,26.1,25.6,12,11.9,233.5,232.3,230.2,57.4,57.2,57.7,0,0,0,0,0,0,0,0,0,0,0,0,0,0,0,0,0,77,0,OK
11时44分00秒,46/79 静置,545.27,26.09,14224.5,543.49,26.05,14158.8,543.83,12.04,6547.26,544.17,12.03,6545.42,77,71.8,70.8,546.4,10.9,546.4,11,546.8,0,547.9,51.4,25.9,25.6,11.9,11.9,26.1,25.6,12,11.9,233.5,232.3,230.2,57.4,57.2,57.7,0,0,0,0,0,0,0,0,0,0,0,0,0,0,0,0,0,77,0,OK
11时44分05秒,46/79 静置,549.11,25.84,14187.83,547.86,26.05,14269.51,547.12,11.99,6561.64,548.82,11.99,6581.06,78,71.8,70.8,547.7,11,547.2,11.2,547.1,0,547,51.4,25.9,25.6,11.9,11.8,25.9,25.6,11.9,11.8,233.3,232.2,230.1,57.6,57.3,57.8,0,0,0,0,0,0,0,0,0,0,0,0,0,0,0,0,0,78,0,OK
11时44分10秒,46/79 静置,549.11,25.84,14187.83,547.86,26.05,14269.51,547.12,11.99,6561.64,548.82,11.99,6581.06,78,71.8,70.8,547.7,11,547.2,11.2,547.1,0,547,51.4,25.9,25.6,11.9,11.8,25.9,25.6,11.9,11.8,233.3,232.2,230.1,57.6,57.3,57.8,0,0,0,0,0,0,0,0,0,0,0,0,0,0,0,0,0,78,0,OK
11时44分15秒,46/79 静置,548.56,25.98,14249.18,546.49,26.04,14230.2,547.39,11.95,6543.54,547.45,11.99,6564.1,78,71.8,70.8,545.3,11.1,546.9,11,546.9,0,546,51.4,25.9,25.6,11.9,11.8,25.9,25.6,11.9,11.8,233.1,232.1,230,57.6,57.4,57.9,0,0,0,0,0,0,0,0,0,0,0,0,0,0,0,0,0,78,0,OK
11时44分20秒,46/79 静置,548.56,25.98,14249.18,546.49,26.04,14230.2,547.39,11.95,6543.54,547.45,11.99,6564.1,78,71.8,70.8,545.3,11.1,546.9,11,546.9,0,546,51.4,25.9,25.6,11.9,11.8,25.9,25.6,11.9,11.8,233.1,232.1,230,57.6,57.4,57.9,0,0,0,0,0,0,0,0,0,0,0,0,0,0,0,0,0,78,0,OK
11时44分25秒,46/79 静置,548.56,25.96,14237.93,548.13,25.86,14172.26,549.3,11.97,6576.08,548.28,11.99,6575.02,78,71.8,70.8,548.3,11,549.1,11,546.8,0,546.6,51.4,25.7,25.6,11.8,11.8,25.9,25.6,11.8,11.8,233.3,231.9,229.7,57.5,57.3,57.8,0,0,0,0,0,0,0,0,0,0,0,0,0,0,0,0,0,78,0,OK
11时44分30秒,46/79 静置,548.56,25.96,14237.93,548.13,25.86,14172.26,549.3,11.97,6576.08,548.28,11.99,6575.02,78,71.8,70.8,548.3,11,549.1,11,546.8,0,546.6,51.4,25.7,25.6,11.8,11.8,25.9,25.6,11.8,11.8,233.3,231.9,229.7,57.5,57.3,57.8,0,0,0,0,0,0,0,0,0,0,0,0,0,0,0,0,0,78,0,OK
11时44分35秒,46/79 静置,548.83,25.98,14257.38,548.68,26.05,14290.88,547.94,11.99,6569.88,544.44,12.04,6556.68,78,71.8,70.8,548.1,11,546.4,11,545.5,0,544.8,51.4,25.8,25.5,11.9,11.9,26,25.5,11.9,11.9,233.2,232.1,229.9,57.6,57.3,57.9,0,0,0,0,0,0,0,0,0,0,0,0,0,0,0,0,0,78,0,OK
11时44分40秒,46/79 静置,548.83,25.98,14257.38,548.68,26.05,14290.88,547.94,11.99,6569.88,544.44,12.04,6556.68,78,71.8,70.8,548.1,11,546.4,11,545.5,0,544.8,51.4,25.8,25.5,11.9,11.9,26,25.5,11.9,11.9,233.2,232.1,229.9,57.6,57.3,57.9,0,0,0,0,0,0,0,0,0,0,0,0,0,0,0,0,0,78,0,OK
11时44分45秒,46/79 静置,545.27,26.07,14217.05,545.13,26.13,14244.1,547.12,12,6562.71,549.37,11.98,6581.72,78,71.8,70.8,544.9,11,545.2,11.2,547.8,0,546.9,51.4,26,25.7,11.9,11.8,26.1,25.7,11.9,11.8,233.2,232.2,230,57.6,57.4,57.9,0,0,0,0,0,0,0,0,0,0,0,0,0,0,0,0,0,78,0,OK
11时44分50秒,46/79 静置,545.27,26.07,14217.05,545.13,26.13,14244.1,547.12,12,6562.71,549.37,11.98,6581.72,78,71.8,70.8,544.9,11,545.2,11.2,547.8,0,546.9,51.4,26,25.7,11.9,11.8,26.1,25.7,11.9,11.8,233.2,232.2,230,57.6,57.4,57.9,0,0,0,0,0,0,0,0,0,0,0,0,0,0,0,0,0,78,0,OK
11时44分55秒,46/79 静置,549.66,25.95,14262.1,541.03,26.18,14164.98,549.3,11.86,6516,548.55,12.01,6587.42,78,71.8,70.8,546.1,11,542.3,11.1,547.8,0,545,51.4,26,25.8,11.9,11.9,25.9,25.8,11.9,11.9,233.3,232.2,230,57.5,57.2,57.8,0,0,0,0,0,0,0,0,0,0,0,0,0,0,0,0,0,78,0,OK
11时45分00秒,46/79 静置,549.66,25.95,14262.1,541.03,26.18,14164.98,549.3,11.86,6516,548.55,12.01,6587.42,78,71.8,70.8,546.1,11,542.3,11.1,547.8,0,545,51.4,26,25.8,11.9,11.9,25.9,25.8,11.9,11.9,233.3,232.2,230,57.5,57.2,57.8,0,0,0,0,0,0,0,0,0,0,0,0,0,0,0,0,0,78,0,OK
11时45分05秒,46/79 静置,545.82,26.05,14220.67,547.31,25.98,14218.39,547.66,11.98,6560.71,544.44,12.02,6543.92,78,71.8,70.8,546.5,10.8,550.2,11,546.6,0,547.3,51.4,26,25.6,11.9,11.9,26,25.6,11.9,11.9,233.2,232,229.8,57.6,57.4,57.9,0,0,0,0,0,0,0,0,0,0,0,0,0,0,0,0,0,78,0,OK
11时45分10秒,46/79 静置,545.82,26.05,14220.67,547.31,25.98,14218.39,547.66,11.98,6560.71,544.44,12.02,6543.92,78,71.8,70.8,546.5,10.8,550.2,11,546.6,0,547.3,51.4,26,25.6,11.9,11.9,26,25.6,11.9,11.9,233.2,232,229.8,57.6,57.4,57.9,0,0,0,0,0,0,0,0,0,0,0,0,0,0,0,0,0,78,0,OK
11时45分15秒,46/79 静置,545.82,26.05,14219.07,550.32,25.87,14239,548.21,11.96,6554.42,544.44,12.01,6539.67,78,71.8,70.8,545.6,10.9,547.6,11.1,545.3,0,547.6,51.4,26,25.3,11.9,11.9,26,25.3,11.9,11.9,233.2,232.3,229.9,57.5,57.2,57.8,0,0,0,0,0,0,0,0,0,0,0,0,0,0,0,0,0,78,0,OK
11时45分20秒,46/79 静置,545.82,26.05,14219.07,550.32,25.87,14239,548.21,11.96,6554.42,544.44,12.01,6539.67,78,71.8,70.8,545.6,10.9,547.6,11.1,545.3,0,547.6,51.4,26,25.3,11.9,11.9,26,25.3,11.9,11.9,233.2,232.3,229.9,57.5,57.2,57.8,0,0,0,0,0,0,0,0,0,0,0,0,0,0,0,0,0,78,0,OK
11时45分25秒,46/79 静置,547.74,25.99,14235.87,547.59,25.99,14232.45,550.12,11.9,6547.74,546.91,12,6562.34,78,71.8,70.9,547.2,10.9,548.7,11.1,546.3,0,547.6,51.4,25.9,25.5,11.9,11.9,26,25.5,11.9,11.9,233.3,232.2,229.7,57.6,57.4,57.9,0,0,0,0,0,0,0,0,0,0,0,0,0,0,0,0,0,78,0,OK
11时45分30秒,46/79 静置,547.74,25.99,14235.87,547.59,25.99,14232.45,550.12,11.9,6547.74,546.91,12,6562.34,78,71.8,70.9,547.2,10.9,548.7,11.1,546.3,0,547.6,51.4,25.9,25.5,11.9,11.9,26,25.5,11.9,11.9,233.3,232.2,229.7,57.6,57.4,57.9,0,0,0,0,0,0,0,0,0,0,0,0,0,0,0,0,0,78,0,OK
11时45分35秒,46/79 静置,546.64,26.03,14230.86,544.58,26.14,14233,549.03,11.98,6579.77,547.73,12,6574.87,78,71.8,70.9,545,10.9,544.9,11.1,545.2,0,547,51.4,26,25.7,11.9,11.9,26,25.7,11.9,11.9,233.4,232.2,229.8,57.6,57.3,57.9,0,0,0,0,0,0,0,0,0,0,0,0,0,0,0,0,0,78,0,OK
11时45分40秒,46/79 静置,546.64,26.03,14230.86,544.58,26.14,14233,549.03,11.98,6579.77,547.73,12,6574.87,78,71.8,70.9,545,10.9,544.9,11.1,545.2,0,547,51.4,26,25.7,11.9,11.9,26,25.7,11.9,11.9,233.4,232.2,229.8,57.6,57.3,57.9,0,0,0,0,0,0,0,0,0,0,0,0,0,0,0,0,0,78,0,OK
11时45分45秒,46/79 静置,546.64,26.03,14226.59,547.04,26.06,14255.63,549.3,11.99,6585.2,546.36,11.99,6551.5,78,71.8,71,546.7,10.9,545.1,11.1,548.5,0,548.6,51.4,26,25.6,11.9,11.9,26,25.6,11.9,11.9,233.3,232.2,229.8,57.6,57.4,57.9,0,0,0,0,0,0,0,0,0,0,0,0,0,0,0,0,0,78,0,OK
11时45分50秒,46/79 静置,546.64,26.03,14226.59,547.04,26.06,14255.63,549.3,11.99,6585.2,546.36,11.99,6551.5,78,71.8,71,546.7,10.9,545.1,11.1,548.5,0,548.6,51.4,26,25.6,11.9,11.9,26,25.6,11.9,11.9,233.3,232.2,229.8,57.6,57.4,57.9,0,0,0,0,0,0,0,0,0,0,0,0,0,0,0,0,0,78,0,OK
11时45分55秒,46/79 静置,540.62,26.2,14163.17,547.31,26.04,14254.2,546.57,12.04,6582.31,547.45,12,6568.38,78,71.8,71,540.2,11,548.2,11.1,542.5,0,547.9,51.4,26.1,25.6,12,11.9,26.1,25.6,12,11.9,233.3,232.2,229.9,57.6,57.3,57.8,0,0,0,0,0,0,0,0,0,0,0,0,0,0,0,0,0,78,0,OK
11时46分00秒,46/79 静置,540.62,26.2,14163.17,547.31,26.04,14254.2,546.57,12.04,6582.31,547.45,12,6568.38,78,71.8,71,540.2,11,548.2,11.1,542.5,0,547.9,51.4,26.1,25.6,12,11.9,26.1,25.6,12,11.9,233.3,232.2,229.9,57.6,57.3,57.8,0,0,0,0,0,0,0,0,0,0,0,0,0,0,0,0,0,78,0,OK
11时46分05秒,46/79 静置,542.53,26.1,14160.96,544.58,26.07,14199.5,546.29,11.99,6548.07,546.36,11.98,6543.5,78,71.8,71,542.6,11.1,546.2,11.1,547.9,0,547.9,51.4,26.1,25.7,11.9,11.9,26.1,25.7,11.9,11.9,233.4,232.3,230.3,57.5,57.2,57.8,0,0,0,0,0,0,0,0,0,0,0,0,0,0,0,0,0,78,0,OK
11时46分10秒,46/79 静置,542.53,26.1,14160.96,544.58,26.07,14199.5,546.29,11.99,6548.07,546.36,11.98,6543.5,78,71.8,71,542.6,11.1,546.2,11.1,547.9,0,547.9,51.4,26.1,25.7,11.9,11.9,26.1,25.7,11.9,11.9,233.4,232.3,230.3,57.5,57.2,57.8,0,0,0,0,0,0,0,0,0,0,0,0,0,0,0,0,0,78,0,OK
11时46分15秒,46/79 静置,548.01,26.04,14269.74,544.03,26.09,14193.24,543.29,12.05,6544.92,548.55,12.01,6588.49,78,71.8,71,545.7,10.9,547,10.9,542.9,0,547.9,51.4,26,25.7,12,11.9,26,25.7,12,11.9,233,232,230.1,57.5,57.3,57.8,0,0,0,0,0,0,0,0,0,0,0,0,0,0,0,0,0,78,0,OK
11时46分20秒,46/79 静置,548.01,26.04,14269.74,544.03,26.09,14193.24,543.29,12.05,6544.92,548.55,12.01,6588.49,78,71.8,71,545.7,10.9,547,10.9,542.9,0,547.9,51.4,26,25.7,12,11.9,26,25.7,12,11.9,233,232,230.1,57.5,57.3,57.8,0,0,0,0,0,0,0,0,0,0,0,0,0,0,0,0,0,78,0,OK
11时46分25秒,46/79 静置,548.56,25.89,14204.18,549.5,25.86,14207.58,550.67,11.89,6549.41,548.55,11.9,6527.42,78,71.9,71,549,10.8,548.5,11.1,547.8,0,550.7,51.4,25.5,25.5,11.9,11.8,25.9,25.5,11.9,11.8,233,232.2,230.3,57.5,57.2,57.7,0,0,0,0,0,0,0,0,0,0,0,0,0,0,0,0,0,78,0,OK
11时46分30秒,46/79 静置,548.56,25.89,14204.18,549.5,25.86,14207.58,550.67,11.89,6549.41,548.55,11.9,6527.42,78,71.9,71,549,10.8,548.5,11.1,547.8,0,550.7,51.4,25.5,25.5,11.9,11.8,25.9,25.5,11.9,11.8,233,232.2,230.3,57.5,57.2,57.7,0,0,0,0,0,0,0,0,0,0,0,0,0,0,0,0,0,78,0,OK
11时46分35秒,46/79 静置,549.11,26,14276.31,548.13,26.03,14265.93,549.3,11.9,6535.84,549.92,11.8,6486.79,78,71.9,71,545.1,10.8,548,11.1,547.1,0,550.2,51.4,26,25.6,11.9,11.8,25.9,25.6,11.9,11.8,233.3,232.3,230.3,57.6,57.3,57.9,0,0,0,0,0,0,0,0,0,0,0,0,0,0,0,0,0,78,0,OK
11时46分40秒,46/79 静置,549.11,26,14276.31,548.13,26.03,14265.93,549.3,11.9,6535.84,549.92,11.8,6486.79,78,71.9,71,545.1,10.8,548,11.1,547.1,0,550.2,51.4,26,25.6,11.9,11.8,25.9,25.6,11.9,11.8,233.3,232.3,230.3,57.6,57.3,57.9,0,0,0,0,0,0,0,0,0,0,0,0,0,0,0,0,0,78,0,OK
11时46分45秒,46/79 静置,548.83,25.92,14225.22,549.23,25.97,14261.65,548.21,11.98,6567.27,549.1,11.96,6568.8,78,71.9,71,545.4,11.1,548.8,11.3,547.9,0,546.7,51.4,26,25.5,11.9,11.9,26,25.5,11.9,11.9,233.3,232.1,230.3,57.6,57.3,57.9,0,0,0,0,0,0,0,0,0,0,0,0,0,0,0,0,0,78,0,OK
11时46分50秒,46/79 静置,548.83,25.92,14225.22,549.23,25.97,14261.65,548.21,11.98,6567.27,549.1,11.96,6568.8,78,71.9,71,545.4,11.1,548.8,11.3,547.9,0,546.7,51.4,26,25.5,11.9,11.9,26,25.5,11.9,11.9,233.3,232.1,230.3,57.6,57.3,57.9,0,0,0,0,0,0,0,0,0,0,0,0,0,0,0,0,0,78,0,OK
11时46分55秒,46/79 静置,548.83,25.98,14261.13,541.3,26.08,14116.11,542.19,12.02,6519.57,546.91,12.01,6566.61,78,71.9,71,543.4,11,547.9,11.1,548,0,545.4,51.4,26.1,25.6,11.9,11.9,25.9,25.6,11.9,11.9,233.2,232,230.1,57.6,57.4,57.9,0,0,0,0,0,0,0,0,0,0,0,0,0,0,0,0,0,78,0,OK
11时47分00秒,46/79 静置,548.83,25.98,14261.13,541.3,26.08,14116.11,542.19,12.02,6519.57,546.91,12.01,6566.61,78,71.9,71,543.4,11,547.9,11.1,548,0,545.4,51.4,26.1,25.6,11.9,11.9,25.9,25.6,11.9,11.9,233.2,232,230.1,57.6,57.4,57.9,0,0,0,0,0,0,0,0,0,0,0,0,0,0,0,0,0,78,0,OK
11时47分05秒,46/79 静置,549.38,25.9,14229.77,550.05,25.92,14255.56,546.57,12.02,6570.56,547.73,12,6573.8,78,71.9,71,546.2,11,547.3,11,544.3,0,548.6,51.4,26,25.5,11.9,11.9,25.9,25.5,11.9,11.9,233.2,232.1,230.2,57.6,57.3,57.9,0,0,0,0,0,0,0,0,0,0,0,0,0,0,0,0,0,78,0,OK
11时47分10秒,46/79 静置,549.38,25.9,14229.77,550.05,25.92,14255.56,546.57,12.02,6570.56,547.73,12,6573.8,78,71.9,71,546.2,11,547.3,11,544.3,0,548.6,51.4,26,25.5,11.9,11.9,25.9,25.5,11.9,11.9,233.2,232.1,230.2,57.6,57.3,57.9,0,0,0,0,0,0,0,0,0,0,0,0,0,0,0,0,0,78,0,OK
11时47分15秒,46/79 静置,547.19,26.03,14244.61,548.95,25.95,14247.07,547.94,11.98,6561.85,548,11.99,6568.53,78,72,71,546.1,10.8,547.4,11.1,548.2,0,548.5,51.4,26,25.5,11.9,11.9,26,25.5,11.9,11.9,233.6,232.4,230.6,57.5,57.3,57.8,0,0,0,0,0,0,0,0,0,0,0,0,0,0,0,0,0,78,0,OK
11时47分20秒,46/79 静置,547.19,26.03,14244.61,548.95,25.95,14247.07,547.94,11.98,6561.85,548,11.99,6568.53,78,72,71,546.1,10.8,547.4,11.1,548.2,0,548.5,51.4,26,25.5,11.9,11.9,26,25.5,11.9,11.9,233.6,232.4,230.6,57.5,57.3,57.8,0,0,0,0,0,0,0,0,0,0,0,0,0,0,0,0,0,78,0,OK
11时47分25秒,46/79 静置,548.56,26.03,14277.04,548.68,25.91,14217.47,546.57,12.03,6576.97,548.82,12.01,6589.63,78,72,71,545.5,11.1,549,10.9,546.9,0,546.4,51.4,26,25.5,11.9,11.9,26,25.5,11.9,11.9,233.3,232.3,230.3,57.6,57.3,57.9,0,0,0,0,0,0,0,0,0,0,0,0,0,0,0,0,0,78,0,OK
11时47分30秒,46/79 静置,548.56,26.03,14277.04,548.68,25.91,14217.47,546.57,12.03,6576.97,548.82,12.01,6589.63,78,72,71,545.5,11.1,549,10.9,546.9,0,546.4,51.4,26,25.5,11.9,11.9,26,25.5,11.9,11.9,233.3,232.3,230.3,57.6,57.3,57.9,0,0,0,0,0,0,0,0,0,0,0,0,0,0,0,0,0,78,0,OK
11时47分35秒,46/79 静置,547.74,26.04,14262.62,549.23,26.02,14290.08,546.84,12.02,6575.45,543.62,12.03,6541.48,78,72,71,544.2,11,548.2,11,546.9,0,546.6,51.4,26,25.6,12,11.9,26,25.6,12,11.9,233.4,232.3,230.5,57.6,57.4,57.9,0,0,0,0,0,0,0,0,0,0,0,0,0,0,0,0,0,78,0,OK
11时47分40秒,46/79 静置,547.74,26.04,14262.62,549.23,26.02,14290.08,546.84,12.02,6575.45,543.62,12.03,6541.48,78,72,71,544.2,11,548.2,11,546.9,0,546.6,51.4,26,25.6,12,11.9,26,25.6,12,11.9,233.4,232.3,230.5,57.6,57.4,57.9,0,0,0,0,0,0,0,0,0,0,0,0,0,0,0,0,0,78,0,OK
11时47分45秒,46/79 静置,548.83,25.99,14265.96,547.31,25.99,14226.94,550.4,11.95,6578.41,546.63,11.93,6522.75,78,72,71,547.5,11.1,546.7,11,545.8,0,547.4,51.4,25.8,25.5,11.9,11.8,25.9,25.5,11.9,11.8,233,232.8,230.5,57.6,57.2,57.8,0,0,0,0,0,0,0,0,0,0,0,0,0,0,0,0,0,78,0,OK
11时47分50秒,46/79 静置,548.83,25.99,14265.96,547.31,25.99,14226.94,550.4,11.95,6578.41,546.63,11.93,6522.75,78,72,71,547.5,11.1,546.7,11,545.8,0,547.4,51.4,25.8,25.5,11.9,11.8,25.9,25.5,11.9,11.8,233,232.8,230.5,57.6,57.2,57.8,0,0,0,0,0,0,0,0,0,0,0,0,0,0,0,0,0,78,0,OK
11时47分55秒,46/79 静置,549.11,25.87,14202.84,549.23,25.98,14267.55,549.58,11.95,6569.69,547.18,12,6564.55,78,72,71,546.8,11,547.1,11,546.7,0,547.1,51.4,25.9,25.6,11.9,11.9,25.9,25.6,11.9,11.9,232.9,232.6,230.4,57.4,57,57.6,0,0,0,0,0,0,0,0,0,0,0,0,0,0,0,0,0,78,0,OK
11时48分00秒,46/79 静置,549.11,25.87,14202.84,549.23,25.98,14267.55,549.58,11.95,6569.69,547.18,12,6564.55,78,72,71,546.8,11,547.1,11,546.7,0,547.1,51.4,25.9,25.6,11.9,11.9,25.9,25.6,11.9,11.9,232.9,232.6,230.4,57.4,57,57.6,0,0,0,0,0,0,0,0,0,0,0,0,0,0,0,0,0,78,0,OK
11时48分05秒,46/79 静置,548.29,26,14255.46,547.86,26.02,14255.07,543.56,12.04,6542.91,550.19,11.95,6573.84,78,72,71,545.8,11,546.9,11,543.5,0,547.3,51.4,26,25.6,11.9,11.8,26,25.6,11.9,11.8,233,232.7,230.6,57.4,57,57.6,0,0,0,0,0,0,0,0,0,0,0,0,0,0,0,0,0,78,0,OK
11时48分10秒,46/79 静置,548.29,26,14255.46,547.86,26.02,14255.07,543.56,12.04,6542.91,550.19,11.95,6573.84,78,72,71,545.8,11,546.9,11,543.5,0,547.3,51.4,26,25.6,11.9,11.8,26,25.6,11.9,11.8,233,232.7,230.6,57.4,57,57.6,0,0,0,0,0,0,0,0,0,0,0,0,0,0,0,0,0,78,0,OK
11时48分15秒,46/79 静置,546.64,26.06,14244.2,546.49,26.06,14239.8,548.21,11.99,6570.48,550.47,11.93,6564.75,78,72,71,546.9,10.9,546.8,11.1,545.5,0,548.1,51.4,26,25.6,11.9,11.8,26,25.6,11.9,11.8,233,232.7,230.5,57.7,57.2,57.9,0,0,0,0,0,0,0,0,0,0,0,0,0,0,0,0,0,78,0,OK
11时48分20秒,46/79 静置,546.64,26.06,14244.2,546.49,26.06,14239.8,548.21,11.99,6570.48,550.47,11.93,6564.75,78,72,71,546.9,10.9,546.8,11.1,545.5,0,548.1,51.4,26,25.6,11.9,11.8,26,25.6,11.9,11.8,233,232.7,230.5,57.7,57.2,57.9,0,0,0,0,0,0,0,0,0,0,0,0,0,0,0,0,0,78,0,OK
11时48分25秒,46/79 静置,545.27,26.07,14215.45,545.95,26.04,14217.02,545.2,12.03,6558.92,544.99,12,6538.79,78,72,71,542.7,11,543.5,11.2,545.8,0,547.5,51.4,26.1,25.6,12,11.9,26.1,25.6,12,11.9,233.1,232.8,230.4,57.6,57.1,57.8,0,0,0,0,0,0,0,0,0,0,0,0,0,0,0,0,0,78,0,OK
11时48分30秒,46/79 静置,545.27,26.07,14215.45,545.95,26.04,14217.02,545.2,12.03,6558.92,544.99,12,6538.79,78,72,71,542.7,11,543.5,11.2,545.8,0,547.5,51.4,26.1,25.6,12,11.9,26.1,25.6,12,11.9,233.1,232.8,230.4,57.6,57.1,57.8,0,0,0,0,0,0,0,0,0,0,0,0,0,0,0,0,0,78,0,OK
11时48分35秒,46/79 静置,545.82,26.1,14244.12,547.59,26.05,14264,542.47,12.03,6527.62,546.36,12.02,6565.37,78,72,71,547.1,10.9,547.7,11.1,547.2,0,548.7,51.4,26.1,25.6,12,11.9,26.1,25.6,12,11.9,233.1,232.8,230.3,57.6,57.2,57.8,0,0,0,0,0,0,0,0,0,0,0,0,0,0,0,0,0,78,0,OK
11时48分40秒,46/79 静置,545.82,26.1,14244.12,547.59,26.05,14264,542.47,12.03,6527.62,546.36,12.02,6565.37,78,72,71,547.1,10.9,547.7,11.1,547.2,0,548.7,51.4,26.1,25.6,12,11.9,26.1,25.6,12,11.9,233.1,232.8,230.3,57.6,57.2,57.8,0,0,0,0,0,0,0,0,0,0,0,0,0,0,0,0,0,78,0,OK
11时48分45秒,46/79 静置,544.45,26.13,14224.85,547.31,26.06,14261.15,545.47,12.02,6556.35,548.82,11.98,6577.3,78,72,71,543.6,11.1,545,11,546.6,0,548.1,51.4,26.1,25.6,11.9,11.9,26.1,25.6,11.9,11.9,233.1,232.8,230.3,57.6,57.2,57.8,0,0,0,0,0,0,0,0,0,0,0,0,0,0,0,0,0,78,0,OK
11时48分50秒,46/79 静置,544.45,26.13,14224.85,547.31,26.06,14261.15,545.47,12.02,6556.35,548.82,11.98,6577.3,78,72,71,543.6,11.1,545,11,546.6,0,548.1,51.4,26.1,25.6,11.9,11.9,26.1,25.6,11.9,11.9,233.1,232.8,230.3,57.6,57.2,57.8,0,0,0,0,0,0,0,0,0,0,0,0,0,0,0,0,0,78,0,OK
11时48分55秒,46/79 静置,547.19,25.95,14199.72,548.95,25.95,14244.39,549.03,11.93,6550.82,549.1,11.94,6555.39,78,72,71,546.2,11,546.8,11,545,0,547.2,51.4,26,25.4,11.9,11.8,26,25.4,11.9,11.8,232.7,232.5,230.1,57.7,57.3,58,0,0,0,0,0,0,0,0,0,0,0,0,0,0,0,0,0,78,0,OK
11时49分00秒,46/79 静置,547.19,25.95,14199.72,548.95,25.95,14244.39,549.03,11.93,6550.82,549.1,11.94,6555.39,78,72,71,546.2,11,546.8,11,545,0,547.2,51.4,26,25.4,11.9,11.8,26,25.4,11.9,11.8,232.7,232.5,230.1,57.7,57.3,58,0,0,0,0,0,0,0,0,0,0,0,0,0,0,0,0,0,78,0,OK
11时49分05秒,46/79 静置,549.66,25.96,14269.62,549.77,25.81,14188.34,549.3,11.99,6585.73,546.08,12.01,6559.41,78,72,71,546.2,11.1,548.9,11.1,546.8,0,547,51.4,25.9,25.5,11.9,11.9,25.9,25.5,11.9,11.9,233.1,232.6,229.9,57.7,57.3,57.9,0,0,0,0,0,0,0,0,0,0,0,0,0,0,0,0,0,78,0,OK
11时49分10秒,46/79 静置,549.66,25.96,14269.62,549.77,25.81,14188.34,549.3,11.99,6585.73,546.08,12.01,6559.41,78,72,71,546.2,11.1,548.9,11.1,546.8,0,547,51.4,25.9,25.5,11.9,11.9,25.9,25.5,11.9,11.9,233.1,232.6,229.9,57.7,57.3,57.9,0,0,0,0,0,0,0,0,0,0,0,0,0,0,0,0,0,78,0,OK
11时49分15秒,46/79 静置,549.66,25.99,14286.79,547.31,26.02,14240.31,548.48,11.95,6556.08,548.55,11.99,6574.56,78,72,71,544.6,11.1,548,11.1,547.5,0,548.4,51.4,25.9,25.6,11.9,11.8,25.9,25.6,11.9,11.8,233,232.6,229.9,57.3,56.9,57.5,0,0,0,0,0,0,0,0,0,0,0,0,0,0,0,0,0,78,0,OK
11时49分20秒,46/79 静置,549.66,25.99,14286.79,547.31,26.02,14240.31,548.48,11.95,6556.08,548.55,11.99,6574.56,78,72,71,544.6,11.1,548,11.1,547.5,0,548.4,51.4,25.9,25.6,11.9,11.8,25.9,25.6,11.9,11.8,233,232.6,229.9,57.3,56.9,57.5,0,0,0,0,0,0,0,0,0,0,0,0,0,0,0,0,0,78,0,OK
11时49分25秒,46/79 静置,548.01,25.97,14231.74,549.77,25.8,14182.97,545.75,12,6551.64,550.19,11.95,6572.23,78,72,71,546.7,11,549.1,10.9,548.4,0,548.9,51.4,26,25.5,11.9,11.8,26,25.5,11.9,11.8,232.8,233.1,229.9,57.8,57.1,58,0,0,0,0,0,0,0,0,0,0,0,0,0,0,0,0,0,78,0,OK
11时49分30秒,46/79 静置,548.01,25.97,14231.74,549.77,25.8,14182.97,545.75,12,6551.64,550.19,11.95,6572.23,78,72,71,546.7,11,549.1,10.9,548.4,0,548.9,51.4,26,25.5,11.9,11.8,26,25.5,11.9,11.8,232.8,233.1,229.9,57.8,57.1,58,0,0,0,0,0,0,0,0,0,0,0,0,0,0,0,0,0,78,0,OK
11时49分35秒,46/79 静置,543.08,26.03,14134.96,543.21,26.06,14155.39,546.29,12.04,6574.74,547.73,11.99,6567.92,78,72,71,546.2,11,549,10.9,547.7,0,548.6,51.4,26,25.7,12,11.9,26,25.7,12,11.9,232.7,232.9,229.8,57.6,57,57.8,0,0,0,0,0,0,0,0,0,0,0,0,0,0,0,0,0,78,0,OK
11时49分40秒,46/79 静置,543.08,26.03,14134.96,543.21,26.06,14155.39,546.29,12.04,6574.74,547.73,11.99,6567.92,78,72,71,546.2,11,549,10.9,547.7,0,548.6,51.4,26,25.7,12,11.9,26,25.7,12,11.9,232.7,232.9,229.8,57.6,57,57.8,0,0,0,0,0,0,0,0,0,0,0,0,0,0,0,0,0,78,0,OK
11时49分45秒,46/79 静置,547.74,26.03,14255.13,547.86,25.97,14229.92,550.94,11.89,6551.05,544.71,12.02,6548.28,78,72,71,546.2,11.1,549.3,11,549.2,0,546.6,51.4,26,25.6,11.8,11.9,26,25.6,11.8,11.9,232.8,233.2,230.2,57.8,57.1,58,0,0,0,0,0,0,0,0,0,0,0,0,0,0,0,0,0,78,0,OK
11时49分50秒,46/79 静置,547.74,26.03,14255.13,547.86,25.97,14229.92,550.94,11.89,6551.05,544.71,12.02,6548.28,78,72,71,546.2,11.1,549.3,11,549.2,0,546.6,51.4,26,25.6,11.8,11.9,26,25.6,11.8,11.9,232.8,233.2,230.2,57.8,57.1,58,0,0,0,0,0,0,0,0,0,0,0,0,0,0,0,0,0,78,0,OK
11时49分55秒,46/79 静置,549.66,25.83,14198.76,545.67,26.1,14242.41,549.3,11.99,6587.34,547.45,11.95,6542.18,78,72,70.9,547.1,10.9,543.8,11.1,547.5,0,547.9,51.4,25.9,25.7,11.9,11.8,25.9,25.7,11.9,11.8,232.6,233.2,230,57.8,57.1,58,0,0,0,0,0,0,0,0,0,0,0,0,0,0,0,0,0,78,0,OK
11时50分00秒,46/79 静置,549.66,25.83,14198.76,545.67,26.1,14242.41,549.3,11.99,6587.34,547.45,11.95,6542.18,78,72,70.9,547.1,10.9,543.8,11.1,547.5,0,547.9,51.4,25.9,25.7,11.9,11.8,25.9,25.7,11.9,11.8,232.6,233.2,230,57.8,57.1,58,0,0,0,0,0,0,0,0,0,0,0,0,0,0,0,0,0,78,0,OK
11时50分05秒,46/79 静置,550.75,25.81,14216.31,548.13,25.91,14201.7,547.39,12,6565.99,549.37,11.99,6586.55,78,72,70.9,545.9,10.9,549.2,11,548.1,0,549.4,51.4,25.9,25.5,11.9,11.9,25.9,25.5,11.9,11.9,232.5,232.9,229.9,57.8,57.1,58,0,0,0,0,0,0,0,0,0,0,0,0,0,0,0,0,0,78,0,OK
11时50分10秒,46/79 静置,550.75,25.81,14216.31,548.13,25.91,14201.7,547.39,12,6565.99,549.37,11.99,6586.55,78,72,70.9,545.9,10.9,549.2,11,548.1,0,549.4,51.4,25.9,25.5,11.9,11.9,25.9,25.5,11.9,11.9,232.5,232.9,229.9,57.8,57.1,58,0,0,0,0,0,0,0,0,0,0,0,0,0,0,0,0,0,78,0,OK
11时50分15秒,46/79 静置,546.64,26.03,14227.65,546.77,26.02,14225.03,544.65,12.01,6540.11,549.37,12,6593.53,78,71.9,70.9,547.7,10.9,549,11.1,547.6,0,547.5,51.4,25.9,25.6,11.9,11.9,26,25.6,11.9,11.9,232.7,233.1,230.1,57.7,57,57.9,0,0,0,0,0,0,0,0,0,0,0,0,0,0,0,0,0,78,0,OK
11时50分20秒,46/79 静置,546.64,26.03,14227.65,546.77,26.02,14225.03,544.65,12.01,6540.11,549.37,12,6593.53,78,71.9,70.9,547.7,10.9,549,11.1,547.6,0,547.5,51.4,25.9,25.6,11.9,11.9,26,25.6,11.9,11.9,232.7,233.1,230.1,57.7,57,57.9,0,0,0,0,0,0,0,0,0,0,0,0,0,0,0,0,0,78,0,OK
11时50分25秒,46/79 静置,546.09,26.04,14219.79,548.68,25.93,14225.51,548.21,11.97,6564.59,549.1,11.98,6580.06,78,71.9,70.9,546.4,10.9,548.2,11,547.1,0,548.5,51.4,26,25.6,11.9,11.9,26,25.6,11.9,11.9,232.8,233,229.9,57.5,56.9,57.7,0,0,0,0,0,0,0,0,0,0,0,0,0,0,0,0,0,78,0,OK
11时50分30秒,46/79 静置,546.09,26.04,14219.79,548.68,25.93,14225.51,548.21,11.97,6564.59,549.1,11.98,6580.06,78,71.9,70.9,546.4,10.9,548.2,11,547.1,0,548.5,51.4,26,25.6,11.9,11.9,26,25.6,11.9,11.9,232.8,233,229.9,57.5,56.9,57.7,0,0,0,0,0,0,0,0,0,0,0,0,0,0,0,0,0,78,0,OK
11时50分35秒,46/79 静置,547.74,26.04,14261.55,547.04,26.03,14236.93,549.85,11.85,6518.18,547.73,12.01,6577.01,78,71.9,70.9,546.4,11.1,548.8,10.9,547.1,0,544.6,51.4,26,25.6,11.9,11.9,26,25.6,11.9,11.9,232.6,232.9,230,57.7,57.1,57.9,0,0,0,0,0,0,0,0,0,0,0,0,0,0,0,0,0,78,0,OK
11时50分40秒,46/79 静置,547.74,26.04,14261.55,547.04,26.03,14236.93,549.85,11.85,6518.18,547.73,12.01,6577.01,78,71.9,70.9,546.4,11.1,548.8,10.9,547.1,0,544.6,51.4,26,25.6,11.9,11.9,26,25.6,11.9,11.9,232.6,232.9,230,57.7,57.1,57.9,0,0,0,0,0,0,0,0,0,0,0,0,0,0,0,0,0,78,0,OK
11时50分45秒,46/79 静置,549.66,25.9,14236.34,549.23,25.98,14271.31,547.94,12,6574.16,547.73,12,6570.06,78,71.8,70.9,547.6,10.8,547.2,11.1,545.6,0,545.3,51.4,25.9,25.6,11.9,11.9,25.7,25.6,11.9,11.9,232.5,232.6,229.8,57.5,56.8,57.7,0,0,0,0,0,0,0,0,0,0,0,0,0,0,0,0,0,78,0,OK
11时50分50秒,46/79 静置,549.66,25.9,14236.34,549.23,25.98,14271.31,547.94,12,6574.16,547.73,12,6570.06,78,71.8,70.9,547.6,10.8,547.2,11.1,545.6,0,545.3,51.4,25.9,25.6,11.9,11.9,25.7,25.6,11.9,11.9,232.5,232.6,229.8,57.5,56.8,57.7,0,0,0,0,0,0,0,0,0,0,0,0,0,0,0,0,0,78,0,OK
11时50分55秒,46/79 静置,547.19,26.04,14247.82,550.05,25.59,14076.15,546.02,12.02,6561.86,546.08,12.02,6565.81,78,71.8,70.9,545.9,11,548.4,11.2,545.6,0,546.8,51.4,26,25.4,11.9,11.9,26,25.4,11.9,11.9,232.7,232.9,230,57.8,57.1,58,0,0,0,0,0,0,0,0,0,0,0,0,0,0,0,0,0,78,0,OK
11时51分00秒,46/79 静置,547.19,26.04,14247.82,550.05,25.59,14076.15,546.02,12.02,6561.86,546.08,12.02,6565.81,78,71.8,70.9,545.9,11,548.4,11.2,545.6,0,546.8,51.4,26,25.4,11.9,11.9,26,25.4,11.9,11.9,232.7,232.9,230,57.8,57.1,58,0,0,0,0,0,0,0,0,0,0,0,0,0,0,0,0,0,78,0,OK
11时51分05秒,46/79 静置,548.01,25.98,14238.16,549.5,25.87,14214.02,548.76,11.99,6579.18,546.08,12.02,6564.74,78,71.8,71,546.3,11,547.6,11,548.1,0,547.6,51.4,26,25.6,11.9,11.9,26,25.5,11.9,11.9,232.6,232.8,229.8,57.6,57,57.9,0,0,0,0,0,0,0,0,0,0,0,0,0,0,0,0,0,78,0,OK
11时51分10秒,46/79 静置,548.01,25.98,14238.16,549.5,25.87,14214.02,548.76,11.99,6579.18,546.08,12.02,6564.74,78,71.8,71,546.3,11,547.6,11,548.1,0,547.6,51.4,26,25.6,11.9,11.9,26,25.5,11.9,11.9,232.6,232.8,229.8,57.6,57,57.9,0,0,0,0,0,0,0,0,0,0,0,0,0,0,0,0,0,78,0,OK
11时51分15秒,46/79 静置,547.19,26.03,14243.01,546.77,26.04,14237.85,542.74,12.05,6537.81,547.73,12,6574.87,78,71.8,71,546.8,11.1,545.9,11.1,543,0,545.4,51.4,25.9,25.6,12,11.9,26,25.6,12,11.9,232.6,232.7,229.8,57.5,56.9,57.7,0,0,0,0,0,0,0,0,0,0,0,0,0,0,0,0,0,78,0,OK
11时51分20秒,46/79 静置,547.19,26.03,14243.01,546.77,26.04,14237.85,542.74,12.05,6537.81,547.73,12,6574.87,78,71.8,71,546.8,11.1,545.9,11.1,543,0,545.4,51.4,25.9,25.6,12,11.9,26,25.6,12,11.9,232.6,232.7,229.8,57.5,56.9,57.7,0,0,0,0,0,0,0,0,0,0,0,0,0,0,0,0,0,78,0,OK
11时51分25秒,46/79 静置,545.55,26.1,14236.96,548.95,26.06,14307.65,545.75,12.02,6558.57,548.82,12.03,6599.81,78,71.8,70.9,543.4,11,545.4,11.2,544.9,0,547.8,51.4,26.1,25.7,11.9,11.9,26.1,25.7,11.9,11.9,232.7,232.8,230,57.6,57,57.9,0,0,0,0,0,0,0,0,0,0,0,0,0,0,0,0,0,78,0,OK
11时51分30秒,46/79 静置,545.55,26.1,14236.96,548.95,26.06,14307.65,545.75,12.02,6558.57,548.82,12.03,6599.81,78,71.8,70.9,543.4,11,545.4,11.2,544.9,0,547.8,51.4,26.1,25.7,11.9,11.9,26.1,25.7,11.9,11.9,232.7,232.8,230,57.6,57,57.9,0,0,0,0,0,0,0,0,0,0,0,0,0,0,0,0,0,78,0,OK
11时51分35秒,46/79 静置,551.58,25.47,14050.62,549.23,25.8,14168.87,548.76,12,6582.39,548.82,12,6584.81,78,71.8,70.9,546.2,11,549,11.1,544.6,0,547.1,51.4,25.9,25.6,11.9,11.8,25.7,25.6,11.9,11.8,232.8,232.8,229.9,57.8,57.1,58,0,0,0,0,0,0,0,0,0,0,0,0,0,0,0,0,0,78,0,OK
11时51分40秒,46/79 静置,551.58,25.47,14050.62,549.23,25.8,14168.87,548.76,12,6582.39,548.82,12,6584.81,78,71.8,70.9,546.2,11,549,11.1,544.6,0,547.1,51.4,25.9,25.6,11.9,11.8,25.7,25.6,11.9,11.8,232.8,232.8,229.9,57.8,57.1,58,0,0,0,0,0,0,0,0,0,0,0,0,0,0,0,0,0,78,0,OK
11时51分45秒,46/79 静置,546.09,26.03,14216.59,543.21,26.15,14207.38,543.56,12.04,6547.16,545.26,12,6545.81,78,71.8,70.9,545.2,10.9,543.9,11.2,544,0,547.8,51.4,26,25.7,12,11.9,26,25.7,12,11.9,232.8,232.7,230,57.7,57.1,57.9,0,0,0,0,0,0,0,0,0,0,0,0,0,0,0,0,0,78,0,OK
11时51分50秒,46/79 静置,546.09,26.03,14216.59,543.21,26.15,14207.38,543.56,12.04,6547.16,545.26,12,6545.81,78,71.8,70.9,545.2,10.9,543.9,11.2,544,0,547.8,51.4,26,25.7,12,11.9,26,25.7,12,11.9,232.8,232.7,230,57.7,57.1,57.9,0,0,0,0,0,0,0,0,0,0,0,0,0,0,0,0,0,78,0,OK
11时51分55秒,46/79 静置,548.83,26.01,14274.53,540.48,25.98,14039.82,548.76,11.99,6578.1,547.45,12.01,6572.66,78,71.8,70.9,546,11,548.3,11.2,548,0,544.8,51.4,26,25.6,11.9,11.9,26,25.6,11.9,11.9,232.8,233,230,57.7,57.1,57.9,0,0,0,0,0,0,0,0,0,0,0,0,0,0,0,0,0,78,0,OK
11时52分01秒,46/79 静置,548.83,26.01,14274.53,540.48,25.98,14039.82,548.76,11.99,6578.1,547.45,12.01,6572.66,78,71.8,70.9,546,11,548.3,11.2,548,0,544.8,51.4,26,25.6,11.9,11.9,26,25.6,11.9,11.9,232.8,233,230,57.7,57.1,57.9,0,0,0,0,0,0,0,0,0,0,0,0,0,0,0,0,0,78,0,OK
11时52分06秒,46/79 静置,550.21,25.68,14130.17,546.22,26.08,14243.88,547.12,12.01,6570.19,546.63,12.02,6568.12,78,71.8,70.9,544.2,10.9,544,11,545.5,0,547.3,51.4,25.9,25.6,11.9,11.9,25.9,25.6,11.9,11.9,232.9,233,230.1,57.7,57.1,57.9,0,0,0,0,0,0,0,0,0,0,0,0,0,0,0,0,0,78,0,OK
11时52分11秒,46/79 静置,550.21,25.68,14130.17,546.22,26.08,14243.88,547.12,12.01,6570.19,546.63,12.02,6568.12,78,71.8,70.9,544.2,10.9,544,11,545.5,0,547.3,51.4,25.9,25.6,11.9,11.9,25.9,25.6,11.9,11.9,232.9,233,230.1,57.7,57.1,57.9,0,0,0,0,0,0,0,0,0,0,0,0,0,0,0,0,0,78,0,OK
11时52分16秒,46/79 静置,542.53,26.09,14157.26,546.77,25.96,14195.67,546.84,12,6564.24,543.34,12.03,6534.99,78,71.8,70.9,545.6,11,548.5,11,545.8,0,545.1,51.4,26.1,25.6,11.9,11.9,26.1,25.6,11.9,11.9,232.9,232.9,230.2,57.8,57.1,58,0,0,0,0,0,0,0,0,0,0,0,0,0,0,0,0,0,78,0,OK
11时52分21秒,46/79 静置,542.53,26.09,14157.26,546.77,25.96,14195.67,546.84,12,6564.24,543.34,12.03,6534.99,78,71.8,70.9,545.6,11,548.5,11,545.8,0,545.1,51.4,26.1,25.6,11.9,11.9,26.1,25.6,11.9,11.9,232.9,232.9,230.2,57.8,57.1,58,0,0,0,0,0,0,0,0,0,0,0,0,0,0,0,0,0,78,0,OK
11时52分26秒,46/79 静置,548.29,26,14257.07,544.58,26.09,14209.6,549.3,12,6592.17,547.45,12.01,6574.26,78,71.8,70.9,545.3,10.9,542.8,11.3,544,0,544.8,51.4,25.9,25.7,11.9,11.9,25.9,25.7,11.9,11.9,232.7,233,230.2,57.6,56.9,57.8,0,0,0,0,0,0,0,0,0,0,0,0,0,0,0,0,0,78,0,OK
11时52分31秒,46/79 静置,548.29,26,14257.07,544.58,26.09,14209.6,549.3,12,6592.17,547.45,12.01,6574.26,78,71.8,70.9,545.3,10.9,542.8,11.3,544,0,544.8,51.4,25.9,25.7,11.9,11.9,25.9,25.7,11.9,11.9,232.7,233,230.2,57.6,56.9,57.8,0,0,0,0,0,0,0,0,0,0,0,0,0,0,0,0,0,78,0,OK
11时52分36秒,46/79 静置,548.01,25.96,14228.53,550.05,25.86,14223.87,548.76,11.94,6549.7,547.73,11.99,6565.24,78,71.8,70.8,546.6,10.9,549.1,11,548.5,0,546.9,51.4,26,25.5,11.9,11.9,26,25.5,11.9,11.9,232.6,232.8,230,57.8,57.1,58,0,0,0,0,0,0,0,0,0,0,0,0,0,0,0,0,0,78,0,OK
11时52分41秒,46/79 静置,548.01,25.96,14228.53,550.05,25.86,14223.87,548.76,11.94,6549.7,547.73,11.99,6565.24,78,71.8,70.8,546.6,10.9,549.1,11,548.5,0,546.9,51.4,26,25.5,11.9,11.9,26,25.5,11.9,11.9,232.6,232.8,230,57.8,57.1,58,0,0,0,0,0,0,0,0,0,0,0,0,0,0,0,0,0,78,0,OK
11时52分46秒,46/79 静置,549.38,25.84,14198.65,546.77,26.03,14230.37,545.75,12.01,6552.71,550.19,11.97,6588.35,78,71.8,70.8,547.2,11,549.8,11,547.2,0,545.6,51.4,25.9,25.6,11.9,11.9,25.9,25.6,11.9,11.9,232.7,233,229.8,57.8,57.1,58,0,0,0,0,0,0,0,0,0,0,0,0,0,0,0,0,0,78,0,OK
11时52分51秒,46/79 静置,549.38,25.84,14198.65,546.77,26.03,14230.37,545.75,12.01,6552.71,550.19,11.97,6588.35,78,71.8,70.8,547.2,11,549.8,11,547.2,0,545.6,51.4,25.9,25.6,11.9,11.9,25.9,25.6,11.9,11.9,232.7,233,229.8,57.8,57.1,58,0,0,0,0,0,0,0,0,0,0,0,0,0,0,0,0,0,78,0,OK
11时52分56秒,46/79 静置,549.66,26.01,14294.85,547.04,26.02,14236.4,550.67,11.85,6526.29,541.98,12.05,6529.11,78,71.8,70.8,543.8,11.2,543.1,11.1,547.4,0,546.3,51.4,25.8,25.4,11.8,11.9,25.8,25.4,11.8,11.9,232.7,232.9,229.9,57.2,56.5,57.4,0,0,0,0,0,0,0,0,0,0,0,0,0,0,0,0,0,78,0,OK
11时53分01秒,46/79 静置,549.66,26.01,14294.85,547.04,26.02,14236.4,550.67,11.85,6526.29,541.98,12.05,6529.11,78,71.8,70.8,543.8,11.2,543.1,11.1,547.4,0,546.3,51.4,25.8,25.4,11.8,11.9,25.8,25.4,11.8,11.9,232.7,232.9,229.9,57.2,56.5,57.4,0,0,0,0,0,0,0,0,0,0,0,0,0,0,0,0,0,78,0,OK
11时53分06秒,46/79 静置,544.72,26.03,14180.39,548.41,25.94,14224.85,550.4,11.92,6562.82,548.55,11.95,6557.42,78,71.7,70.7,546.8,10.9,549.3,11,546.9,0,547.8,51.4,26,25.5,11.9,11.9,26,25.5,11.9,11.9,232.8,233.2,230.1,57.7,57.1,58,0,0,0,0,0,0,0,0,0,0,0,0,0,0,0,0,0,78,0,OK
11时53分11秒,46/79 静置,544.72,26.03,14180.39,548.41,25.94,14224.85,550.4,11.92,6562.82,548.55,11.95,6557.42,78,71.7,70.7,546.8,10.9,549.3,11,546.9,0,547.8,51.4,26,25.5,11.9,11.9,26,25.5,11.9,11.9,232.8,233.2,230.1,57.7,57.1,58,0,0,0,0,0,0,0,0,0,0,0,0,0,0,0,0,0,78,0,OK
11时53分16秒,46/79 静置,549.66,25.98,14281.96,549.5,25.82,14185.58,548.76,11.97,6570.07,546.36,12.03,6570.71,78,71.7,70.7,545.8,10.9,548.2,11,546.5,0,546.4,51.4,26,25.5,11.9,11.9,26,25.5,11.9,11.9,232.7,233.1,230.1,57.7,57.1,58,0,0,0,0,0,0,0,0,0,0,0,0,0,0,0,0,0,78,0,OK
11时53分21秒,46/79 静置,549.66,25.98,14281.96,549.5,25.82,14185.58,548.76,11.97,6570.07,546.36,12.03,6570.71,78,71.7,70.7,545.8,10.9,548.2,11,546.5,0,546.4,51.4,26,25.5,11.9,11.9,26,25.5,11.9,11.9,232.7,233.1,230.1,57.7,57.1,58,0,0,0,0,0,0,0,0,0,0,0,0,0,0,0,0,0,78,0,OK
11时53分26秒,46/79 静置,548.83,25.9,14215.58,549.23,25.99,14273.45,549.3,11.98,6578.76,547.45,12,6571.59,78,71.7,70.7,548.3,10.7,548.2,11.1,547.6,0,547.5,51.4,25.9,25.5,11.9,11.9,25.9,25.5,11.9,11.9,232.5,233.2,230.2,57.7,57.1,58,0,0,0,0,0,0,0,0,0,0,0,0,0,0,0,0,0,78,0,OK
11时53分31秒,46/79 静置,548.83,25.9,14215.58,549.23,25.99,14273.45,549.3,11.98,6578.76,547.45,12,6571.59,78,71.7,70.7,548.3,10.7,548.2,11.1,547.6,0,547.5,51.4,25.9,25.5,11.9,11.9,25.9,25.5,11.9,11.9,232.5,233.2,230.2,57.7,57.1,58,0,0,0,0,0,0,0,0,0,0,0,0,0,0,0,0,0,78,0,OK
11时53分36秒,46/79 静置,541.99,26.13,14161.48,549.23,25.99,14276.67,545.2,12.01,6549.34,545.26,12.03,6559.66,78,71.7,70.7,544.1,11,548.2,11.2,547.7,0,547.9,51.4,26.1,25.5,11.9,11.9,26.1,25.5,11.9,11.9,232.4,232.6,229.7,57.9,57.2,58.1,0,0,0,0,0,0,0,0,0,0,0,0,0,0,0,0,0,78,0,OK
11时53分41秒,46/79 静置,541.99,26.13,14161.48,549.23,25.99,14276.67,545.2,12.01,6549.34,545.26,12.03,6559.66,78,71.7,70.7,544.1,11,548.2,11.2,547.7,0,547.9,51.4,26.1,25.5,11.9,11.9,26.1,25.5,11.9,11.9,232.4,232.6,229.7,57.9,57.2,58.1,0,0,0,0,0,0,0,0,0,0,0,0,0,0,0,0,0,78,0,OK
11时53分46秒,46/79 静置,549.38,25.86,14206.16,547.86,25.97,14228.32,549.85,11.89,6536.97,548.82,11.97,6568.73,78,71.6,70.6,545.9,10.9,549.2,10.8,546.5,0,548.2,51.4,25.9,25.6,11.9,11.9,25.9,25.6,11.9,11.9,232.4,232.9,229.8,57.8,57.1,58,0,0,0,0,0,0,0,0,0,0,0,0,0,0,0,0,0,78,0,OK
11时53分51秒,46/79 静置,549.38,25.86,14206.16,547.86,25.97,14228.32,549.85,11.89,6536.97,548.82,11.97,6568.73,78,71.6,70.6,545.9,10.9,549.2,10.8,546.5,0,548.2,51.4,25.9,25.6,11.9,11.9,25.9,25.6,11.9,11.9,232.4,232.9,229.8,57.8,57.1,58,0,0,0,0,0,0,0,0,0,0,0,0,0,0,0,0,0,78,0,OK
11时53分56秒,46/79 静置,547.46,26.03,14251.73,547.86,26.01,14251.86,546.84,11.96,6542.34,543.07,12.02,6529.05,78,71.6,70.6,546.2,10.9,548.1,11,547,0,547.3,51.4,26.1,25.7,11.9,11.9,26.1,25.7,11.9,11.9,232.2,232.7,229.5,57.8,57.2,58,0,0,0,0,0,0,0,0,0,0,0,0,0,0,0,0,0,78,0,OK
11时54分01秒,46/79 静置,547.46,26.03,14251.73,547.86,26.01,14251.86,546.84,11.96,6542.34,543.07,12.02,6529.05,78,71.6,70.6,546.2,10.9,548.1,11,547,0,547.3,51.4,26.1,25.7,11.9,11.9,26.1,25.7,11.9,11.9,232.2,232.7,229.5,57.8,57.2,58,0,0,0,0,0,0,0,0,0,0,0,0,0,0,0,0,0,78,0,OK
11时54分06秒,46/79 静置,549.11,26.03,14292.39,546.77,26.08,14257.61,547.12,12,6568.05,541.98,12.05,6529.11,78,71.6,70.6,545.5,10.9,547.7,11.1,545.3,0,545.9,51.4,26,25.7,11.9,11.9,26,25.7,11.9,11.9,232.3,232.6,229.7,57.8,57.1,58,0,0,0,0,0,0,0,0,0,0,0,0,0,0,0,0,0,78,0,OK
11时54分11秒,46/79 静置,549.11,26.03,14292.39,546.77,26.08,14257.61,547.12,12,6568.05,541.98,12.05,6529.11,78,71.6,70.6,545.5,10.9,547.7,11.1,545.3,0,545.9,51.4,26,25.7,11.9,11.9,26,25.7,11.9,11.9,232.3,232.6,229.7,57.8,57.1,58,0,0,0,0,0,0,0,0,0,0,0,0,0,0,0,0,0,78,0,OK
11时54分16秒,46/79 静置,547.46,26.08,14278.46,547.59,26.04,14259.72,548.76,12,6585.61,549.1,11.94,6556.46,78,71.5,70.6,542.7,10.9,546.8,11.1,546.9,0,547.4,51.4,26,25.6,11.9,11.9,26,25.6,11.9,11.9,232.1,232.7,229.7,57.9,57.2,58.1,0,0,0,0,0,0,0,0,0,0,0,0,0,0,0,0,0,78,0,OK
11时54分21秒,46/79 静置,547.46,26.08,14278.46,547.59,26.04,14259.72,548.76,12,6585.61,549.1,11.94,6556.46,78,71.5,70.6,542.7,10.9,546.8,11.1,546.9,0,547.4,51.4,26,25.6,11.9,11.9,26,25.6,11.9,11.9,232.1,232.7,229.7,57.9,57.2,58.1,0,0,0,0,0,0,0,0,0,0,0,0,0,0,0,0,0,78,0,OK
11时54分26秒,46/79 静置,544.18,26,14151.25,542.39,26.1,14157.32,545.2,12.01,6545.61,549.37,11.98,6580.65,78,71.5,70.6,546.4,10.9,544.9,11,546.5,0,548.1,51.4,26.1,25.7,11.9,11.9,26.1,25.7,11.9,11.9,232.2,232.8,229.9,57.8,57.2,58,0,0,0,0,0,0,0,0,0,0,0,0,0,0,0,0,0,78,0,OK
11时54分31秒,46/79 静置,544.18,26,14151.25,542.39,26.1,14157.32,545.2,12.01,6545.61,549.37,11.98,6580.65,78,71.5,70.6,546.4,10.9,544.9,11,546.5,0,548.1,51.4,26.1,25.7,11.9,11.9,26.1,25.7,11.9,11.9,232.2,232.8,229.9,57.8,57.2,58,0,0,0,0,0,0,0,0,0,0,0,0,0,0,0,0,0,78,0,OK
11时54分36秒,46/79 静置,539.25,26.12,14087.25,541.85,26.11,14147.3,538.64,12.09,6514.17,549.65,12.03,6609.7,78,71.5,70.5,544,10.9,546.2,10.9,544.5,0,545.8,51.4,26.1,25.7,12,11.9,26.1,25.7,12,11.9,232.4,232.8,230,57.7,57.1,57.9,0,0,0,0,0,0,0,0,0,0,0,0,0,0,0,0,0,78,0,OK
11时54分41秒,46/79 静置,539.25,26.12,14087.25,541.85,26.11,14147.3,538.64,12.09,6514.17,549.65,12.03,6609.7,78,71.5,70.5,544,10.9,546.2,10.9,544.5,0,545.8,51.4,26.1,25.7,12,11.9,26.1,25.7,12,11.9,232.4,232.8,230,57.7,57.1,57.9,0,0,0,0,0,0,0,0,0,0,0,0,0,0,0,0,0,78,0,OK
11时54分46秒,46/79 静置,534.31,26.23,14014.77,534.19,26.19,13989.21,546.02,12.09,6601.31,540.06,12.04,6499.68,78,71.5,70.5,539.1,11.1,539.5,11.2,542.5,0,540.5,51.4,26.2,25.7,12,11.9,26.2,25.7,12,11.9,232.3,232.8,229.9,57.4,56.8,57.7,0,0,0,0,0,0,0,0,0,0,0,0,0,0,0,0,0,78,0,OK
11时54分51秒,46/79 静置,534.31,26.23,14014.77,534.19,26.19,13989.21,546.02,12.09,6601.31,540.06,12.04,6499.68,78,71.5,70.5,539.1,11.1,539.5,11.2,542.5,0,540.5,51.4,26.2,25.7,12,11.9,26.2,25.7,12,11.9,232.3,232.8,229.9,57.4,56.8,57.7,0,0,0,0,0,0,0,0,0,0,0,0,0,0,0,0,0,78,0,OK
11时54分56秒,46/79 静置,545.27,26.05,14206.93,547.86,26.04,14263.63,546.57,12.02,6568.43,546.36,11.99,6550.97,78,71.5,70.5,543.9,10.8,548.4,11,547.5,0,548.3,51.4,26,25.6,11.9,11.9,26,25.6,11.9,11.9,232.4,232.8,229.8,57.8,57.2,58.1,0,0,0,0,0,0,0,0,0,0,0,0,0,0,0,0,0,78,0,OK
11时55分01秒,46/79 静置,545.27,26.05,14206.93,547.86,26.04,14263.63,546.57,12.02,6568.43,546.36,11.99,6550.97,78,71.5,70.5,543.9,10.8,548.4,11,547.5,0,548.3,51.4,26,25.6,11.9,11.9,26,25.6,11.9,11.9,232.4,232.8,229.8,57.8,57.2,58.1,0,0,0,0,0,0,0,0,0,0,0,0,0,0,0,0,0,78,0,OK
11时55分06秒,46/79 静置,546.64,26.02,14222.85,544.58,26.07,14198.97,543.01,12.04,6540.04,547.73,11.98,6562.57,78,71.4,70.5,545.7,11,548.5,11,544.5,0,548.2,51.4,26,25.7,12,11.9,25.9,25.7,12,11.9,232.3,232.8,229.9,57.7,57.1,57.9,0,0,0,0,0,0,0,0,0,0,0,0,0,0,0,0,0,78,0,OK
11时55分11秒,46/79 静置,546.64,26.02,14222.85,544.58,26.07,14198.97,543.01,12.04,6540.04,547.73,11.98,6562.57,78,71.4,70.5,545.7,11,548.5,11,544.5,0,548.2,51.4,26,25.7,12,11.9,25.9,25.7,12,11.9,232.3,232.8,229.9,57.7,57.1,57.9,0,0,0,0,0,0,0,0,0,0,0,0,0,0,0,0,0,78,0,OK
11时55分16秒,46/79 静置,544.18,26.12,14216.62,545.4,26.05,14208.64,549.03,12,6588.89,544.44,12.07,6571.57,78,71.4,70.5,543.1,11,548.2,11,544.7,0,537.8,51.4,26.1,25.6,11.9,11.9,26.1,25.6,11.9,11.9,232.4,232.6,229.9,57.8,57.1,58,0,0,0,0,0,0,0,0,0,0,0,0,0,0,0,0,0,78,0,OK
11时55分21秒,46/79 静置,544.18,26.12,14216.62,545.4,26.05,14208.64,549.03,12,6588.89,544.44,12.07,6571.57,78,71.4,70.5,543.1,11,548.2,11,544.7,0,537.8,51.4,26.1,25.6,11.9,11.9,26.1,25.6,11.9,11.9,232.4,232.6,229.9,57.8,57.1,58,0,0,0,0,0,0,0,0,0,0,0,0,0,0,0,0,0,78,0,OK
11时55分26秒,46/79 静置,548.83,26.03,14286.86,547.59,26.03,14254.37,550.94,11.85,6527.91,548,11.97,6561.57,78,71.3,70.5,546.9,11,548.5,10.9,547.4,0,548.5,51.4,26,25.6,11.8,11.9,26,25.6,11.8,11.9,232.4,232.5,230,57.5,56.9,57.8,0,0,0,0,0,0,0,0,0,0,0,0,0,0,0,0,0,78,0,OK
11时55分31秒,46/79 静置,548.83,26.03,14286.86,547.59,26.03,14254.37,550.94,11.85,6527.91,548,11.97,6561.57,78,71.3,70.5,546.9,11,548.5,10.9,547.4,0,548.5,51.4,26,25.6,11.8,11.9,26,25.6,11.8,11.9,232.4,232.5,230,57.5,56.9,57.8,0,0,0,0,0,0,0,0,0,0,0,0,0,0,0,0,0,78,0,OK
11时55分36秒,46/79 静置,547.46,26.03,14252.8,547.04,26.05,14251.35,548.48,11.99,6574.83,546.36,11.98,6544.56,78,71.3,70.5,547.2,11,548.1,11,547.2,0,545.7,51.4,25.9,25.6,11.8,11.9,26,25.6,11.8,11.9,232.3,232.6,230,57.7,57,57.9,0,0,0,0,0,0,0,0,0,0,0,0,0,0,0,0,0,78,0,OK
11时55分41秒,46/79 静置,547.46,26.03,14252.8,547.04,26.05,14251.35,548.48,11.99,6574.83,546.36,11.98,6544.56,78,71.3,70.5,547.2,11,548.1,11,547.2,0,545.7,51.4,25.9,25.6,11.8,11.9,26,25.6,11.8,11.9,232.3,232.6,230,57.7,57,57.9,0,0,0,0,0,0,0,0,0,0,0,0,0,0,0,0,0,78,0,OK
11时55分46秒,46/79 静置,546.64,26.01,14216.44,547.04,25.96,14203.28,547.39,11.99,6562.25,546.08,12.03,6569.01,78,71.3,70.5,546.3,10.8,547.1,11.1,548.4,0,546.5,51.4,26,25.6,11.9,11.9,26,25.6,11.9,11.9,232.2,232.6,229.8,57.8,57.2,58.1,0,0,0,0,0,0,0,0,0,0,0,0,0,0,0,0,0,78,0,OK
11时55分51秒,46/79 静置,546.64,26.01,14216.44,547.04,25.96,14203.28,547.39,11.99,6562.25,546.08,12.03,6569.01,78,71.3,70.5,546.3,10.8,547.1,11.1,548.4,0,546.5,51.4,26,25.6,11.9,11.9,26,25.6,11.9,11.9,232.2,232.6,229.8,57.8,57.2,58.1,0,0,0,0,0,0,0,0,0,0,0,0,0,0,0,0,0,78,0,OK
11时55分56秒,46/79 静置,549.38,25.94,14252.84,548.41,25.91,14208.25,544.65,12.01,6543.3,548.82,11.99,6581.59,78,71.3,70.5,547.2,11,548.6,11.1,548,0,548.6,51.4,25.9,25.6,11.9,11.9,25.9,25.5,11.9,11.9,232.4,232.7,230,57.7,57.1,57.9,0,0,0,0,0,0,0,0,0,0,0,0,0,0,0,0,0,78,0,OK
11时56分01秒,46/79 静置,549.38,25.94,14252.84,548.41,25.91,14208.25,544.65,12.01,6543.3,548.82,11.99,6581.59,78,71.3,70.5,547.2,11,548.6,11.1,548,0,548.6,51.4,25.9,25.6,11.9,11.9,25.9,25.5,11.9,11.9,232.4,232.7,230,57.7,57.1,57.9,0,0,0,0,0,0,0,0,0,0,0,0,0,0,0,0,0,78,0,OK
11时56分06秒,46/79 静置,533.22,26.19,13964.68,548.68,26.23,14391.08,546.02,11.92,6505.87,534.85,12.08,6463.16,78,71.3,70.5,542.5,11.1,539,11.4,540.2,0,538.6,51.4,26.2,25.8,11.9,12,26.2,25.8,11.9,12,231.9,233,229.9,57.6,56.9,57.8,0,0,0,0,0,0,0,0,0,0,0,0,0,0,0,0,0,78,0,OK
11时56分11秒,46/79 静置,533.22,26.19,13964.68,548.68,26.23,14391.08,546.02,11.92,6505.87,534.85,12.08,6463.16,78,71.3,70.5,542.5,11.1,539,11.4,540.2,0,538.6,51.4,26.2,25.8,11.9,12,26.2,25.8,11.9,12,231.9,233,229.9,57.6,56.9,57.8,0,0,0,0,0,0,0,0,0,0,0,0,0,0,0,0,0,78,0,OK
11时56分16秒,46/79 静置,528.56,26.4,13956.24,541.3,26.08,14115.58,537.55,12.03,6468.94,537.32,12.11,6505.02,78,71.3,70.5,534.4,11,541.7,11.2,545.2,0,540.9,51.4,26.4,25.6,12,12,26.4,25.6,12,12,232.4,232.8,230.2,57.4,56.8,57.6,0,0,0,0,0,0,0,0,0,0,0,0,0,0,0,0,0,78,0,OK
11时56分21秒,46/79 静置,528.56,26.4,13956.24,541.3,26.08,14115.58,537.55,12.03,6468.94,537.32,12.11,6505.02,78,71.3,70.5,534.4,11,541.7,11.2,545.2,0,540.9,51.4,26.4,25.6,12,12,26.4,25.6,12,12,232.4,232.8,230.2,57.4,56.8,57.6,0,0,0,0,0,0,0,0,0,0,0,0,0,0,0,0,0,78,0,OK
11时56分26秒,46/79 静置,548.56,25.99,14256.68,544.85,26.07,14201.84,546.84,12.02,6571.71,544.44,12.04,6555.62,78,71.3,70.5,544.4,11,547.6,11.1,543.5,0,543.2,51.4,25.8,25.6,11.9,11.9,25.8,25.6,11.9,11.9,232.5,232.7,230,57.7,57.1,58,0,0,0,0,0,0,0,0,0,0,0,0,0,0,0,0,0,78,0,OK
11时56分31秒,46/79 静置,548.56,25.99,14256.68,544.85,26.07,14201.84,546.84,12.02,6571.71,544.44,12.04,6555.62,78,71.3,70.5,544.4,11,547.6,11.1,543.5,0,543.2,51.4,25.8,25.6,11.9,11.9,25.8,25.6,11.9,11.9,232.5,232.7,230,57.7,57.1,58,0,0,0,0,0,0,0,0,0,0,0,0,0,0,0,0,0,78,0,OK
11时56分36秒,46/79 静置,549.66,25.96,14268.01,547.59,25.98,14226.03,549.03,11.94,6554.57,546.36,12.01,6562.17,78,71.2,70.5,545.4,11.1,549.4,10.9,548.7,0,545.7,51.4,26,25.6,11.9,11.9,26,25.6,11.9,11.9,232.5,232.8,230,57.6,57,57.8,0,0,0,0,0,0,0,0,0,0,0,0,0,0,0,0,0,78,0,OK
11时56分41秒,46/79 静置,549.66,25.96,14268.01,547.59,25.98,14226.03,549.03,11.94,6554.57,546.36,12.01,6562.17,78,71.2,70.5,545.4,11.1,549.4,10.9,548.7,0,545.7,51.4,26,25.6,11.9,11.9,26,25.6,11.9,11.9,232.5,232.8,230,57.6,57,57.8,0,0,0,0,0,0,0,0,0,0,0,0,0,0,0,0,0,78,0,OK
11时56分46秒,46/79 静置,548.83,25.92,14227.37,541.3,26.19,14176.9,547.94,11.99,6570.95,549.65,11.97,6579.11,78,71.2,70.5,547.1,11,542.7,11,547.6,0,547.5,51.4,26,25.7,11.9,11.9,26,25.7,11.9,11.9,232.7,232.9,230,57.7,57,57.9,0,0,0,0,0,0,0,0,0,0,0,0,0,0,0,0,0,78,0,OK
11时56分51秒,46/79 静置,548.83,25.92,14227.37,541.3,26.19,14176.9,547.94,11.99,6570.95,549.65,11.97,6579.11,78,71.2,70.5,547.1,11,542.7,11,547.6,0,547.5,51.4,26,25.7,11.9,11.9,26,25.7,11.9,11.9,232.7,232.9,230,57.7,57,57.9,0,0,0,0,0,0,0,0,0,0,0,0,0,0,0,0,0,78,0,OK
11时56分56秒,46/79 静置,545.55,26.08,14226.31,547.86,26,14244.9,545.2,12.01,6550.4,547.18,12.01,6569.36,78,71.2,70.5,546.4,11,548.1,11,545.2,0,546.6,51.4,26.1,25.6,11.9,11.9,26.1,25.6,11.9,11.9,232.4,232.6,229.8,57.8,57.2,58,0,0,0,0,0,0,0,0,0,0,0,0,0,0,0,0,0,78,0,OK
11时57分01秒,46/79 静置,545.55,26.08,14226.31,547.86,26,14244.9,545.2,12.01,6550.4,547.18,12.01,6569.36,78,71.2,70.5,546.4,11,548.1,11,545.2,0,546.6,51.4,26.1,25.6,11.9,11.9,26.1,25.6,11.9,11.9,232.4,232.6,229.8,57.8,57.2,58,0,0,0,0,0,0,0,0,0,0,0,0,0,0,0,0,0,78,0,OK
11时57分06秒,46/79 静置,541.99,26.18,14190.59,550.05,25.86,14225.48,549.58,11.97,6577.74,546.36,12.03,6570.17,78,71.3,70.6,542.7,10.8,548.5,10.9,546.9,0,545.3,51.4,26.1,25.5,11.9,11.9,26.1,25.5,11.9,11.9,232.5,232.6,229.9,57.8,57.1,58,0,0,0,0,0,0,0,0,0,0,0,0,0,0,0,0,0,78,0,OK
11时57分11秒,46/79 静置,541.99,26.18,14190.59,550.05,25.86,14225.48,549.58,11.97,6577.74,546.36,12.03,6570.17,78,71.3,70.6,542.7,10.8,548.5,10.9,546.9,0,545.3,51.4,26.1,25.5,11.9,11.9,26.1,25.5,11.9,11.9,232.5,232.6,229.9,57.8,57.1,58,0,0,0,0,0,0,0,0,0,0,0,0,0,0,0,0,0,78,0,OK
11时57分16秒,46/79 静置,548.29,25.99,14250.65,550.87,25.81,14216.03,547.94,11.95,6545.26,547.18,11.98,6554.4,78,71.3,70.6,544.8,11.1,547.4,11,547.8,0,546,51.4,25.9,25.4,11.9,11.9,25.9,25.4,11.9,11.9,232.3,232.5,229.5,57.8,57.2,58,0,0,0,0,0,0,0,0,0,0,0,0,0,0,0,0,0,78,0,OK
11时57分21秒,46/79 静置,548.29,25.99,14250.65,550.87,25.81,14216.03,547.94,11.95,6545.26,547.18,11.98,6554.4,78,71.3,70.6,544.8,11.1,547.4,11,547.8,0,546,51.4,25.9,25.4,11.9,11.9,25.9,25.4,11.9,11.9,232.3,232.5,229.5,57.8,57.2,58,0,0,0,0,0,0,0,0,0,0,0,0,0,0,0,0,0,78,0,OK
11时57分26秒,46/79 静置,546.92,26.04,14240.67,546.22,26.07,14242.28,549.58,12,6594.91,547.45,12,6568.38,78,71.3,70.6,546.4,11,544.8,11.1,545.1,0,545.8,51.4,26,25.6,11.9,11.9,26,25.6,11.9,11.9,232.3,232.6,229.7,57.7,57.1,58,0,0,0,0,0,0,0,0,0,0,0,0,0,0,0,0,0,78,0,OK
11时57分31秒,46/79 静置,546.92,26.04,14240.67,546.22,26.07,14242.28,549.58,12,6594.91,547.45,12,6568.38,78,71.3,70.6,546.4,11,544.8,11.1,545.1,0,545.8,51.4,26,25.6,11.9,11.9,26,25.6,11.9,11.9,232.3,232.6,229.7,57.7,57.1,58,0,0,0,0,0,0,0,0,0,0,0,0,0,0,0,0,0,78,0,OK
11时57分36秒,46/79 静置,546.37,26.09,14254.15,544.85,26.16,14251.33,544.65,12.01,6540.64,548.55,11.92,6536.53,78,71.3,70.7,541.3,11.1,543.8,11.2,544.6,0,547.7,51.4,26.1,25.7,11.9,11.8,26.1,25.7,11.9,11.8,232.3,232.7,229.8,57.7,57.1,57.9,0,0,0,0,0,0,0,0,0,0,0,0,0,0,0,0,0,78,0,OK
11时57分41秒,46/79 静置,546.37,26.09,14254.15,544.85,26.16,14251.33,544.65,12.01,6540.64,548.55,11.92,6536.53,78,71.3,70.7,541.3,11.1,543.8,11.2,544.6,0,547.7,51.4,26.1,25.7,11.9,11.8,26.1,25.7,11.9,11.8,232.3,232.7,229.8,57.7,57.1,57.9,0,0,0,0,0,0,0,0,0,0,0,0,0,0,0,0,0,78,0,OK
11时57分46秒,46/79 静置,548.83,25.97,14254.17,550.05,25.67,14117.51,547.39,11.97,6551.56,546.36,12,6556.83,78,71.3,70.7,545.9,11,548.5,11.1,545.6,0,548,51.4,26,25.4,11.9,11.9,26,25.4,11.9,11.9,232,232.6,229.6,57.9,57.2,58.1,0,0,0,0,0,0,0,0,0,0,0,0,0,0,0,0,0,78,0,OK
11时57分51秒,46/79 静置,548.83,25.97,14254.17,550.05,25.67,14117.51,547.39,11.97,6551.56,546.36,12,6556.83,78,71.3,70.7,545.9,11,548.5,11.1,545.6,0,548,51.4,26,25.4,11.9,11.9,26,25.4,11.9,11.9,232,232.6,229.6,57.9,57.2,58.1,0,0,0,0,0,0,0,0,0,0,0,0,0,0,0,0,0,78,0,OK
11时57分56秒,46/79 静置,542.53,26.01,14113.28,547.04,26.04,14243.88,547.12,12,6564.31,548,12.02,6587.26,78,71.3,70.7,547.3,11,548.6,11,548.1,0,546.8,51.4,26,25.6,11.9,11.9,26,25.6,11.9,11.9,232.6,233,230,57.6,56.9,57.8,0,0,0,0,0,0,0,0,0,0,0,0,0,0,0,0,0,78,0,OK
11时58分01秒,46/79 静置,542.53,26.01,14113.28,547.04,26.04,14243.88,547.12,12,6564.31,548,12.02,6587.26,78,71.3,70.7,547.3,11,548.6,11,548.1,0,546.8,51.4,26,25.6,11.9,11.9,26,25.6,11.9,11.9,232.6,233,230,57.6,56.9,57.8,0,0,0,0,0,0,0,0,0,0,0,0,0,0,0,0,0,78,0,OK
11时58分06秒,46/79 静置,544.45,26.03,14172.74,546.22,26.02,14213.47,546.84,11.98,6550.89,545.81,12.03,6566.78,78,71.4,70.7,546.4,10.9,546.5,11.2,545.4,0,544.2,51.4,26,25.6,11.9,11.9,26,25.6,11.9,11.9,232.3,232.8,230,57.7,57.1,58,0,0,0,0,0,0,0,0,0,0,0,0,0,0,0,0,0,78,0,OK
11时58分11秒,46/79 静置,544.45,26.03,14172.74,546.22,26.02,14213.47,546.84,11.98,6550.89,545.81,12.03,6566.78,78,71.4,70.7,546.4,10.9,546.5,11.2,545.4,0,544.2,51.4,26,25.6,11.9,11.9,26,25.6,11.9,11.9,232.3,232.8,230,57.7,57.1,58,0,0,0,0,0,0,0,0,0,0,0,0,0,0,0,0,0,78,0,OK
11时58分16秒,46/79 静置,546.92,26.02,14232.13,550.05,26.01,14306.59,547.66,11.95,6546.81,544.71,12.03,6555.2,78,71.4,70.7,546,10.9,549,11.1,547.1,0,548,51.4,26,25.6,11.9,11.9,26,25.6,11.9,11.9,232.2,232.7,229.9,57.8,57.2,58.1,0,0,0,0,0,0,0,0,0,0,0,0,0,0,0,0,0,78,0,OK
11时58分21秒,46/79 静置,546.92,26.02,14232.13,550.05,26.01,14306.59,547.66,11.95,6546.81,544.71,12.03,6555.2,78,71.4,70.7,546,10.9,549,11.1,547.1,0,548,51.4,26,25.6,11.9,11.9,26,25.6,11.9,11.9,232.2,232.7,229.9,57.8,57.2,58.1,0,0,0,0,0,0,0,0,0,0,0,0,0,0,0,0,0,78,0,OK
11时58分26秒,46/79 静置,542.53,25.99,14102.68,541.03,26.04,14088.9,550.12,11.91,6553.65,548.55,11.98,6571.88,78,71.4,70.7,545.8,11,545.5,11.3,546.8,0,546.5,51.4,26,25.6,11.9,11.9,26,25.6,11.9,11.9,231.9,232.4,229.7,57.9,57.2,58.1,0,0,0,0,0,0,0,0,0,0,0,0,0,0,0,0,0,78,0,OK
11时58分31秒,46/79 静置,542.53,25.99,14102.68,541.03,26.04,14088.9,550.12,11.91,6553.65,548.55,11.98,6571.88,78,71.4,70.7,545.8,11,545.5,11.3,546.8,0,546.5,51.4,26,25.6,11.9,11.9,26,25.6,11.9,11.9,231.9,232.4,229.7,57.9,57.2,58.1,0,0,0,0,0,0,0,0,0,0,0,0,0,0,0,0,0,78,0,OK
11时58分36秒,46/79 静置,545,26.05,14198.71,549.5,25.98,14276.27,547.94,12.01,6578.44,546.63,12.02,6570.26,78,71.5,70.8,546.7,11,548.8,10.9,546.6,0,548,51.4,26,25.5,11.9,11.9,26,25.5,11.9,11.9,232.2,232.8,230,57.5,56.9,57.8,0,0,0,0,0,0,0,0,0,0,0,0,0,0,0,0,0,78,0,OK
11时58分41秒,46/79 静置,545,26.05,14198.71,549.5,25.98,14276.27,547.94,12.01,6578.44,546.63,12.02,6570.26,78,71.5,70.8,546.7,11,548.8,10.9,546.6,0,548,51.4,26,25.5,11.9,11.9,26,25.5,11.9,11.9,232.2,232.8,230,57.5,56.9,57.8,0,0,0,0,0,0,0,0,0,0,0,0,0,0,0,0,0,78,0,OK
11时58分46秒,46/79 静置,547.19,25.96,14205.6,544.85,26.07,14204.5,546.02,12.04,6571.99,550.19,11.97,6583.51,78,71.5,70.8,547.2,11,544.2,10.9,542,0,546.1,51.4,26,25.6,11.9,11.9,26,25.6,11.9,11.9,232.1,232.8,229.9,57.8,57.1,58,0,0,0,0,0,0,0,0,0,0,0,0,0,0,0,0,0,78,0,OK
11时58分51秒,46/79 静置,547.19,25.96,14205.6,544.85,26.07,14204.5,546.02,12.04,6571.99,550.19,11.97,6583.51,78,71.5,70.8,547.2,11,544.2,10.9,542,0,546.1,51.4,26,25.6,11.9,11.9,26,25.6,11.9,11.9,232.1,232.8,229.9,57.8,57.1,58,0,0,0,0,0,0,0,0,0,0,0,0,0,0,0,0,0,78,0,OK
11时58分56秒,46/79 静置,547.19,26.02,14238.73,547.31,26.05,14255.81,549.3,11.99,6586.27,550.19,11.9,6547.52,78,71.5,70.8,547.8,11,547.3,11.1,546.2,0,548.2,51.4,26.1,25.6,11.9,11.8,26.1,25.6,11.9,11.8,232.1,232.9,230.1,57.8,57.1,58,0,0,0,0,0,0,0,0,0,0,0,0,0,0,0,0,0,78,0,OK
11时59分01秒,46/79 静置,547.19,26.02,14238.73,547.31,26.05,14255.81,549.3,11.99,6586.27,550.19,11.9,6547.52,78,71.5,70.8,547.8,11,547.3,11.1,546.2,0,548.2,51.4,26.1,25.6,11.9,11.8,26.1,25.6,11.9,11.8,232.1,232.9,230.1,57.8,57.1,58,0,0,0,0,0,0,0,0,0,0,0,0,0,0,0,0,0,78,0,OK
11时59分06秒,46/79 静置,550.48,25.87,14239.87,545.95,26.08,14237.81,546.29,12.02,6566.21,548.28,11.97,6563.24,78,71.5,70.8,546,11,546.5,11.2,542.9,0,547.3,51.4,26,25.7,11.9,11.9,25.9,25.7,11.9,11.9,231.7,232.4,229.5,57.9,57.2,58.1,0,0,0,0,0,0,0,0,0,0,0,0,0,0,0,0,0,78,0,OK
11时59分11秒,46/79 静置,550.48,25.87,14239.87,545.95,26.08,14237.81,546.29,12.02,6566.21,548.28,11.97,6563.24,78,71.5,70.8,546,11,546.5,11.2,542.9,0,547.3,51.4,26,25.7,11.9,11.9,25.9,25.7,11.9,11.9,231.7,232.4,229.5,57.9,57.2,58.1,0,0,0,0,0,0,0,0,0,0,0,0,0,0,0,0,0,78,0,OK
11时59分16秒,46/79 静置,550.75,25.8,14207.17,548.41,26.02,14270.91,550.4,11.94,6574.11,549.1,11.99,6583.81,78,71.5,70.8,544.2,11.1,547.5,11.3,547.4,0,546.9,51.4,26.1,25.6,11.9,11.9,26,25.6,11.9,11.9,231.8,232.5,229.5,57.9,57.2,58.1,0,0,0,0,0,0,0,0,0,0,0,0,0,0,0,0,0,78,0,OK
11时59分21秒,46/79 静置,550.75,25.8,14207.17,548.41,26.02,14270.91,550.4,11.94,6574.11,549.1,11.99,6583.81,78,71.5,70.8,544.2,11.1,547.5,11.3,547.4,0,546.9,51.4,26.1,25.6,11.9,11.9,26,25.6,11.9,11.9,231.8,232.5,229.5,57.9,57.2,58.1,0,0,0,0,0,0,0,0,0,0,0,0,0,0,0,0,0,78,0,OK
11时59分26秒,46/79 静置,547.46,26.05,14260.28,548.68,26.03,14279.63,550.4,11.89,6542.4,548.55,11.93,6544.56,78,71.5,70.8,546.2,10.9,546,11,547.6,0,549.1,51.4,26,25.6,11.9,11.9,26,25.6,11.9,11.9,232.1,232.9,230,57.7,57.1,57.9,0,0,0,0,0,0,0,0,0,0,0,0,0,0,0,0,0,78,0,OK
11时59分31秒,46/79 静置,547.46,26.05,14260.28,548.68,26.03,14279.63,550.4,11.89,6542.4,548.55,11.93,6544.56,78,71.5,70.8,546.2,10.9,546,11,547.6,0,549.1,51.4,26,25.6,11.9,11.9,26,25.6,11.9,11.9,232.1,232.9,230,57.7,57.1,57.9,0,0,0,0,0,0,0,0,0,0,0,0,0,0,0,0,0,78,0,OK
11时59分36秒,46/79 静置,550.48,25.78,14192.02,549.23,25.98,14267.55,550.12,11.96,6582.12,541.98,12.05,6531.76,78,71.5,70.8,547,11,547.4,10.8,545.8,0,543.1,51.4,25.9,25.5,11.9,11.9,25.9,25.5,11.9,11.9,232,233,230.2,57.8,57.1,58.1,0,0,0,0,0,0,0,0,0,0,0,0,0,0,0,0,0,78,0,OK
11时59分41秒,46/79 静置,550.48,25.78,14192.02,549.23,25.98,14267.55,550.12,11.96,6582.12,541.98,12.05,6531.76,78,71.5,70.8,547,11,547.4,10.8,545.8,0,543.1,51.4,25.9,25.5,11.9,11.9,25.9,25.5,11.9,11.9,232,233,230.2,57.8,57.1,58.1,0,0,0,0,0,0,0,0,0,0,0,0,0,0,0,0,0,78,0,OK
11时59分46秒,46/79 静置,547.74,26,14240.69,547.04,26.07,14260.44,548.76,12,6584,549.65,11.95,6568.37,78,71.5,70.8,545.7,11.1,544.2,11,543.8,0,543.7,51.4,26,25.6,11.9,11.9,26,25.6,11.9,11.9,231.9,232.9,229.8,57.8,57.1,58,0,0,0,0,0,0,0,0,0,0,0,0,0,0,0,0,0,78,0,OK
11时59分51秒,46/79 静置,547.74,26,14240.69,547.04,26.07,14260.44,548.76,12,6584,549.65,11.95,6568.37,78,71.5,70.8,545.7,11.1,544.2,11,543.8,0,543.7,51.4,26,25.6,11.9,11.9,26,25.6,11.9,11.9,231.9,232.9,229.8,57.8,57.1,58,0,0,0,0,0,0,0,0,0,0,0,0,0,0,0,0,0,78,0,OK
11时59分56秒,46/79 静置,545.55,26.08,14226.31,544.31,26.16,14236.51,547.12,11.97,6548.82,542.52,12.03,6527.24,78,71.5,70.8,542.3,11,540.7,11,547.9,0,544.4,51.4,26,25.7,11.9,11.9,26,25.7,11.9,11.9,232,232.7,229.6,57.8,57.2,58.1,0,0,0,0,0,0,0,0,0,0,0,0,0,0,0,0,0,78,0,OK
12时00分01秒,46/79 静置,545.55,26.08,14226.31,544.31,26.16,14236.51,547.12,11.97,6548.82,542.52,12.03,6527.24,78,71.5,70.8,542.3,11,540.7,11,547.9,0,544.4,51.4,26,25.7,11.9,11.9,26,25.7,11.9,11.9,232,232.7,229.6,57.8,57.2,58.1,0,0,0,0,0,0,0,0,0,0,0,0,0,0,0,0,0,78,0,OK
12时00分06秒,46/79 静置,548.29,25.9,14199.24,545.13,26.07,14208.97,548.21,11.99,6572.08,546.36,12.03,6573.37,78,71.5,70.8,546.5,11.1,543.8,11,548.1,0,542.9,51.4,25.9,25.7,11.9,11.9,25.9,25.7,11.9,11.9,231.7,232.7,229.6,57.9,57.2,58.1,0,0,0,0,0,0,0,0,0,0,0,0,0,0,0,0,0,78,0,OK
12时00分11秒,46/79 静置,548.29,25.9,14199.24,545.13,26.07,14208.97,548.21,11.99,6572.08,546.36,12.03,6573.37,78,71.5,70.8,546.5,11.1,543.8,11,548.1,0,542.9,51.4,25.9,25.7,11.9,11.9,25.9,25.7,11.9,11.9,231.7,232.7,229.6,57.9,57.2,58.1,0,0,0,0,0,0,0,0,0,0,0,0,0,0,0,0,0,78,0,OK
12时00分16秒,46/79 静置,548.01,25.99,14244.05,548.95,25.83,14178.46,550.67,11.77,6483.27,547.73,12,6571.13,78,71.5,70.8,546.3,11,546.1,11.1,547.3,0,548,51.4,26,25.5,11.8,11.9,26,25.5,11.8,11.9,232.2,232.7,229.6,57.9,57.2,58.1,0,0,0,0,0,0,0,0,0,0,0,0,0,0,0,0,0,78,0,OK
12时00分21秒,46/79 静置,548.01,25.99,14244.05,548.95,25.83,14178.46,550.67,11.77,6483.27,547.73,12,6571.13,78,71.5,70.8,546.3,11,546.1,11.1,547.3,0,548,51.4,26,25.5,11.8,11.9,26,25.5,11.8,11.9,232.2,232.7,229.6,57.9,57.2,58.1,0,0,0,0,0,0,0,0,0,0,0,0,0,0,0,0,0,78,0,OK
12时00分26秒,46/79 静置,547.74,26.03,14258.34,547.59,25.99,14231.38,548.76,11.94,6550.24,549.1,11.9,6535.55,78,71.5,70.8,546.2,11,546.6,10.9,548.8,0,549.7,51.4,26,25.6,11.9,11.8,26,25.6,11.9,11.8,232.4,232.9,229.9,57.5,56.8,57.7,0,0,0,0,0,0,0,0,0,0,0,0,0,0,0,0,0,78,0,OK
12时00分31秒,46/79 静置,547.74,26.03,14258.34,547.59,25.99,14231.38,548.76,11.94,6550.24,549.1,11.9,6535.55,78,71.5,70.8,546.2,11,546.6,10.9,548.8,0,549.7,51.4,26,25.6,11.9,11.8,26,25.6,11.9,11.8,232.4,232.9,229.9,57.5,56.8,57.7,0,0,0,0,0,0,0,0,0,0,0,0,0,0,0,0,0,78,0,OK
12时00分36秒,46/79 静置,549.38,26.04,14305.41,545.95,26.15,14274.07,543.01,12.03,6531.55,541.15,12.05,6523.43,78,71.5,70.8,543.8,10.9,545.7,11.2,546.5,0,545.7,51.4,26,25.7,12,11.9,26,25.7,12,11.9,232.1,232.9,229.6,57.6,56.9,57.8,0,0,0,0,0,0,0,0,0,0,0,0,0,0,0,0,0,78,0,OK
12时00分41秒,46/79 静置,549.38,26.04,14305.41,545.95,26.15,14274.07,543.01,12.03,6531.55,541.15,12.05,6523.43,78,71.5,70.8,543.8,10.9,545.7,11.2,546.5,0,545.7,51.4,26,25.7,12,11.9,26,25.7,12,11.9,232.1,232.9,229.6,57.6,56.9,57.8,0,0,0,0,0,0,0,0,0,0,0,0,0,0,0,0,0,78,0,OK
12时00分46秒,46/79 静置,546.37,26.05,14230.67,546.49,26.04,14228.06,547.66,11.99,6564.46,549.65,11.99,6587.69,78,71.5,70.8,546.6,10.9,548.9,11.1,548.2,0,548.3,51.4,26,25.6,11.9,11.8,26,25.6,11.9,11.8,231.9,232.6,229.3,57.9,57.2,58.1,0,0,0,0,0,0,0,0,0,0,0,0,0,0,0,0,0,78,0,OK
12时00分51秒,46/79 静置,546.37,26.05,14230.67,546.49,26.04,14228.06,547.66,11.99,6564.46,549.65,11.99,6587.69,78,71.5,70.8,546.6,10.9,548.9,11.1,548.2,0,548.3,51.4,26,25.6,11.9,11.8,26,25.6,11.9,11.8,231.9,232.6,229.3,57.9,57.2,58.1,0,0,0,0,0,0,0,0,0,0,0,0,0,0,0,0,0,78,0,OK
12时00分56秒,46/79 静置,544.18,26.04,14169.32,549.23,26,14277.21,545.47,12,6546.23,546.36,12,6554.7,78,71.5,70.9,546.9,11,548.4,11,545.5,0,546,51.4,26,25.6,11.9,11.9,26,25.6,11.9,11.9,231.9,232.6,229.3,57.9,57.2,58.1,0,0,0,0,0,0,0,0,0,0,0,0,0,0,0,0,0,78,0,OK
12时01分01秒,46/79 静置,544.18,26.04,14169.32,549.23,26,14277.21,545.47,12,6546.23,546.36,12,6554.7,78,71.5,70.9,546.9,11,548.4,11,545.5,0,546,51.4,26,25.6,11.9,11.9,26,25.6,11.9,11.9,231.9,232.6,229.3,57.9,57.2,58.1,0,0,0,0,0,0,0,0,0,0,0,0,0,0,0,0,0,78,0,OK
12时01分06秒,46/79 静置,546.37,26.05,14231.74,548.68,25.9,14212.12,547.12,11.96,6545.61,548.55,12,6581.53,78,71.5,70.9,545.7,11.1,548.8,11.2,547.1,0,548,51.4,26.1,25.6,11.9,11.9,26.1,25.6,11.9,11.9,232,232.8,229.6,57.8,57.1,58.1,0,0,0,0,0,0,0,0,0,0,0,0,0,0,0,0,0,78,0,OK
12时01分11秒,46/79 静置,546.37,26.05,14231.74,548.68,25.9,14212.12,547.12,11.96,6545.61,548.55,12,6581.53,78,71.5,70.9,545.7,11.1,548.8,11.2,547.1,0,548,51.4,26.1,25.6,11.9,11.9,26.1,25.6,11.9,11.9,232,232.8,229.6,57.8,57.1,58.1,0,0,0,0,0,0,0,0,0,0,0,0,0,0,0,0,0,78,0,OK
12时01分16秒,46/79 静置,542.26,26.03,14115.14,550.05,26.04,14321.09,550.94,11.92,6568.27,547.73,11.97,6556.68,78,71.6,70.9,544.9,11,547.9,11.1,547.3,0,547.8,51.4,26,25.6,11.9,11.9,26,25.6,11.9,11.9,232.3,232.8,229.8,57.9,57.2,58.1,0,0,0,0,0,0,0,0,0,0,0,0,0,0,0,0,0,78,0,OK
12时01分21秒,46/79 静置,542.26,26.03,14115.14,550.05,26.04,14321.09,550.94,11.92,6568.27,547.73,11.97,6556.68,78,71.6,70.9,544.9,11,547.9,11.1,547.3,0,547.8,51.4,26,25.6,11.9,11.9,26,25.6,11.9,11.9,232.3,232.8,229.8,57.9,57.2,58.1,0,0,0,0,0,0,0,0,0,0,0,0,0,0,0,0,0,78,0,OK
12时01分26秒,46/79 静置,550.48,25.93,14274.81,546.22,26.02,14211.34,548.48,11.97,6565.72,544.44,12.05,6559.34,78,71.6,71,547,11.1,547.2,11,547.1,0,543.1,51.4,25.7,25.6,11.9,11.9,25.7,25.6,11.9,11.9,232,232.9,229.8,57.5,56.8,57.8,0,0,0,0,0,0,0,0,0,0,0,0,0,0,0,0,0,78,0,OK
12时01分31秒,46/79 静置,550.48,25.93,14274.81,546.22,26.02,14211.34,548.48,11.97,6565.72,544.44,12.05,6559.34,78,71.6,71,547,11.1,547.2,11,547.1,0,543.1,51.4,25.7,25.6,11.9,11.9,25.7,25.6,11.9,11.9,232,232.9,229.8,57.5,56.8,57.8,0,0,0,0,0,0,0,0,0,0,0,0,0,0,0,0,0,78,0,OK
12时01分36秒,46/79 静置,547.19,26,14229.65,548.68,26,14268.38,549.3,11.97,6575.54,549.1,11.94,6553.78,78,71.6,71,547.2,11.1,547.9,11.3,547.3,0,549.2,51.4,26,25.6,11.9,11.8,26,25.6,11.9,11.8,232.1,233,229.9,57.7,57,57.9,0,0,0,0,0,0,0,0,0,0,0,0,0,0,0,0,0,78,0,OK
12时01分41秒,46/79 静置,547.19,26,14229.65,548.68,26,14268.38,549.3,11.97,6575.54,549.1,11.94,6553.78,78,71.6,71,547.2,11.1,547.9,11.3,547.3,0,549.2,51.4,26,25.6,11.9,11.8,26,25.6,11.9,11.8,232.1,233,229.9,57.7,57,57.9,0,0,0,0,0,0,0,0,0,0,0,0,0,0,0,0,0,78,0,OK
12时01分46秒,46/79 静置,549.93,25.96,14278.86,546.49,26.02,14218.45,547.39,11.97,6553.7,547.18,11.98,6555.47,78,71.6,71,546.4,11,548.3,11.1,545.9,0,547.1,51.4,25.9,25.5,11.9,11.8,25.9,25.5,11.9,11.8,232.3,232.7,229.9,57.8,57.1,58,0,0,0,0,0,0,0,0,0,0,0,0,0,0,0,0,0,78,0,OK
12时01分51秒,46/79 静置,549.93,25.96,14278.86,546.49,26.02,14218.45,547.39,11.97,6553.7,547.18,11.98,6555.47,78,71.6,71,546.4,11,548.3,11.1,545.9,0,547.1,51.4,25.9,25.5,11.9,11.8,25.9,25.5,11.9,11.8,232.3,232.7,229.9,57.8,57.1,58,0,0,0,0,0,0,0,0,0,0,0,0,0,0,0,0,0,78,0,OK
12时01分56秒,46/79 静置,549.93,25.77,14173.6,547.59,26.07,14273.09,549.58,11.96,6574.52,547.45,11.96,6548.06,78,71.6,71,546.9,11,544.2,10.8,545.5,0,548.7,51.4,25.9,25.7,11.8,11.9,25.9,25.7,11.8,11.9,232.1,232.7,229.9,57.8,57.1,58.1,0,0,0,0,0,0,0,0,0,0,0,0,0,0,0,0,0,78,0,OK
12时02分01秒,46/79 静置,549.93,25.77,14173.6,547.59,26.07,14273.09,549.58,11.96,6574.52,547.45,11.96,6548.06,78,71.6,71,546.9,11,544.2,10.8,545.5,0,548.7,51.4,25.9,25.7,11.8,11.9,25.9,25.7,11.8,11.9,232.1,232.7,229.9,57.8,57.1,58.1,0,0,0,0,0,0,0,0,0,0,0,0,0,0,0,0,0,78,0,OK
12时02分06秒,46/79 静置,549.11,26.03,14293.47,548.68,25.99,14261.95,547.94,11.96,6553.29,548.82,12,6588.56,78,71.6,71,539.5,11,546.6,11.2,547.3,0,545.8,51.4,26,25.6,11.9,11.9,26,25.6,11.9,11.9,231.9,232.7,229.9,57.6,56.9,57.8,0,0,0,0,0,0,0,0,0,0,0,0,0,0,0,0,0,78,0,OK
12时02分11秒,46/79 静置,549.11,26.03,14293.47,548.68,25.99,14261.95,547.94,11.96,6553.29,548.82,12,6588.56,78,71.6,71,539.5,11,546.6,11.2,547.3,0,545.8,51.4,26,25.6,11.9,11.9,26,25.6,11.9,11.9,231.9,232.7,229.9,57.6,56.9,57.8,0,0,0,0,0,0,0,0,0,0,0,0,0,0,0,0,0,78,0,OK
12时02分16秒,46/79 静置,548.29,26.02,14265.1,549.77,25.96,14270.49,549.03,11.93,6550.28,550.47,11.95,6575.5,78,71.7,71,548.3,10.8,547.4,11,548.2,0,549.1,51.4,26,25.5,11.9,11.8,26,25.5,11.9,11.8,232.2,232.6,229.9,57.8,57.1,58,0,0,0,0,0,0,0,0,0,0,0,0,0,0,0,0,0,78,0,OK
12时02分21秒,46/79 静置,548.29,26.02,14265.1,549.77,25.96,14270.49,549.03,11.93,6550.28,550.47,11.95,6575.5,78,71.7,71,548.3,10.8,547.4,11,548.2,0,549.1,51.4,26,25.5,11.9,11.8,26,25.5,11.9,11.8,232.2,232.6,229.9,57.8,57.1,58,0,0,0,0,0,0,0,0,0,0,0,0,0,0,0,0,0,78,0,OK
12时02分26秒,46/79 静置,539.79,26.03,14053.07,550.87,25.98,14312.33,550.12,11.97,6584.81,546.36,12,6554.17,78,71.7,71,547.4,11,550.2,11.1,546.5,0,547.8,51.4,26,25.5,11.9,11.9,26,25.5,11.9,11.9,232.2,232.4,229.8,57.8,57.1,58.1,0,0,0,0,0,0,0,0,0,0,0,0,0,0,0,0,0,78,0,OK
12时02分31秒,46/79 静置,539.79,26.03,14053.07,550.87,25.98,14312.33,550.12,11.97,6584.81,546.36,12,6554.17,78,71.7,71,547.4,11,550.2,11.1,546.5,0,547.8,51.4,26,25.5,11.9,11.9,26,25.5,11.9,11.9,232.2,232.4,229.8,57.8,57.1,58.1,0,0,0,0,0,0,0,0,0,0,0,0,0,0,0,0,0,78,0,OK
12时02分36秒,46/79 静置,547.46,26.03,14251.19,547.59,25.91,14188.6,549.58,11.97,6578.28,547.73,12,6572.73,78,71.7,71,547.2,11,547.9,11,549.1,0,548,51.4,26,25.5,11.8,11.9,26,25.5,11.8,11.9,232,232.3,229.6,57.9,57.2,58.1,0,0,0,0,0,0,0,0,0,0,0,0,0,0,0,0,0,78,0,OK
12时02分41秒,46/79 静置,547.46,26.03,14251.19,547.59,25.91,14188.6,549.58,11.97,6578.28,547.73,12,6572.73,78,71.7,71,547.2,11,547.9,11,549.1,0,548,51.4,26,25.5,11.8,11.9,26,25.5,11.8,11.9,232,232.3,229.6,57.9,57.2,58.1,0,0,0,0,0,0,0,0,0,0,0,0,0,0,0,0,0,78,0,OK
12时02分46秒,46/79 静置,549.38,25.98,14275.37,549.5,25.95,14261.24,547.12,12,6565.38,547.45,11.99,6566.24,78,71.7,71,545.6,10.9,547.6,11,547.3,0,548.9,51.4,26,25.5,11.9,11.9,26,25.5,11.9,11.9,232.5,232.8,229.8,57.7,57,57.9,0,0,0,0,0,0,0,0,0,0,0,0,0,0,0,0,0,78,0,OK
12时02分51秒,46/79 静置,549.38,25.98,14275.37,549.5,25.95,14261.24,547.12,12,6565.38,547.45,11.99,6566.24,78,71.7,71,545.6,10.9,547.6,11,547.3,0,548.9,51.4,26,25.5,11.9,11.9,26,25.5,11.9,11.9,232.5,232.8,229.8,57.7,57,57.9,0,0,0,0,0,0,0,0,0,0,0,0,0,0,0,0,0,78,0,OK
12时02分56秒,46/79 静置,546.92,26.06,14253.49,548.95,25.94,14239.57,549.03,11.97,6570.12,548.82,11.98,6576.77,78,71.7,71.1,543.5,11,549.1,10.9,548.5,0,548.6,51.4,26,25.6,11.9,11.9,26,25.6,11.9,11.9,232.5,232.5,229.9,57.9,57.2,58.1,0,0,0,0,0,0,0,0,0,0,0,0,0,0,0,0,0,78,0,OK
12时03分01秒,46/79 静置,546.92,26.06,14253.49,548.95,25.94,14239.57,549.03,11.97,6570.12,548.82,11.98,6576.77,78,71.7,71.1,543.5,11,549.1,10.9,548.5,0,548.6,51.4,26,25.6,11.9,11.9,26,25.6,11.9,11.9,232.5,232.5,229.9,57.9,57.2,58.1,0,0,0,0,0,0,0,0,0,0,0,0,0,0,0,0,0,78,0,OK
12时03分06秒,46/79 静置,548.83,25.97,14252.56,548.41,25.98,14245.2,549.3,11.99,6586.27,550.19,11.96,6577.6,78,71.7,71.1,547.6,10.9,548.7,11.2,547,0,548.5,51.4,26,25.5,11.9,11.9,26,25.5,11.9,11.9,232,232.7,229.7,57.8,56.9,58,0,0,0,0,0,0,0,0,0,0,0,0,0,0,0,0,0,78,0,OK
12时03分11秒,46/79 静置,548.83,25.97,14252.56,548.41,25.98,14245.2,549.3,11.99,6586.27,550.19,11.96,6577.6,78,71.7,71.1,547.6,10.9,548.7,11.2,547,0,548.5,51.4,26,25.5,11.9,11.9,26,25.5,11.9,11.9,232,232.7,229.7,57.8,56.9,58,0,0,0,0,0,0,0,0,0,0,0,0,0,0,0,0,0,78,0,OK
12时03分16秒,46/79 静置,542.81,26.09,14162.27,548.13,26.02,14262.72,545.2,12.02,6555.72,545.54,12.01,6551.23,78,71.7,71.1,541.7,11,545.1,11.1,544.8,0,543.4,51.4,26.1,25.6,12,11.9,26.1,25.6,12,11.9,232.1,232.9,229.5,57.8,57,58.1,0,0,0,0,0,0,0,0,0,0,0,0,0,0,0,0,0,78,0,OK
12时03分21秒,46/79 静置,542.81,26.09,14162.27,548.13,26.02,14262.72,545.2,12.02,6555.72,545.54,12.01,6551.23,78,71.7,71.1,541.7,11,545.1,11.1,544.8,0,543.4,51.4,26.1,25.6,12,11.9,26.1,25.6,12,11.9,232.1,232.9,229.5,57.8,57,58.1,0,0,0,0,0,0,0,0,0,0,0,0,0,0,0,0,0,78,0,OK
12时03分26秒,46/79 静置,546.09,26.04,14220.33,548.41,26.06,14293.93,547.12,12.01,6572.33,548,12,6575.49,78,71.7,71.1,546.2,10.8,545.1,11.1,544.2,0,545.3,51.4,26,25.6,11.9,11.9,26.1,25.6,11.9,11.9,231.9,232.6,229.2,57.9,57,58.1,0,0,0,0,0,0,0,0,0,0,0,0,0,0,0,0,0,78,0,OK
12时03分31秒,46/79 静置,546.09,26.04,14220.33,548.41,26.06,14293.93,547.12,12.01,6572.33,548,12,6575.49,78,71.7,71.1,546.2,10.8,545.1,11.1,544.2,0,545.3,51.4,26,25.6,11.9,11.9,26.1,25.6,11.9,11.9,231.9,232.6,229.2,57.9,57,58.1,0,0,0,0,0,0,0,0,0,0,0,0,0,0,0,0,0,78,0,OK
12时03分36秒,46/79 静置,541.99,26.12,14158.31,546.49,26.11,14267.02,542.47,12.05,6537.16,546.91,12.04,6585.84,78,71.8,71.1,544.8,10.7,542.5,11,544.8,0,540.6,51.4,26,25.7,12,11.9,26.2,25.7,12,11.9,231.7,232.5,229.2,57.7,56.9,58,0,0,0,0,0,0,0,0,0,0,0,0,0,0,0,0,0,78,0,OK
12时03分41秒,46/79 静置,541.99,26.12,14158.31,546.49,26.11,14267.02,542.47,12.05,6537.16,546.91,12.04,6585.84,78,71.8,71.1,544.8,10.7,542.5,11,544.8,0,540.6,51.4,26,25.7,12,11.9,26.2,25.7,12,11.9,231.7,232.5,229.2,57.7,56.9,58,0,0,0,0,0,0,0,0,0,0,0,0,0,0,0,0,0,78,0,OK
12时03分46秒,46/79 静置,549.66,25.8,14179.44,548.41,25.99,14253.77,547.66,11.99,6566.6,548.82,11.96,6562.83,78,71.8,71.1,545,11,547.7,10.9,547.3,0,548.4,51.4,26,25.6,11.9,11.8,25.9,25.6,11.9,11.8,231.8,232.8,229.2,58,57.1,58.2,0,0,0,0,0,0,0,0,0,0,0,0,0,0,0,0,0,78,0,OK
12时03分51秒,46/79 静置,549.66,25.8,14179.44,548.41,25.99,14253.77,547.66,11.99,6566.6,548.82,11.96,6562.83,78,71.8,71.1,545,11,547.7,10.9,547.3,0,548.4,51.4,26,25.6,11.9,11.8,25.9,25.6,11.9,11.8,231.8,232.8,229.2,58,57.1,58.2,0,0,0,0,0,0,0,0,0,0,0,0,0,0,0,0,0,78,0,OK
12时03分56秒,46/79 静置,548.01,26.12,14313.09,543.76,26.03,14154.24,544.11,12,6528.76,544.99,12.05,6567.53,78,71.8,71.1,540,11,545.5,11,545,0,544.7,51.4,26.2,25.6,11.9,11.9,26.1,25.6,11.9,11.9,232,232.9,229.4,57.8,57,58.1,0,0,0,0,0,0,0,0,0,0,0,0,0,0,0,0,0,78,0,OK
12时04分01秒,46/79 静置,548.01,26.12,14313.09,543.76,26.03,14154.24,544.11,12,6528.76,544.99,12.05,6567.53,78,71.8,71.1,540,11,545.5,11,545,0,544.7,51.4,26.2,25.6,11.9,11.9,26.1,25.6,11.9,11.9,232,232.9,229.4,57.8,57,58.1,0,0,0,0,0,0,0,0,0,0,0,0,0,0,0,0,0,78,0,OK
12时04分06秒,46/79 静置,545,26.08,14210.96,548.95,25.93,14232.06,541.1,12.01,6501.13,546.91,12.01,6566.61,78,71.8,71.1,547.1,11,548,11.2,548,0,545.7,51.4,26,25.3,11.9,11.8,26,25.3,11.9,11.8,231.8,232.7,229,57.8,56.9,58,0,0,0,0,0,0,0,0,0,0,0,0,0,0,0,0,0,78,0,OK
12时04分11秒,46/79 静置,545,26.08,14210.96,548.95,25.93,14232.06,541.1,12.01,6501.13,546.91,12.01,6566.61,78,71.8,71.1,547.1,11,548,11.2,548,0,545.7,51.4,26,25.3,11.9,11.8,26,25.3,11.9,11.8,231.8,232.7,229,57.8,56.9,58,0,0,0,0,0,0,0,0,0,0,0,0,0,0,0,0,0,78,0,OK
12时04分16秒,46/79 静置,547.74,25.96,14217.15,547.31,26.04,14250.46,550.4,11.98,6592.92,548.55,11.95,6555.81,78,71.8,71.1,547.6,11,545.2,11.1,546,0,547.5,51.4,26,25.5,11.9,11.9,26,25.5,11.9,11.9,231.7,232.7,229,58.1,57.2,58.3,0,0,0,0,0,0,0,0,0,0,0,0,0,0,0,0,0,78,0,OK
12时04分21秒,46/79 静置,547.74,25.96,14217.15,547.31,26.04,14250.46,550.4,11.98,6592.92,548.55,11.95,6555.81,78,71.8,71.1,547.6,11,545.2,11.1,546,0,547.5,51.4,26,25.5,11.9,11.9,26,25.5,11.9,11.9,231.7,232.7,229,58.1,57.2,58.3,0,0,0,0,0,0,0,0,0,0,0,0,0,0,0,0,0,78,0,OK
12时04分26秒,46/79 静置,549.93,25.92,14254.16,548.95,26.04,14295.32,547.39,12,6566.53,549.65,11.91,6544.75,78,71.8,71.1,547.5,10.8,545.4,11.1,544.7,0,548,51.4,25.9,25.6,11.9,11.8,25.9,25.6,11.9,11.8,232,232.8,229.1,58,57.1,58.2,0,0,0,0,0,0,0,0,0,0,0,0,0,0,0,0,0,78,0,OK
12时04分31秒,46/79 静置,549.93,25.92,14254.16,548.95,26.04,14295.32,547.39,12,6566.53,549.65,11.91,6544.75,78,71.8,71.1,547.5,10.8,545.4,11.1,544.7,0,548,51.4,25.9,25.6,11.9,11.8,25.9,25.6,11.9,11.8,232,232.8,229.1,58,57.1,58.2,0,0,0,0,0,0,0,0,0,0,0,0,0,0,0,0,0,78,0,OK
12时04分36秒,46/79 静置,548.83,25.86,14194.67,549.5,25.98,14277.88,544.93,12.06,6569.47,545.26,12.04,6567.11,78,71.8,71.1,546.5,11,549.2,10.9,544.6,0,545.2,51.4,25.9,25.5,12,11.9,25.9,25.5,12,11.9,231.8,232.7,229,57.9,57,58.1,0,0,0,0,0,0,0,0,0,0,0,0,0,0,0,0,0,78,0,OK
12时04分41秒,46/79 静置,548.83,25.86,14194.67,549.5,25.98,14277.88,544.93,12.06,6569.47,545.26,12.04,6567.11,78,71.8,71.1,546.5,11,549.2,10.9,544.6,0,545.2,51.4,25.9,25.5,12,11.9,25.9,25.5,12,11.9,231.8,232.7,229,57.9,57,58.1,0,0,0,0,0,0,0,0,0,0,0,0,0,0,0,0,0,78,0,OK
12时04分46秒,46/79 静置,549.93,25.94,14266.51,547.04,25.97,14208.08,549.03,11.98,6579.77,548.28,11.98,6566.45,78,71.8,71,546,11,548,11,546.5,0,547.8,51.4,26,25.6,11.9,11.9,26,25.6,11.9,11.9,231.9,232.9,229.2,57.9,57,58.2,0,0,0,0,0,0,0,0,0,0,0,0,0,0,0,0,0,78,0,OK
12时04分51秒,46/79 静置,549.93,25.94,14266.51,547.04,25.97,14208.08,549.03,11.98,6579.77,548.28,11.98,6566.45,78,71.8,71,546,11,548,11,546.5,0,547.8,51.4,26,25.6,11.9,11.9,26,25.6,11.9,11.9,231.9,232.9,229.2,57.9,57,58.2,0,0,0,0,0,0,0,0,0,0,0,0,0,0,0,0,0,78,0,OK
12时04分56秒,46/79 静置,548.01,25.99,14242.98,544.85,26.17,14258.24,543.29,12.07,6555,545.81,11.91,6500.69,78,71.8,71,542.6,11,541.8,11.1,540.4,0,546.5,51.4,26,25.8,12,11.8,26,25.8,12,11.8,231.3,233.2,229.5,57.9,56.8,58.1,0,0,0,0,0,0,0,0,0,0,0,0,0,0,0,0,0,78,0,OK
12时05分01秒,46/79 静置,548.01,25.99,14242.98,544.85,26.17,14258.24,543.29,12.07,6555,545.81,11.91,6500.69,78,71.8,71,542.6,11,541.8,11.1,540.4,0,546.5,51.4,26,25.8,12,11.8,26,25.8,12,11.8,231.3,233.2,229.5,57.9,56.8,58.1,0,0,0,0,0,0,0,0,0,0,0,0,0,0,0,0,0,78,0,OK
12时05分06秒,46/79 静置,548.01,25.97,14233.35,542.39,26.1,14154.14,548.76,12,6582.93,548.28,11.99,6573.42,78,71.8,71,547.3,11.1,545.5,11.1,547.3,0,545.9,51.4,26,25.7,11.9,11.9,26,25.7,11.9,11.9,231.5,233.3,229.7,58,56.9,58.1,0,0,0,0,0,0,0,0,0,0,0,0,0,0,0,0,0,78,0,OK
12时05分11秒,46/79 静置,548.01,25.97,14233.35,542.39,26.1,14154.14,548.76,12,6582.93,548.28,11.99,6573.42,78,71.8,71,547.3,11.1,545.5,11.1,547.3,0,545.9,51.4,26,25.7,11.9,11.9,26,25.7,11.9,11.9,231.5,233.3,229.7,58,56.9,58.1,0,0,0,0,0,0,0,0,0,0,0,0,0,0,0,0,0,78,0,OK
12时05分16秒,46/79 静置,548.29,26.01,14260.28,548.95,25.96,14253.51,546.84,12.01,6570.11,547.45,12,6568.38,78,71.8,71,545.3,11,548.6,11.1,546.2,0,544.1,51.4,26,25.4,11.9,11.9,26,25.4,11.9,11.9,231.7,233.3,229.8,58,56.9,58.2,0,0,0,0,0,0,0,0,0,0,0,0,0,0,0,0,0,78,0,OK
12时05分21秒,46/79 静置,548.29,26.01,14260.28,548.95,25.96,14253.51,546.84,12.01,6570.11,547.45,12,6568.38,78,71.8,71,545.3,11,548.6,11.1,546.2,0,544.1,51.4,26,25.4,11.9,11.9,26,25.4,11.9,11.9,231.7,233.3,229.8,58,56.9,58.2,0,0,0,0,0,0,0,0,0,0,0,0,0,0,0,0,0,78,0,OK
12时05分26秒,46/79 静置,548.83,25.99,14262.74,546.49,25.91,14159.75,548.76,11.98,6573.82,542.8,12.06,6546.43,78,71.8,71,547.6,10.9,547.7,10.9,546.7,0,542.9,51.4,26,25.6,11.9,11.9,26,25.6,11.9,11.9,231.4,233.4,229.8,58,56.9,58.2,0,0,0,0,0,0,0,0,0,0,0,0,0,0,0,0,0,78,0,OK
12时05分31秒,46/79 静置,548.83,25.99,14262.74,546.49,25.91,14159.75,548.76,11.98,6573.82,542.8,12.06,6546.43,78,71.8,71,547.6,10.9,547.7,10.9,546.7,0,542.9,51.4,26,25.6,11.9,11.9,26,25.6,11.9,11.9,231.4,233.4,229.8,58,56.9,58.2,0,0,0,0,0,0,0,0,0,0,0,0,0,0,0,0,0,78,0,OK
12时05分36秒,46/79 静置,546.09,26.04,14218.2,548.41,25.96,14235.56,548.21,11.97,6561.91,538.41,12.03,6475.69,78,71.8,71,547,10.9,548.4,11.1,547.1,0,546.7,51.4,25.9,25.4,11.9,11.9,25.9,25.4,11.9,11.9,231.6,233.6,229.9,57.7,56.6,57.8,0,0,0,0,0,0,0,0,0,0,0,0,0,0,0,0,0,78,0,OK
12时05分41秒,46/79 静置,546.09,26.04,14218.2,548.41,25.96,14235.56,548.21,11.97,6561.91,538.41,12.03,6475.69,78,71.8,71,547,10.9,548.4,11.1,547.1,0,546.7,51.4,25.9,25.4,11.9,11.9,25.9,25.4,11.9,11.9,231.6,233.6,229.9,57.7,56.6,57.8,0,0,0,0,0,0,0,0,0,0,0,0,0,0,0,0,0,78,0,OK
12时05分46秒,46/79 静置,549.38,25.92,14239.96,546.22,26.06,14236.94,544.38,12.06,6567.13,546.36,12.02,6565.9,78,71.7,71,547.7,10.9,545.2,11,541.8,0,544.3,51.4,26,25.6,12,11.9,26,25.6,12,11.9,231.5,233.4,229.7,58,56.9,58.2,0,0,0,0,0,0,0,0,0,0,0,0,0,0,0,0,0,78,0,OK
12时05分51秒,46/79 静置,549.38,25.92,14239.96,546.22,26.06,14236.94,544.38,12.06,6567.13,546.36,12.02,6565.9,78,71.7,71,547.7,10.9,545.2,11,541.8,0,544.3,51.4,26,25.6,12,11.9,26,25.6,12,11.9,231.5,233.4,229.7,58,56.9,58.2,0,0,0,0,0,0,0,0,0,0,0,0,0,0,0,0,0,78,0,OK
12时05分56秒,46/79 静置,545.82,26.14,14266.51,538.29,26.13,14066.61,540.55,12.04,6506.18,540.61,12.04,6510.49,78,71.7,70.9,541.8,11,543.9,11.1,543.6,0,545.6,51.4,26.1,25.8,12,11.9,26.1,25.8,12,11.9,231.4,233.5,229.8,57.8,56.7,58,0,0,0,0,0,0,0,0,0,0,0,0,0,0,0,0,0,78,0,OK
12时06分01秒,46/79 静置,545.82,26.14,14266.51,538.29,26.13,14066.61,540.55,12.04,6506.18,540.61,12.04,6510.49,78,71.7,70.9,541.8,11,543.9,11.1,543.6,0,545.6,51.4,26.1,25.8,12,11.9,26.1,25.8,12,11.9,231.4,233.5,229.8,57.8,56.7,58,0,0,0,0,0,0,0,0,0,0,0,0,0,0,0,0,0,78,0,OK
12时06分06秒,46/79 静置,544.18,26.04,14171.45,532.28,26.28,13985.9,542.74,12.08,6557.42,541.15,12.07,6531.89,78,71.7,70.9,542.4,11,538.3,11.1,541.4,0,543.5,51.4,26,25.9,12,11.9,26,25.9,12,11.9,231.7,233.6,229.9,57.6,56.5,57.7,0,0,0,0,0,0,0,0,0,0,0,0,0,0,0,0,0,78,0,OK
12时06分11秒,46/79 静置,544.18,26.04,14171.45,532.28,26.28,13985.9,542.74,12.08,6557.42,541.15,12.07,6531.89,78,71.7,70.9,542.4,11,538.3,11.1,541.4,0,543.5,51.4,26,25.9,12,11.9,26,25.9,12,11.9,231.7,233.6,229.9,57.6,56.5,57.7,0,0,0,0,0,0,0,0,0,0,0,0,0,0,0,0,0,78,0,OK
12时06分16秒,46/79 静置,542.26,26.03,14117.26,544.58,26.08,14204.82,543.56,12.07,6558.83,543.34,12.05,6547.73,78,71.7,70.8,545.5,10.9,548.6,11,546,0,543,51.4,26,25.7,12,12,26,25.7,12,12,231.4,233.3,229.7,57.9,56.8,58,0,0,0,0,0,0,0,0,0,0,0,0,0,0,0,0,0,78,0,OK
12时06分21秒,46/79 静置,542.26,26.03,14117.26,544.58,26.08,14204.82,543.56,12.07,6558.83,543.34,12.05,6547.73,78,71.7,70.8,545.5,10.9,548.6,11,546,0,543,51.4,26,25.7,12,12,26,25.7,12,12,231.4,233.3,229.7,57.9,56.8,58,0,0,0,0,0,0,0,0,0,0,0,0,0,0,0,0,0,78,0,OK
12时06分26秒,46/79 静置,546.64,26.05,14239.4,543.76,26.16,14222.74,543.01,12.05,6543.75,546.63,11.94,6524.35,78,71.7,70.8,545.9,10.9,543.5,11,543.2,0,548,51.4,26,25.8,12,11.9,26,25.8,12,11.9,231.3,233.4,229.7,57.9,56.8,58.1,0,0,0,0,0,0,0,0,0,0,0,0,0,0,0,0,0,78,0,OK
12时06分31秒,46/79 静置,546.64,26.05,14239.4,543.76,26.16,14222.74,543.01,12.05,6543.75,546.63,11.94,6524.35,78,71.7,70.8,545.9,10.9,543.5,11,543.2,0,548,51.4,26,25.8,12,11.9,26,25.8,12,11.9,231.3,233.4,229.7,57.9,56.8,58.1,0,0,0,0,0,0,0,0,0,0,0,0,0,0,0,0,0,78,0,OK
12时06分36秒,46/79 静置,543.08,26.07,14156.7,544.03,26.05,14170.39,546.57,11.97,6542.27,545.54,12,6543.77,78,71.7,70.8,545.8,11,548.9,11.1,546.7,0,547.8,51.4,26,25.7,11.9,11.9,26,25.7,11.9,11.9,231.5,233.4,229.9,57.9,56.8,58.1,0,0,0,0,0,0,0,0,0,0,0,0,0,0,0,0,0,78,0,OK
12时06分41秒,46/79 静置,543.08,26.07,14156.7,544.03,26.05,14170.39,546.57,11.97,6542.27,545.54,12,6543.77,78,71.7,70.8,545.8,11,548.9,11.1,546.7,0,547.8,51.4,26,25.7,11.9,11.9,26,25.7,11.9,11.9,231.5,233.4,229.9,57.9,56.8,58.1,0,0,0,0,0,0,0,0,0,0,0,0,0,0,0,0,0,78,0,OK
12时06分46秒,46/79 静置,543.08,26.11,14177.39,548.95,26.02,14281.92,536.73,12.1,6495.23,548,12.02,6585.12,78,71.7,70.7,542.3,11,546.8,11.1,536.9,0,547.9,51.4,26.1,25.5,12,11.9,26.1,25.5,12,11.9,231.4,233.4,229.8,57.9,56.8,58.1,0,0,0,0,0,0,0,0,0,0,0,0,0,0,0,0,0,78,0,OK
12时06分51秒,46/79 静置,543.08,26.11,14177.39,548.95,26.02,14281.92,536.73,12.1,6495.23,548,12.02,6585.12,78,71.7,70.7,542.3,11,546.8,11.1,536.9,0,547.9,51.4,26.1,25.5,12,11.9,26.1,25.5,12,11.9,231.4,233.4,229.8,57.9,56.8,58.1,0,0,0,0,0,0,0,0,0,0,0,0,0,0,0,0,0,78,0,OK
12时06分56秒,46/79 静置,546.64,26.04,14235.13,548.41,25.95,14231.81,549.85,11.94,6565.43,547.45,11.93,6528.82,78,71.7,70.7,547.1,11,549.9,10.7,548.8,0,545.3,51.4,26,25.6,11.9,11.9,26,25.6,11.9,11.9,231.5,233.4,229.7,58,56.9,58.2,0,0,0,0,0,0,0,0,0,0,0,0,0,0,0,0,0,78,0,OK
12时07分01秒,46/79 静置,546.64,26.04,14235.13,548.41,25.95,14231.81,549.85,11.94,6565.43,547.45,11.93,6528.82,78,71.7,70.7,547.1,11,549.9,10.7,548.8,0,545.3,51.4,26,25.6,11.9,11.9,26,25.6,11.9,11.9,231.5,233.4,229.7,58,56.9,58.2,0,0,0,0,0,0,0,0,0,0,0,0,0,0,0,0,0,78,0,OK
12时07分06秒,46/79 静置,545,26.04,14191.8,548.68,26.05,14295.17,544.38,12.04,6551.71,541.98,12.12,6569.34,78,71.7,70.7,543.2,10.9,547,11,543.8,0,541,51.4,26.1,25.7,11.9,12,26.1,25.7,11.9,12,231.5,233.4,229.9,57.9,56.8,58,0,0,0,0,0,0,0,0,0,0,0,0,0,0,0,0,0,78,0,OK
12时07分11秒,46/79 静置,545,26.04,14191.8,548.68,26.05,14295.17,544.38,12.04,6551.71,541.98,12.12,6569.34,78,71.7,70.7,543.2,10.9,547,11,543.8,0,541,51.4,26.1,25.7,11.9,12,26.1,25.7,11.9,12,231.5,233.4,229.9,57.9,56.8,58,0,0,0,0,0,0,0,0,0,0,0,0,0,0,0,0,0,78,0,OK
12时07分16秒,46/79 静置,547.46,26.03,14251.19,549.23,25.99,14275.6,548.48,12,6582.32,548,12,6575.49,78,71.7,70.7,544.1,11.1,546.9,11.2,544.6,0,548.8,51.4,26,25.5,11.9,11.9,26,25.5,11.9,11.9,231.3,233.4,229.6,58.1,57,58.2,0,0,0,0,0,0,0,0,0,0,0,0,0,0,0,0,0,78,0,OK
12时07分21秒,46/79 静置,547.46,26.03,14251.19,549.23,25.99,14275.6,548.48,12,6582.32,548,12,6575.49,78,71.7,70.7,544.1,11.1,546.9,11.2,544.6,0,548.8,51.4,26,25.5,11.9,11.9,26,25.5,11.9,11.9,231.3,233.4,229.6,58.1,57,58.2,0,0,0,0,0,0,0,0,0,0,0,0,0,0,0,0,0,78,0,OK
12时07分26秒,46/79 静置,548.01,26,14249.4,546.49,26.08,14255.28,548.76,12.02,6596.86,546.91,11.98,6551.12,78,71.6,70.7,548.1,11,546.2,11.1,544.2,0,546.4,51.4,25.9,25.7,11.9,11.9,25.9,25.7,11.9,11.9,231.3,233.4,229.7,57.9,56.8,58.1,0,0,0,0,0,0,0,0,0,0,0,0,0,0,0,0,0,78,0,OK
12时07分31秒,46/79 静置,548.01,26,14249.4,546.49,26.08,14255.28,548.76,12.02,6596.86,546.91,11.98,6551.12,78,71.6,70.7,548.1,11,546.2,11.1,544.2,0,546.4,51.4,25.9,25.7,11.9,11.9,25.9,25.7,11.9,11.9,231.3,233.4,229.7,57.9,56.8,58.1,0,0,0,0,0,0,0,0,0,0,0,0,0,0,0,0,0,78,0,OK
12时07分36秒,46/79 静置,549.38,25.9,14230.84,550.05,25.72,14148.67,549.3,11.99,6587.34,544.71,12.03,6554.13,78,71.6,70.7,547,11,548.6,10.9,544.7,0,544.2,51.4,25.9,25.5,11.9,11.9,25.9,25.5,11.9,11.9,231.2,233.4,229.8,58,57,58.2,0,0,0,0,0,0,0,0,0,0,0,0,0,0,0,0,0,78,0,OK
12时07分42秒,46/79 静置,549.38,25.9,14230.84,550.05,25.72,14148.67,549.3,11.99,6587.34,544.71,12.03,6554.13,78,71.6,70.7,547,11,548.6,10.9,544.7,0,544.2,51.4,25.9,25.5,11.9,11.9,25.9,25.5,11.9,11.9,231.2,233.4,229.8,58,57,58.2,0,0,0,0,0,0,0,0,0,0,0,0,0,0,0,0,0,78,0,OK
12时07分47秒,46/79 静置,546.64,26,14211.11,549.5,25.98,14277.34,549.03,11.99,6583.53,549.1,11.96,6569.87,78,71.6,70.7,547.2,10.8,546.2,11,545.6,0,546.4,51.4,26,25.6,11.9,11.9,26,25.6,11.9,11.9,231.2,233.3,229.7,58.1,57,58.2,0,0,0,0,0,0,0,0,0,0,0,0,0,0,0,0,0,78,0,OK
12时07分52秒,46/79 静置,546.64,26,14211.11,549.5,25.98,14277.34,549.03,11.99,6583.53,549.1,11.96,6569.87,78,71.6,70.7,547.2,10.8,546.2,11,545.6,0,546.4,51.4,26,25.6,11.9,11.9,26,25.6,11.9,11.9,231.2,233.3,229.7,58.1,57,58.2,0,0,0,0,0,0,0,0,0,0,0,0,0,0,0,0,0,78,0,OK
12时07分57秒,46/79 静置,546.09,26.19,14303.52,540.21,26.28,14194.68,544.65,12.08,6578.93,543.34,12.14,6595.48,78,71.6,70.7,538.8,11.3,538.3,11.2,540.1,0,540.3,51.4,26.2,25.9,12,12,26.2,25.9,12,12,231.3,233.3,229.7,57.7,56.6,57.8,0,0,0,0,0,0,0,0,0,0,0,0,0,0,0,0,0,78,0,OK
12时08分02秒,46/79 静置,546.09,26.19,14303.52,540.21,26.28,14194.68,544.65,12.08,6578.93,543.34,12.14,6595.48,78,71.6,70.7,538.8,11.3,538.3,11.2,540.1,0,540.3,51.4,26.2,25.9,12,12,26.2,25.9,12,12,231.3,233.3,229.7,57.7,56.6,57.8,0,0,0,0,0,0,0,0,0,0,0,0,0,0,0,0,0,78,0,OK
12时08分07秒,46/79 静置,544.45,26.05,14185.5,545.13,26.05,14198.32,546.84,12.01,6570.11,544.71,12.04,6556.26,78,71.6,70.7,545.5,11,545.3,11.2,545.8,0,546.8,51.4,26.1,25.7,11.9,11.9,26.1,25.7,11.9,11.9,231.3,233.4,229.7,58.1,57,58.2,0,0,0,0,0,0,0,0,0,0,0,0,0,0,0,0,0,78,0,OK
12时08分12秒,46/79 静置,544.45,26.05,14185.5,545.13,26.05,14198.32,546.84,12.01,6570.11,544.71,12.04,6556.26,78,71.6,70.7,545.5,11,545.3,11.2,545.8,0,546.8,51.4,26.1,25.7,11.9,11.9,26.1,25.7,11.9,11.9,231.3,233.4,229.7,58.1,57,58.2,0,0,0,0,0,0,0,0,0,0,0,0,0,0,0,0,0,78,0,OK
12时08分17秒,46/79 静置,546.37,26.05,14232.81,547.04,26.02,14234.26,546.02,12.01,6558.66,548.28,11.98,6566.45,78,71.6,70.7,546.6,11,548.3,11,545.5,0,546.9,51.4,26,25.6,12,11.8,26,25.6,12,11.8,231.6,233.5,230,58,56.9,58.2,0,0,0,0,0,0,0,0,0,0,0,0,0,0,0,0,0,78,0,OK
12时08分22秒,46/79 静置,546.37,26.05,14232.81,547.04,26.02,14234.26,546.02,12.01,6558.66,548.28,11.98,6566.45,78,71.6,70.7,546.6,11,548.3,11,545.5,0,546.9,51.4,26,25.6,12,11.8,26,25.6,12,11.8,231.6,233.5,230,58,56.9,58.2,0,0,0,0,0,0,0,0,0,0,0,0,0,0,0,0,0,78,0,OK
12时08分27秒,46/79 静置,543.08,26.06,14154.58,544.31,26.12,14214.72,539.19,12.11,6530.27,544.44,12.04,6554.55,78,71.6,70.7,544.9,11,545.8,11.1,539,0,545.3,51.4,26.1,25.7,12,11.9,26.1,25.7,12,11.9,231.6,233.5,230.1,57.8,56.7,58,0,0,0,0,0,0,0,0,0,0,0,0,0,0,0,0,0,78,0,OK
12时08分32秒,46/79 静置,543.08,26.06,14154.58,544.31,26.12,14214.72,539.19,12.11,6530.27,544.44,12.04,6554.55,78,71.6,70.7,544.9,11,545.8,11.1,539,0,545.3,51.4,26.1,25.7,12,11.9,26.1,25.7,12,11.9,231.6,233.5,230.1,57.8,56.7,58,0,0,0,0,0,0,0,0,0,0,0,0,0,0,0,0,0,78,0,OK
12时08分37秒,46/79 静置,545.27,26.1,14231.42,547.04,26.02,14231.59,545.75,12.03,6566.56,541.15,12.08,6538.76,78,71.6,70.7,544.7,11,548.3,11,543.9,0,542.3,51.4,26.1,25.6,12,12,26.1,25.6,12,12,231.6,233.5,230,57.9,56.8,58.1,0,0,0,0,0,0,0,0,0,0,0,0,0,0,0,0,0,78,0,OK
12时08分42秒,46/79 静置,545.27,26.1,14231.42,547.04,26.02,14231.59,545.75,12.03,6566.56,541.15,12.08,6538.76,78,71.6,70.7,544.7,11,548.3,11,543.9,0,542.3,51.4,26.1,25.6,12,12,26.1,25.6,12,12,231.6,233.5,230,57.9,56.8,58.1,0,0,0,0,0,0,0,0,0,0,0,0,0,0,0,0,0,78,0,OK
12时08分47秒,46/79 静置,545.27,26.07,14212.79,547.86,25.99,14236.34,547.66,12.01,6575.15,543.62,12.03,6537.76,78,71.6,70.7,545.5,11,547.5,11.1,546.2,0,546.8,51.4,26.1,25.6,11.9,11.9,26.1,25.6,11.9,11.9,231.2,233.3,229.7,58,56.9,58.2,0,0,0,0,0,0,0,0,0,0,0,0,0,0,0,0,0,78,0,OK
12时08分52秒,46/79 静置,545.27,26.07,14212.79,547.86,25.99,14236.34,547.66,12.01,6575.15,543.62,12.03,6537.76,78,71.6,70.7,545.5,11,547.5,11.1,546.2,0,546.8,51.4,26.1,25.6,11.9,11.9,26.1,25.6,11.9,11.9,231.2,233.3,229.7,58,56.9,58.2,0,0,0,0,0,0,0,0,0,0,0,0,0,0,0,0,0,78,0,OK
12时08分57秒,46/79 静置,550.21,25.95,14280.08,547.59,25.99,14234.05,546.84,12.02,6571.71,548,12.02,6584.59,78,71.6,70.7,546.1,11,548.4,11,545.3,0,546.9,51.4,25.9,25.6,11.9,11.9,25.9,25.6,11.9,11.9,231.3,233.4,229.9,57.9,56.9,58.1,0,0,0,0,0,0,0,0,0,0,0,0,0,0,0,0,0,78,0,OK
12时09分02秒,46/79 静置,550.21,25.95,14280.08,547.59,25.99,14234.05,546.84,12.02,6571.71,548,12.02,6584.59,78,71.6,70.7,546.1,11,548.4,11,545.3,0,546.9,51.4,25.9,25.6,11.9,11.9,25.9,25.6,11.9,11.9,231.3,233.4,229.9,57.9,56.9,58.1,0,0,0,0,0,0,0,0,0,0,0,0,0,0,0,0,0,78,0,OK
12时09分07秒,46/79 静置,549.38,25.95,14258.2,544.31,26.13,14224.82,545.2,12.04,6562.65,546.36,12.02,6569.64,78,71.6,70.7,545.5,11,541.9,11.2,543,0,545.4,51.4,26,25.7,12,11.9,26,25.7,12,11.9,231.6,233.7,230.1,57.9,56.8,58.1,0,0,0,0,0,0,0,0,0,0,0,0,0,0,0,0,0,78,0,OK
12时09分12秒,46/79 静置,549.38,25.95,14258.2,544.31,26.13,14224.82,545.2,12.04,6562.65,546.36,12.02,6569.64,78,71.6,70.7,545.5,11,541.9,11.2,543,0,545.4,51.4,26,25.7,12,11.9,26,25.7,12,11.9,231.6,233.7,230.1,57.9,56.8,58.1,0,0,0,0,0,0,0,0,0,0,0,0,0,0,0,0,0,78,0,OK
12时09分17秒,46/79 静置,541.16,26.17,14163.78,546.77,26.04,14235.18,550.4,11.9,6549.38,543.62,12.01,6526.61,78,71.6,70.8,538.6,11.2,548.3,11.1,547.7,0,547.2,51.4,26.1,25.6,11.8,11.9,26.1,25.6,11.8,11.9,231.4,233.7,230,57.9,56.8,58.1,0,0,0,0,0,0,0,0,0,0,0,0,0,0,0,0,0,78,0,OK
12时09分22秒,46/79 静置,541.16,26.17,14163.78,546.77,26.04,14235.18,550.4,11.9,6549.38,543.62,12.01,6526.61,78,71.6,70.8,538.6,11.2,548.3,11.1,547.7,0,547.2,51.4,26.1,25.6,11.8,11.9,26.1,25.6,11.8,11.9,231.4,233.7,230,57.9,56.8,58.1,0,0,0,0,0,0,0,0,0,0,0,0,0,0,0,0,0,78,0,OK
12时09分27秒,46/79 静置,549.11,26,14275.24,548.13,26.04,14273.42,549.3,11.93,6554.08,546.63,12.02,6568.12,78,71.6,70.8,545.3,11,548.7,10.9,547.4,0,544,51.4,25.9,25.6,11.9,11.9,25.9,25.6,11.9,11.9,231.1,233.4,229.7,58,56.9,58.1,0,0,0,0,0,0,0,0,0,0,0,0,0,0,0,0,0,78,0,OK
12时09分32秒,46/79 静置,549.11,26,14275.24,548.13,26.04,14273.42,549.3,11.93,6554.08,546.63,12.02,6568.12,78,71.6,70.8,545.3,11,548.7,10.9,547.4,0,544,51.4,25.9,25.6,11.9,11.9,25.9,25.6,11.9,11.9,231.1,233.4,229.7,58,56.9,58.1,0,0,0,0,0,0,0,0,0,0,0,0,0,0,0,0,0,78,0,OK
12时09分37秒,46/79 静置,549.11,25.88,14210.35,550.32,25.63,14103.57,549.58,11.88,6528.9,549.37,11.97,6576.36,78,71.6,70.8,546.7,11,547.1,11.1,547.3,0,547.6,51.4,25.9,25.4,11.9,11.9,25.9,25.4,11.9,11.9,231.1,233.6,229.9,58,56.9,58.2,0,0,0,0,0,0,0,0,0,0,0,0,0,0,0,0,0,78,0,OK
12时09分42秒,46/79 静置,549.11,25.88,14210.35,550.32,25.63,14103.57,549.58,11.88,6528.9,549.37,11.97,6576.36,78,71.6,70.8,546.7,11,547.1,11.1,547.3,0,547.6,51.4,25.9,25.4,11.9,11.9,25.9,25.4,11.9,11.9,231.1,233.6,229.9,58,56.9,58.2,0,0,0,0,0,0,0,0,0,0,0,0,0,0,0,0,0,78,0,OK
12时09分47秒,46/79 静置,549.93,25.88,14233.75,549.23,26.01,14285.25,547.39,11.96,6548.35,548.82,11.96,6566.58,78,71.6,70.8,546.3,11,546.5,11.1,547.8,0,546.9,51.4,25.9,25.5,11.9,11.8,25.9,25.5,11.9,11.8,231,233.6,229.8,58,56.9,58.2,0,0,0,0,0,0,0,0,0,0,0,0,0,0,0,0,0,78,0,OK
12时09分52秒,46/79 静置,549.93,25.88,14233.75,549.23,26.01,14285.25,547.39,11.96,6548.35,548.82,11.96,6566.58,78,71.6,70.8,546.3,11,546.5,11.1,547.8,0,546.9,51.4,25.9,25.5,11.9,11.8,25.9,25.5,11.9,11.8,231,233.6,229.8,58,56.9,58.2,0,0,0,0,0,0,0,0,0,0,0,0,0,0,0,0,0,78,0,OK
12时09分57秒,46/79 静置,549.38,25.94,14249.08,547.31,25.99,14223.74,550.67,11.94,6573.07,548.55,11.97,6565.99,78,71.7,70.9,544.6,10.9,548.7,11,548.4,0,547.1,51.4,25.8,25.5,11.8,11.9,25.8,25.5,11.8,11.9,231,233.8,230,57.5,56.4,57.7,0,0,0,0,0,0,0,0,0,0,0,0,0,0,0,0,0,78,0,OK
12时10分02秒,46/79 静置,549.38,25.94,14249.08,547.31,25.99,14223.74,550.67,11.94,6573.07,548.55,11.97,6565.99,78,71.7,70.9,544.6,10.9,548.7,11,548.4,0,547.1,51.4,25.8,25.5,11.8,11.9,25.8,25.5,11.8,11.9,231,233.8,230,57.5,56.4,57.7,0,0,0,0,0,0,0,0,0,0,0,0,0,0,0,0,0,78,0,OK
12时10分07秒,46/79 静置,544.18,26.01,14152.85,547.86,26.04,14264.7,549.03,12.02,6599.07,551.84,11.95,6592.4,78,71.7,70.9,547.3,11.1,548.6,11,547.6,0,548.1,51.4,26,25.6,11.9,11.9,26,25.6,11.9,11.9,231.1,233.7,229.9,58,56.9,58.2,0,0,0,0,0,0,0,0,0,0,0,0,0,0,0,0,0,78,0,OK
12时10分12秒,46/79 静置,544.18,26.01,14152.85,547.86,26.04,14264.7,549.03,12.02,6599.07,551.84,11.95,6592.4,78,71.7,70.9,547.3,11.1,548.6,11,547.6,0,548.1,51.4,26,25.6,11.9,11.9,26,25.6,11.9,11.9,231.1,233.7,229.9,58,56.9,58.2,0,0,0,0,0,0,0,0,0,0,0,0,0,0,0,0,0,78,0,OK
12时10分17秒,46/79 静置,549.11,26.01,14282.74,547.86,26.03,14262.02,548.76,11.9,6531.48,546.91,12,6565.01,78,71.7,71,545.7,10.9,548.1,11,547.2,0,547.7,51.4,26,25.7,11.9,11.9,26,25.7,11.9,11.9,230.9,233.7,229.9,58,56.9,58.2,0,0,0,0,0,0,0,0,0,0,0,0,0,0,0,0,0,78,0,OK
12时10分22秒,46/79 静置,549.11,26.01,14282.74,547.86,26.03,14262.02,548.76,11.9,6531.48,546.91,12,6565.01,78,71.7,71,545.7,10.9,548.1,11,547.2,0,547.7,51.4,26,25.7,11.9,11.9,26,25.7,11.9,11.9,230.9,233.7,229.9,58,56.9,58.2,0,0,0,0,0,0,0,0,0,0,0,0,0,0,0,0,0,78,0,OK
12时10分27秒,46/79 静置,546.37,26.06,14240.81,547.86,25.98,14233.67,549.85,11.98,6584.76,544.99,12.03,6556.89,78,71.7,71,546.7,11.1,549.8,11.1,545.4,0,543.3,51.4,26,25.6,11.9,11.9,26,25.6,11.9,11.9,231.4,234.1,230.2,57.8,56.8,58,0,0,0,0,0,0,0,0,0,0,0,0,0,0,0,0,0,78,0,OK
12时10分32秒,46/79 静置,546.37,26.06,14240.81,547.86,25.98,14233.67,549.85,11.98,6584.76,544.99,12.03,6556.89,78,71.7,71,546.7,11.1,549.8,11.1,545.4,0,543.3,51.4,26,25.6,11.9,11.9,26,25.6,11.9,11.9,231.4,234.1,230.2,57.8,56.8,58,0,0,0,0,0,0,0,0,0,0,0,0,0,0,0,0,0,78,0,OK
12时10分37秒,46/79 静置,546.64,25.97,14197.76,547.86,26.03,14260.96,549.03,12,6587.82,546.36,12.01,6560.04,78,71.7,71,547,10.8,547.6,11.1,547.1,0,548.1,51.4,26,25.6,11.9,11.9,26,25.6,11.9,11.9,231.1,233.8,230,57.9,56.9,58.1,0,0,0,0,0,0,0,0,0,0,0,0,0,0,0,0,0,78,0,OK
12时10分42秒,46/79 静置,546.64,25.97,14197.76,547.86,26.03,14260.96,549.03,12,6587.82,546.36,12.01,6560.04,78,71.7,71,547,10.8,547.6,11.1,547.1,0,548.1,51.4,26,25.6,11.9,11.9,26,25.6,11.9,11.9,231.1,233.8,230,57.9,56.9,58.1,0,0,0,0,0,0,0,0,0,0,0,0,0,0,0,0,0,78,0,OK
12时10分47秒,46/79 静置,542.26,26.13,14170.22,549.77,25.82,14196.93,550.67,11.88,6543.5,549.65,11.81,6492.69,78,71.8,71,545.6,11.1,548.6,11,547.5,0,548.2,51.4,26.1,25.5,11.7,11.8,26.1,25.5,11.7,11.8,231,233.7,229.8,58,57,58.2,0,0,0,0,0,0,0,0,0,0,0,0,0,0,0,0,0,78,0,OK
12时10分52秒,46/79 静置,542.26,26.13,14170.22,549.77,25.82,14196.93,550.67,11.88,6543.5,549.65,11.81,6492.69,78,71.8,71,545.6,11.1,548.6,11,547.5,0,548.2,51.4,26.1,25.5,11.7,11.8,26.1,25.5,11.7,11.8,231,233.7,229.8,58,57,58.2,0,0,0,0,0,0,0,0,0,0,0,0,0,0,0,0,0,78,0,OK
12时10分57秒,46/79 静置,549.93,25.93,14259.53,550.87,25.98,14312.86,547.94,11.99,6568.81,544.99,12.01,6545.71,78,71.8,71,547.3,11,548.9,11.1,546.7,0,548.1,51.4,26,25.6,11.9,11.9,26,25.6,11.9,11.9,230.9,233.4,229.7,58.1,57,58.3,0,0,0,0,0,0,0,0,0,0,0,0,0,0,0,0,0,78,0,OK
12时11分02秒,46/79 静置,549.93,25.93,14259.53,550.87,25.98,14312.86,547.94,11.99,6568.81,544.99,12.01,6545.71,78,71.8,71,547.3,11,548.9,11.1,546.7,0,548.1,51.4,26,25.6,11.9,11.9,26,25.6,11.9,11.9,230.9,233.4,229.7,58.1,57,58.3,0,0,0,0,0,0,0,0,0,0,0,0,0,0,0,0,0,78,0,OK
12时11分07秒,46/79 静置,549.38,26,14284.49,548.41,26.01,14266.62,549.58,11.97,6579.89,549.65,11.95,6565.69,78,71.8,71,546.6,11,548.9,11.1,549,0,547.6,51.4,26,25.5,11.9,11.8,26,25.5,11.9,11.8,230.9,233.7,229.8,58,56.9,58.2,0,0,0,0,0,0,0,0,0,0,0,0,0,0,0,0,0,78,0,OK
12时11分12秒,46/79 静置,549.38,26,14284.49,548.41,26.01,14266.62,549.58,11.97,6579.89,549.65,11.95,6565.69,78,71.8,71,546.6,11,548.9,11.1,549,0,547.6,51.4,26,25.5,11.9,11.8,26,25.5,11.9,11.8,230.9,233.7,229.8,58,56.9,58.2,0,0,0,0,0,0,0,0,0,0,0,0,0,0,0,0,0,78,0,OK
12时11分17秒,46/79 静置,547.19,26.02,14236.06,548.95,25.94,14241.18,549.3,11.98,6580.9,544.71,12.03,6552,78,71.8,71,546.3,11,548.5,11.1,547.7,0,546.7,51.4,26,25.6,11.9,11.9,26,25.6,11.9,11.9,231.4,233.8,230.1,57.9,56.9,58.1,0,0,0,0,0,0,0,0,0,0,0,0,0,0,0,0,0,78,0,OK
12时11分22秒,46/79 静置,547.19,26.02,14236.06,548.95,25.94,14241.18,549.3,11.98,6580.9,544.71,12.03,6552,78,71.8,71,546.3,11,548.5,11.1,547.7,0,546.7,51.4,26,25.6,11.9,11.9,26,25.6,11.9,11.9,231.4,233.8,230.1,57.9,56.9,58.1,0,0,0,0,0,0,0,0,0,0,0,0,0,0,0,0,0,78,0,OK
12时11分27秒,46/79 静置,544.72,26.03,14178.27,547.86,26.1,14296.8,544.38,12.06,6567.66,548.82,12.01,6589.09,78,71.8,71,546.1,11,547.6,11.2,546.8,0,546.3,51.4,26,25.7,12,11.9,26,25.7,12,11.9,231.1,233.7,229.9,57.9,56.8,58.1,0,0,0,0,0,0,0,0,0,0,0,0,0,0,0,0,0,78,0,OK
12时11分32秒,46/79 静置,544.72,26.03,14178.27,547.86,26.1,14296.8,544.38,12.06,6567.66,548.82,12.01,6589.09,78,71.8,71,546.1,11,547.6,11.2,546.8,0,546.3,51.4,26,25.7,12,11.9,26,25.7,12,11.9,231.1,233.7,229.9,57.9,56.8,58.1,0,0,0,0,0,0,0,0,0,0,0,0,0,0,0,0,0,78,0,OK
12时11分37秒,46/79 静置,545.27,26.06,14210.66,547.59,26.07,14276.83,546.57,12.03,6574.3,541.7,12.06,6530.57,78,71.8,71,546.6,10.9,548.4,11,545.1,0,545.8,51.4,26.1,25.6,11.9,11.9,26.1,25.6,11.9,11.9,231.2,233.6,229.8,58,56.9,58.2,0,0,0,0,0,0,0,0,0,0,0,0,0,0,0,0,0,78,0,OK
12时11分42秒,46/79 静置,545.27,26.06,14210.66,547.59,26.07,14276.83,546.57,12.03,6574.3,541.7,12.06,6530.57,78,71.8,71,546.6,10.9,548.4,11,545.1,0,545.8,51.4,26.1,25.6,11.9,11.9,26.1,25.6,11.9,11.9,231.2,233.6,229.8,58,56.9,58.2,0,0,0,0,0,0,0,0,0,0,0,0,0,0,0,0,0,78,0,OK
12时11分47秒,46/79 静置,549.11,26,14274.16,549.5,25.98,14277.88,550.4,11.96,6580.56,540.88,12.02,6500.59,78,71.8,71,546,11,549.1,11,547.8,0,546,51.4,25.9,25.6,11.9,11.9,25.9,25.6,11.9,11.9,231.5,234,230.2,57.9,56.8,58,0,0,0,0,0,0,0,0,0,0,0,0,0,0,0,0,0,78,0,OK
12时11分52秒,46/79 静置,549.11,26,14274.16,549.5,25.98,14277.88,550.4,11.96,6580.56,540.88,12.02,6500.59,78,71.8,71,546,11,549.1,11,547.8,0,546,51.4,25.9,25.6,11.9,11.9,25.9,25.6,11.9,11.9,231.5,234,230.2,57.9,56.8,58,0,0,0,0,0,0,0,0,0,0,0,0,0,0,0,0,0,78,0,OK
12时11分57秒,46/79 静置,543.36,26.1,14180.3,549.23,25.93,14240.74,544.93,12.04,6562.02,543.07,12.04,6539.66,78,71.8,71,541.8,11.1,547.5,11.1,543.1,0,546,51.4,26.1,25.5,12,11.9,26.1,25.5,12,11.9,231.4,233.8,229.8,57.9,56.8,58.1,0,0,0,0,0,0,0,0,0,0,0,0,0,0,0,0,0,78,0,OK
12时12分02秒,46/79 静置,543.36,26.1,14180.3,549.23,25.93,14240.74,544.93,12.04,6562.02,543.07,12.04,6539.66,78,71.8,71,541.8,11.1,547.5,11.1,543.1,0,546,51.4,26.1,25.5,12,11.9,26.1,25.5,12,11.9,231.4,233.8,229.8,57.9,56.8,58.1,0,0,0,0,0,0,0,0,0,0,0,0,0,0,0,0,0,78,0,OK
12时12分07秒,46/79 静置,549.93,25.92,14255.77,549.23,25.88,14214.46,547.39,11.95,6543.01,546.08,12.02,6566.34,78,71.9,71,545.8,11,548.1,11.2,546.1,0,546.5,51.4,25.9,25.5,11.9,11.9,25.9,25.5,11.9,11.9,230.7,233.3,229.4,58.2,57.1,58.3,0,0,0,0,0,0,0,0,0,0,0,0,0,0,0,0,0,78,0,OK
12时12分12秒,46/79 静置,549.93,25.92,14255.77,549.23,25.88,14214.46,547.39,11.95,6543.01,546.08,12.02,6566.34,78,71.9,71,545.8,11,548.1,11.2,546.1,0,546.5,51.4,25.9,25.5,11.9,11.9,25.9,25.5,11.9,11.9,230.7,233.3,229.4,58.2,57.1,58.3,0,0,0,0,0,0,0,0,0,0,0,0,0,0,0,0,0,78,0,OK
12时12分17秒,46/79 静置,549.38,25.85,14200.26,547.31,26.08,14271.84,549.03,12,6587.82,549.1,11.99,6581.66,78,71.9,71,546.8,10.8,547.1,11,547.9,0,545.9,51.4,25.9,25.6,11.9,11.9,25.9,25.6,11.9,11.9,231.4,233.6,229.5,57.9,56.8,58.1,0,0,0,0,0,0,0,0,0,0,0,0,0,0,0,0,0,78,0,OK
12时12分22秒,46/79 静置,549.38,25.85,14200.26,547.31,26.08,14271.84,549.03,12,6587.82,549.1,11.99,6581.66,78,71.9,71,546.8,10.8,547.1,11,547.9,0,545.9,51.4,25.9,25.6,11.9,11.9,25.9,25.6,11.9,11.9,231.4,233.6,229.5,57.9,56.8,58.1,0,0,0,0,0,0,0,0,0,0,0,0,0,0,0,0,0,78,0,OK
12时12分27秒,46/79 静置,543.36,26.09,14177.12,547.31,26.04,14249.39,549.85,12,6596.57,546.91,12,6565.01,78,71.9,71,544.6,11,548.2,11,547.7,0,547.6,51.4,26.1,25.6,11.9,11.9,26.1,25.6,11.9,11.9,231.5,233.6,229.6,57.9,56.9,58.1,0,0,0,0,0,0,0,0,0,0,0,0,0,0,0,0,0,78,0,OK
12时12分32秒,46/79 静置,543.36,26.09,14177.12,547.31,26.04,14249.39,549.85,12,6596.57,546.91,12,6565.01,78,71.9,71,544.6,11,548.2,11,547.7,0,547.6,51.4,26.1,25.6,11.9,11.9,26.1,25.6,11.9,11.9,231.5,233.6,229.6,57.9,56.9,58.1,0,0,0,0,0,0,0,0,0,0,0,0,0,0,0,0,0,78,0,OK
12时12分37秒,46/79 静置,548.01,26.03,14264.92,545.95,26.06,14225.02,547.94,12,6573.09,543.62,12.03,6539.36,78,71.9,71,545.4,11,546.7,11,547.7,0,546.3,51.4,26,25.7,11.9,11.9,26,25.7,11.9,11.9,231.8,233.9,229.6,57.9,56.8,58.1,0,0,0,0,0,0,0,0,0,0,0,0,0,0,0,0,0,78,0,OK
12时12分42秒,46/79 静置,548.01,26.03,14264.92,545.95,26.06,14225.02,547.94,12,6573.09,543.62,12.03,6539.36,78,71.9,71,545.4,11,546.7,11,547.7,0,546.3,51.4,26,25.7,11.9,11.9,26,25.7,11.9,11.9,231.8,233.9,229.6,57.9,56.8,58.1,0,0,0,0,0,0,0,0,0,0,0,0,0,0,0,0,0,78,0,OK
12时12分42秒,46/79 静置,548.01,26.03,14264.92,545.95,26.06,14225.02,547.94,12,6573.09,543.62,12.03,6539.36,78,71.9,71,545.4,11,546.7,11,547.7,0,546.3,51.4,26,25.7,11.9,11.9,26,25.7,11.9,11.9,231.8,233.9,229.6,57.9,56.8,58.1,0,0,0,0,0,0,0,0,0,0,0,0,0,0,0,0,0,78,0,OK
12时12分47秒,47/79 Modbus写入,599.8,0.46,277.64,599.79,0.21,123.59,599.88,0.14,83.77,599.77,0.21,125.93,78,71.8,71,600.2,0,602.3,0,600.6,0,601.5,51.4,0,0,0,0,0,0,0,0,231.1,232.9,228.7,0,0,0,0,0,0,0,0,0,0,0,0,0,0,0,0,0,0,0,0,78,0,OK
12时12分47秒,47/79 Modbus写入,599.8,0.46,277.64,599.79,0.21,123.59,599.88,0.14,83.77,599.77,0.21,125.93,78,71.8,71,600.2,0,602.3,0,600.6,0,601.5,51.4,0,0,0,0,0,0,0,0,231.1,232.9,228.7,0,0,0,0,0,0,0,0,0,0,0,0,0,0,0,0,0,0,0,0,78,0,OK
12时15分02秒,49/79 停止采集,,,,,,,,,,,,,,,,,,,,,,,,,,,,,,,,,,,,,,,,,,,,,,,,,,,,,,,0,0,OK
12时15分12秒,36/79 开始采集,599.8,0.05,31.63,599.79,0.08,48.03,599.88,0.04,26.95,599.77,0.06,38.66,77,65.6,61.6,598.6,0,599.5,0,600.1,0,600.1,51.4,0,0,0,0,0,0,0,0,231.3,232.8,229,0,0,0,1,0,0,0,0,0,0,0,0,0,0,0,0,0,0,0,0,77,0,OK
12时15分12秒,36/79 开始采集,599.8,0.05,31.63,599.79,0.08,48.03,599.88,0.04,26.95,599.77,0.06,38.66,77,65.6,61.6,598.6,0,599.5,0,600.1,0,600.1,51.4,0,0,0,0,0,0,0,0,231.3,232.8,229,0,0,0,1,0,0,0,0,0,0,0,0,0,0,0,0,0,0,0,0,77,0,OK
12时15分17秒,36/79 开始采集,599.8,0.05,31.63,599.79,0.08,48.03,599.88,0.04,26.95,599.77,0.05,31.63,77,65.2,61.1,598.6,0,599.5,0,600.1,0,600.2,51.4,0,0,0,0,0,0,0,0,231.2,232.8,228.9,0,0,0,1,0,0,0,0,0,0,0,0,0,0,0,0,0,0,0,0,77,0,OK
12时15分17秒,36/79 开始采集,599.8,0.05,31.63,599.79,0.08,48.03,599.88,0.04,26.95,599.77,0.05,31.63,77,65.2,61.1,598.6,0,599.5,0,600.1,0,600.2,51.4,0,0,0,0,0,0,0,0,231.2,232.8,228.9,0,0,0,1,0,0,0,0,0,0,0,0,0,0,0,0,0,0,0,0,77,0,OK
12时15分22秒,36/79 开始采集,599.8,0.05,31.63,599.79,0.08,48.03,599.88,0.04,26.95,599.77,0.05,31.63,77,65.2,61.1,598.6,0,599.5,0,600.1,0,600.2,51.4,0,0,0,0,0,0,0,0,231.2,232.8,228.9,0,0,0,1,0,0,0,0,0,0,0,0,0,0,0,0,0,0,0,0,77,0,OK
12时15分22秒,36/79 开始采集,599.8,0.05,31.63,599.79,0.08,48.03,599.88,0.04,26.95,599.77,0.05,31.63,77,65.2,61.1,598.6,0,599.5,0,600.1,0,600.2,51.4,0,0,0,0,0,0,0,0,231.2,232.8,228.9,0,0,0,1,0,0,0,0,0,0,0,0,0,0,0,0,0,0,0,0,77,0,OK
12时15分27秒,43/79 Modbus写入,599.8,0.05,31.63,599.79,0.08,48.03,599.88,0.04,26.95,599.77,0.05,31.63,77,64.8,60.7,598.7,0,599.5,0,600.1,0,600.2,51.4,0,0,0,0,0,0,0,0,230.8,232.5,228.7,0,0,0,1,0,0,0,0,0,0,0,0,0,0,0,0,0,0,0,0,77,0,OK
12时15分32秒,43/79 Modbus写入,599.8,0.05,31.63,599.79,0.08,48.03,599.88,0.04,26.95,599.77,0.05,31.63,77,64.8,60.7,598.7,0,599.5,0,600.1,0,600.2,51.4,0,0,0,0,0,0,0,0,230.8,232.5,228.7,0,0,0,1,0,0,0,0,0,0,0,0,0,0,0,0,0,0,0,0,77,0,OK
12时15分37秒,44/79 静置,599.8,0.05,31.63,599.79,0.08,48.03,599.88,0.04,26.95,599.77,0.05,31.63,77,64.5,60.5,598.7,0,599.6,0,600.1,0,600.2,51.4,0,0,0,0,0,0,0,0,230.9,232.7,228.6,0,0,0,1,0,0,0,0,0,0,0,0,0,0,0,0,0,0,0,0,77,0,OK
12时15分42秒,44/79 静置,599.8,0.05,31.63,599.79,0.08,48.03,599.88,0.04,26.95,599.77,0.05,31.63,77,64.5,60.5,598.7,0,599.6,0,600.1,0,600.2,51.4,0,0,0,0,0,0,0,0,230.9,232.7,228.6,0,0,0,1,0,0,0,0,0,0,0,0,0,0,0,0,0,0,0,0,77,0,OK
12时15分47秒,44/79 静置,601.17,0.05,32.88,600.61,0.07,39.3,599.88,0.04,25.19,600.05,0.05,32.23,77,64.2,60.3,598.9,-0.6,599.7,-0.6,600.2,0,600.3,51.4,0,0,0,0,0,0,0,0,231,232.6,228.7,0,0,0,0,0,0,0,0,0,0,0,0,0,0,0,0,0,0,0,0,77,0,OK
12时15分52秒,44/79 静置,601.17,0.05,32.88,600.61,0.07,39.3,599.88,0.04,25.19,600.05,0.05,32.23,77,64.2,60.3,598.9,-0.6,599.7,-0.6,600.2,0,600.3,51.4,0,0,0,0,0,0,0,0,231,232.6,228.7,0,0,0,0,0,0,0,0,0,0,0,0,0,0,0,0,0,0,0,0,77,0,OK
12时15分57秒,44/79 静置,598.98,0.05,32.17,600.61,0.07,43.4,600.43,0.04,21.7,600.05,0.06,33.4,77,63.9,60.1,598.9,-0.6,599.7,-0.6,600.2,0,600.3,51.4,0,0,0,0,0,0,0,0,231.2,232.9,228.8,0,0,0,0,0,0,0,0,0,0,0,0,0,0,0,0,0,0,0,0,77,0,OK
12时16分02秒,44/79 静置,598.98,0.05,32.17,600.61,0.07,43.4,600.43,0.04,21.7,600.05,0.06,33.4,77,63.9,60.1,598.9,-0.6,599.7,-0.6,600.2,0,600.3,51.4,0,0,0,0,0,0,0,0,231.2,232.9,228.8,0,0,0,0,0,0,0,0,0,0,0,0,0,0,0,0,0,0,0,0,77,0,OK
12时16分07秒,44/79 静置,600.62,0.09,53.96,597.06,0.09,54.23,602.07,0.08,45.27,600.6,0.1,58.07,77,63.7,60,598.8,-0.5,599.6,-0.7,600.1,0,600.3,51.4,0,0,0,0,0,0,0,0,231,232.8,228.6,1.2,1.1,1,0,0,0,0,0,0,0,0,0,0,0,0,0,0,0,0,0,77,0,OK
12时16分12秒,44/79 静置,600.62,0.09,53.96,597.06,0.09,54.23,602.07,0.08,45.27,600.6,0.1,58.07,77,63.7,60,598.8,-0.5,599.6,-0.7,600.1,0,600.3,51.4,0,0,0,0,0,0,0,0,231,232.8,228.6,1.2,1.1,1,0,0,0,0,0,0,0,0,0,0,0,0,0,0,0,0,0,77,0,OK
12时16分17秒,44/79 静置,600.62,0.09,53.96,597.06,0.09,54.23,602.07,0.08,45.27,600.6,0.1,58.07,77,63.7,60,598.8,-0.5,599.6,-0.7,600.1,0,600.3,51.4,0,0,0,0,0,0,0,0,231,232.8,228.6,1.2,1.1,1,0,0,0,0,0,0,0,0,0,0,0,0,0,0,0,0,0,77,0,OK
12时16分22秒,44/79 静置,600.62,0.09,53.96,597.06,0.09,54.23,602.07,0.08,45.27,600.6,0.1,58.07,77,63.7,60,598.8,-0.5,599.6,-0.7,600.1,0,600.3,51.4,0,0,0,0,0,0,0,0,231,232.8,228.6,1.2,1.1,1,0,0,0,0,0,0,0,0,0,0,0,0,0,0,0,0,0,77,0,OK
12时16分27秒,44/79 静置,600.62,0.09,53.96,597.06,0.09,54.23,602.07,0.08,45.27,600.6,0.1,58.07,77,63.7,60,598.8,-0.5,599.6,-0.7,600.1,0,600.3,51.4,0,0,0,0,0,0,0,0,231,232.8,228.6,1.2,1.1,1,0,0,0,0,0,0,0,0,0,0,0,0,0,0,0,0,0,77,0,OK
12时16分32秒,44/79 静置,600.62,0.09,53.96,597.06,0.09,54.23,602.07,0.08,45.27,600.6,0.1,58.07,77,63.7,60,598.8,-0.5,599.6,-0.7,600.1,0,600.3,51.4,0,0,0,0,0,0,0,0,231,232.8,228.6,1.2,1.1,1,0,0,0,0,0,0,0,0,0,0,0,0,0,0,0,0,0,77,0,OK
12时16分37秒,44/79 静置,600.62,0.09,53.96,597.06,0.09,54.23,602.07,0.08,45.27,600.6,0.1,58.07,77,63.7,60,598.8,-0.5,599.6,-0.7,600.1,0,600.3,51.4,0,0,0,0,0,0,0,0,231,232.8,228.6,1.2,1.1,1,0,0,0,0,0,0,0,0,0,0,0,0,0,0,0,0,0,77,0,OK
12时16分43秒,44/79 静置,600.62,0.09,53.96,597.06,0.09,54.23,602.07,0.08,45.27,600.6,0.1,58.07,77,63.7,60,598.8,-0.5,599.6,-0.7,600.1,0,600.3,51.4,0,0,0,0,0,0,0,0,231,232.8,228.6,1.2,1.1,1,0,0,0,0,0,0,0,0,0,0,0,0,0,0,0,0,0,77,0,OK
12时16分48秒,44/79 静置,600.62,0.09,53.96,597.06,0.09,54.23,602.07,0.08,45.27,600.6,0.1,58.07,77,63.7,60,598.8,-0.5,599.6,-0.7,600.1,0,600.3,51.4,0,0,0,0,0,0,0,0,231,232.8,228.6,1.2,1.1,1,0,0,0,0,0,0,0,0,0,0,0,0,0,0,0,0,0,77,0,OK
12时16分53秒,44/79 静置,602.54,0.1,60.02,594.33,0.11,67.91,601.25,0.07,39.93,601.69,0.07,44.66,77,63.5,60,599.2,-0.6,599.8,-0.5,600.1,0,600.4,51.4,0,0,0,0,0,0,0,0,231,232.6,228.8,1.2,1.2,1.3,0,0,0,0,0,0,0,0,0,0,0,0,0,0,0,0,0,77,0,OK
12时16分58秒,44/79 静置,602.54,0.1,60.02,594.33,0.11,67.91,601.25,0.07,39.93,601.69,0.07,44.66,77,63.5,60,599.2,-0.6,599.8,-0.5,600.1,0,600.4,51.4,0,0,0,0,0,0,0,0,231,232.6,228.8,1.2,1.2,1.3,0,0,0,0,0,0,0,0,0,0,0,0,0,0,0,0,0,77,0,OK
12时17分03秒,44/79 静置,602.54,0.1,60.02,594.33,0.11,67.91,601.25,0.07,39.93,601.69,0.07,44.66,77,63.5,60,599.2,-0.6,599.8,-0.5,600.1,0,600.4,51.4,0,0,0,0,0,0,0,0,231,232.6,228.8,1.2,1.2,1.3,0,0,0,0,0,0,0,0,0,0,0,0,0,0,0,0,0,77,0,OK
12时17分08秒,44/79 静置,602.54,0.1,60.02,594.33,0.11,67.91,601.25,0.07,39.93,601.69,0.07,44.66,77,63.5,60,599.2,-0.6,599.8,-0.5,600.1,0,600.4,51.4,0,0,0,0,0,0,0,0,231,232.6,228.8,1.2,1.2,1.3,0,0,0,0,0,0,0,0,0,0,0,0,0,0,0,0,0,77,0,OK
12时17分13秒,44/79 静置,602.54,0.1,60.02,594.33,0.11,67.91,601.25,0.07,39.93,601.69,0.07,44.66,77,63.5,60,599.2,-0.6,599.8,-0.5,600.1,0,600.4,51.4,0,0,0,0,0,0,0,0,231,232.6,228.8,1.2,1.2,1.3,0,0,0,0,0,0,0,0,0,0,0,0,0,0,0,0,0,77,0,OK
12时17分18秒,44/79 静置,602.54,0.1,60.02,594.33,0.11,67.91,601.25,0.07,39.93,601.69,0.07,44.66,77,63.5,60,599.2,-0.6,599.8,-0.5,600.1,0,600.4,51.4,0,0,0,0,0,0,0,0,231,232.6,228.8,1.2,1.2,1.3,0,0,0,0,0,0,0,0,0,0,0,0,0,0,0,0,0,77,0,OK
12时17分23秒,44/79 静置,602.54,0.1,60.02,594.33,0.11,67.91,601.25,0.07,39.93,601.69,0.07,44.66,77,63.5,60,599.2,-0.6,599.8,-0.5,600.1,0,600.4,51.4,0,0,0,0,0,0,0,0,231,232.6,228.8,1.2,1.2,1.3,0,0,0,0,0,0,0,0,0,0,0,0,0,0,0,0,0,77,0,OK
12时17分28秒,44/79 静置,602.54,0.1,60.02,594.33,0.11,67.91,601.25,0.07,39.93,601.69,0.07,44.66,77,63.5,60,599.2,-0.6,599.8,-0.5,600.1,0,600.4,51.4,0,0,0,0,0,0,0,0,231,232.6,228.8,1.2,1.2,1.3,0,0,0,0,0,0,0,0,0,0,0,0,0,0,0,0,0,77,0,OK
12时17分33秒,44/79 静置,602.54,0.1,60.02,594.33,0.11,67.91,601.25,0.07,39.93,601.69,0.07,44.66,77,63.5,60,599.2,-0.6,599.8,-0.5,600.1,0,600.4,51.4,0,0,0,0,0,0,0,0,231,232.6,228.8,1.2,1.2,1.3,0,0,0,0,0,0,0,0,0,0,0,0,0,0,0,0,0,77,0,OK
12时17分38秒,44/79 静置,602.54,0.1,60.02,594.33,0.11,67.91,601.25,0.07,39.93,601.69,0.07,44.66,77,63.5,60,599.2,-0.6,599.8,-0.5,600.1,0,600.4,51.4,0,0,0,0,0,0,0,0,231,232.6,228.8,1.2,1.2,1.3,0,0,0,0,0,0,0,0,0,0,0,0,0,0,0,0,0,77,0,OK
12时17分43秒,44/79 静置,602.54,0.1,60.02,594.33,0.11,67.91,601.25,0.07,39.93,601.69,0.07,44.66,77,63.5,60,599.2,-0.6,599.8,-0.5,600.1,0,600.4,51.4,0,0,0,0,0,0,0,0,231,232.6,228.8,1.2,1.2,1.3,0,0,0,0,0,0,0,0,0,0,0,0,0,0,0,0,0,77,0,OK
12时17分48秒,44/79 静置,602.54,0.1,60.02,594.33,0.11,67.91,601.25,0.07,39.93,601.69,0.07,44.66,77,63.5,60,599.2,-0.6,599.8,-0.5,600.1,0,600.4,51.4,0,0,0,0,0,0,0,0,231,232.6,228.8,1.2,1.2,1.3,0,0,0,0,0,0,0,0,0,0,0,0,0,0,0,0,0,77,0,OK
12时17分53秒,44/79 静置,602.54,0.1,60.02,594.33,0.11,67.91,601.25,0.07,39.93,601.69,0.07,44.66,77,63.5,60,599.2,-0.6,599.8,-0.5,600.1,0,600.4,51.4,0,0,0,0,0,0,0,0,231,232.6,228.8,1.2,1.2,1.3,0,0,0,0,0,0,0,0,0,0,0,0,0,0,0,0,0,77,0,OK
12时17分58秒,44/79 静置,602.54,0.1,60.02,594.33,0.11,67.91,601.25,0.07,39.93,601.69,0.07,44.66,77,63.5,60,599.2,-0.6,599.8,-0.5,600.1,0,600.4,51.4,0,0,0,0,0,0,0,0,231,232.6,228.8,1.2,1.2,1.3,0,0,0,0,0,0,0,0,0,0,0,0,0,0,0,0,0,77,0,OK
12时18分03秒,44/79 静置,602.54,0.1,60.02,594.33,0.11,67.91,601.25,0.07,39.93,601.69,0.07,44.66,77,63.5,60,599.2,-0.6,599.8,-0.5,600.1,0,600.4,51.4,0,0,0,0,0,0,0,0,231,232.6,228.8,1.2,1.2,1.3,0,0,0,0,0,0,0,0,0,0,0,0,0,0,0,0,0,77,0,OK
12时18分08秒,44/79 静置,602.54,0.1,60.02,594.33,0.11,67.91,601.25,0.07,39.93,601.69,0.07,44.66,77,63.5,60,599.2,-0.6,599.8,-0.5,600.1,0,600.4,51.4,0,0,0,0,0,0,0,0,231,232.6,228.8,1.2,1.2,1.3,0,0,0,0,0,0,0,0,0,0,0,0,0,0,0,0,0,77,0,OK
12时18分13秒,44/79 静置,602.54,0.1,60.02,594.33,0.11,67.91,601.25,0.07,39.93,601.69,0.07,44.66,77,63.5,60,599.2,-0.6,599.8,-0.5,600.1,0,600.4,51.4,0,0,0,0,0,0,0,0,231,232.6,228.8,1.2,1.2,1.3,0,0,0,0,0,0,0,0,0,0,0,0,0,0,0,0,0,77,0,OK
12时18分18秒,44/79 静置,602.54,0.1,60.02,594.33,0.11,67.91,601.25,0.07,39.93,601.69,0.07,44.66,77,63.5,60,599.2,-0.6,599.8,-0.5,600.1,0,600.4,51.4,0,0,0,0,0,0,0,0,231,232.6,228.8,1.2,1.2,1.3,0,0,0,0,0,0,0,0,0,0,0,0,0,0,0,0,0,77,0,OK
12时18分23秒,44/79 静置,602.54,0.1,60.02,594.33,0.11,67.91,601.25,0.07,39.93,601.69,0.07,44.66,77,63.5,60,599.2,-0.6,599.8,-0.5,600.1,0,600.4,51.4,0,0,0,0,0,0,0,0,231,232.6,228.8,1.2,1.2,1.3,0,0,0,0,0,0,0,0,0,0,0,0,0,0,0,0,0,77,0,OK
12时18分28秒,44/79 静置,602.54,0.1,60.02,594.33,0.11,67.91,601.25,0.07,39.93,601.69,0.07,44.66,77,63.5,60,599.2,-0.6,599.8,-0.5,600.1,0,600.4,51.4,0,0,0,0,0,0,0,0,231,232.6,228.8,1.2,1.2,1.3,0,0,0,0,0,0,0,0,0,0,0,0,0,0,0,0,0,77,0,OK
12时18分33秒,44/79 静置,602.54,0.1,60.02,594.33,0.11,67.91,601.25,0.07,39.93,601.69,0.07,44.66,77,63.5,60,599.2,-0.6,599.8,-0.5,600.1,0,600.4,51.4,0,0,0,0,0,0,0,0,231,232.6,228.8,1.2,1.2,1.3,0,0,0,0,0,0,0,0,0,0,0,0,0,0,0,0,0,77,0,OK
12时18分38秒,44/79 静置,602.54,0.1,60.02,594.33,0.11,67.91,601.25,0.07,39.93,601.69,0.07,44.66,77,63.5,60,599.2,-0.6,599.8,-0.5,600.1,0,600.4,51.4,0,0,0,0,0,0,0,0,231,232.6,228.8,1.2,1.2,1.3,0,0,0,0,0,0,0,0,0,0,0,0,0,0,0,0,0,77,0,OK
12时18分43秒,44/79 静置,602.54,0.1,60.02,594.33,0.11,67.91,601.25,0.07,39.93,601.69,0.07,44.66,77,63.5,60,599.2,-0.6,599.8,-0.5,600.1,0,600.4,51.4,0,0,0,0,0,0,0,0,231,232.6,228.8,1.2,1.2,1.3,0,0,0,0,0,0,0,0,0,0,0,0,0,0,0,0,0,77,0,OK
12时18分48秒,44/79 静置,602.54,0.1,60.02,594.33,0.11,67.91,601.25,0.07,39.93,601.69,0.07,44.66,77,63.5,60,599.2,-0.6,599.8,-0.5,600.1,0,600.4,51.4,0,0,0,0,0,0,0,0,231,232.6,228.8,1.2,1.2,1.3,0,0,0,0,0,0,0,0,0,0,0,0,0,0,0,0,0,77,0,OK
12时18分53秒,44/79 静置,602.54,0.1,60.02,594.33,0.11,67.91,601.25,0.07,39.93,601.69,0.07,44.66,77,63.5,60,599.2,-0.6,599.8,-0.5,600.1,0,600.4,51.4,0,0,0,0,0,0,0,0,231,232.6,228.8,1.2,1.2,1.3,0,0,0,0,0,0,0,0,0,0,0,0,0,0,0,0,0,77,0,OK
12时18分58秒,44/79 静置,602.54,0.1,60.02,594.33,0.11,67.91,601.25,0.07,39.93,601.69,0.07,44.66,77,63.5,60,599.2,-0.6,599.8,-0.5,600.1,0,600.4,51.4,0,0,0,0,0,0,0,0,231,232.6,228.8,1.2,1.2,1.3,0,0,0,0,0,0,0,0,0,0,0,0,0,0,0,0,0,77,0,OK
12时19分03秒,44/79 静置,602.54,0.1,60.02,594.33,0.11,67.91,601.25,0.07,39.93,601.69,0.07,44.66,77,63.5,60,599.2,-0.6,599.8,-0.5,600.1,0,600.4,51.4,0,0,0,0,0,0,0,0,231,232.6,228.8,1.2,1.2,1.3,0,0,0,0,0,0,0,0,0,0,0,0,0,0,0,0,0,77,0,OK
12时19分08秒,44/79 静置,602.54,0.1,60.02,594.33,0.11,67.91,601.25,0.07,39.93,601.69,0.07,44.66,77,63.5,60,599.2,-0.6,599.8,-0.5,600.1,0,600.4,51.4,0,0,0,0,0,0,0,0,231,232.6,228.8,1.2,1.2,1.3,0,0,0,0,0,0,0,0,0,0,0,0,0,0,0,0,0,77,0,OK
12时19分13秒,44/79 静置,602.54,0.1,60.02,594.33,0.11,67.91,601.25,0.07,39.93,601.69,0.07,44.66,77,63.5,60,599.2,-0.6,599.8,-0.5,600.1,0,600.4,51.4,0,0,0,0,0,0,0,0,231,232.6,228.8,1.2,1.2,1.3,0,0,0,0,0,0,0,0,0,0,0,0,0,0,0,0,0,77,0,OK
12时19分18秒,44/79 静置,602.54,0.1,60.02,594.33,0.11,67.91,601.25,0.07,39.93,601.69,0.07,44.66,77,63.5,60,599.2,-0.6,599.8,-0.5,600.1,0,600.4,51.4,0,0,0,0,0,0,0,0,231,232.6,228.8,1.2,1.2,1.3,0,0,0,0,0,0,0,0,0,0,0,0,0,0,0,0,0,77,0,OK
12时19分23秒,44/79 静置,602.54,0.1,60.02,594.33,0.11,67.91,601.25,0.07,39.93,601.69,0.07,44.66,77,63.5,60,599.2,-0.6,599.8,-0.5,600.1,0,600.4,51.4,0,0,0,0,0,0,0,0,231,232.6,228.8,1.2,1.2,1.3,0,0,0,0,0,0,0,0,0,0,0,0,0,0,0,0,0,77,0,OK
12时19分28秒,44/79 静置,602.54,0.1,60.02,594.33,0.11,67.91,601.25,0.07,39.93,601.69,0.07,44.66,77,63.5,60,599.2,-0.6,599.8,-0.5,600.1,0,600.4,51.4,0,0,0,0,0,0,0,0,231,232.6,228.8,1.2,1.2,1.3,0,0,0,0,0,0,0,0,0,0,0,0,0,0,0,0,0,77,0,OK
12时19分33秒,44/79 静置,602.54,0.1,60.02,594.33,0.11,67.91,601.25,0.07,39.93,601.69,0.07,44.66,77,63.5,60,599.2,-0.6,599.8,-0.5,600.1,0,600.4,51.4,0,0,0,0,0,0,0,0,231,232.6,228.8,1.2,1.2,1.3,0,0,0,0,0,0,0,0,0,0,0,0,0,0,0,0,0,77,0,OK
12时19分38秒,44/79 静置,602.54,0.1,60.02,594.33,0.11,67.91,601.25,0.07,39.93,601.69,0.07,44.66,77,63.5,60,599.2,-0.6,599.8,-0.5,600.1,0,600.4,51.4,0,0,0,0,0,0,0,0,231,232.6,228.8,1.2,1.2,1.3,0,0,0,0,0,0,0,0,0,0,0,0,0,0,0,0,0,77,0,OK
12时19分43秒,44/79 静置,602.54,0.1,60.02,594.33,0.11,67.91,601.25,0.07,39.93,601.69,0.07,44.66,77,63.5,60,599.2,-0.6,599.8,-0.5,600.1,0,600.4,51.4,0,0,0,0,0,0,0,0,231,232.6,228.8,1.2,1.2,1.3,0,0,0,0,0,0,0,0,0,0,0,0,0,0,0,0,0,77,0,OK
12时19分48秒,44/79 静置,602.54,0.1,60.02,594.33,0.11,67.91,601.25,0.07,39.93,601.69,0.07,44.66,77,63.5,60,599.2,-0.6,599.8,-0.5,600.1,0,600.4,51.4,0,0,0,0,0,0,0,0,231,232.6,228.8,1.2,1.2,1.3,0,0,0,0,0,0,0,0,0,0,0,0,0,0,0,0,0,77,0,OK
12时19分53秒,44/79 静置,602.54,0.1,60.02,594.33,0.11,67.91,601.25,0.07,39.93,601.69,0.07,44.66,77,63.5,60,599.2,-0.6,599.8,-0.5,600.1,0,600.4,51.4,0,0,0,0,0,0,0,0,231,232.6,228.8,1.2,1.2,1.3,0,0,0,0,0,0,0,0,0,0,0,0,0,0,0,0,0,77,0,OK
12时19分58秒,44/79 静置,602.54,0.1,60.02,594.33,0.11,67.91,601.25,0.07,39.93,601.69,0.07,44.66,77,63.5,60,599.2,-0.6,599.8,-0.5,600.1,0,600.4,51.4,0,0,0,0,0,0,0,0,231,232.6,228.8,1.2,1.2,1.3,0,0,0,0,0,0,0,0,0,0,0,0,0,0,0,0,0,77,0,OK
12时20分03秒,44/79 静置,602.54,0.1,60.02,594.33,0.11,67.91,601.25,0.07,39.93,601.69,0.07,44.66,77,63.5,60,599.2,-0.6,599.8,-0.5,600.1,0,600.4,51.4,0,0,0,0,0,0,0,0,231,232.6,228.8,1.2,1.2,1.3,0,0,0,0,0,0,0,0,0,0,0,0,0,0,0,0,0,77,0,OK
12时20分08秒,44/79 静置,602.54,0.1,60.02,594.33,0.11,67.91,601.25,0.07,39.93,601.69,0.07,44.66,77,63.5,60,599.2,-0.6,599.8,-0.5,600.1,0,600.4,51.4,0,0,0,0,0,0,0,0,231,232.6,228.8,1.2,1.2,1.3,0,0,0,0,0,0,0,0,0,0,0,0,0,0,0,0,0,77,0,OK
12时20分13秒,44/79 静置,602.54,0.1,60.02,594.33,0.11,67.91,601.25,0.07,39.93,601.69,0.07,44.66,77,63.5,60,599.2,-0.6,599.8,-0.5,600.1,0,600.4,51.4,0,0,0,0,0,0,0,0,231,232.6,228.8,1.2,1.2,1.3,0,0,0,0,0,0,0,0,0,0,0,0,0,0,0,0,0,77,0,OK
12时20分18秒,44/79 静置,602.54,0.1,60.02,594.33,0.11,67.91,601.25,0.07,39.93,601.69,0.07,44.66,77,63.5,60,599.2,-0.6,599.8,-0.5,600.1,0,600.4,51.4,0,0,0,0,0,0,0,0,231,232.6,228.8,1.2,1.2,1.3,0,0,0,0,0,0,0,0,0,0,0,0,0,0,0,0,0,77,0,OK
12时20分23秒,44/79 静置,602.54,0.1,60.02,594.33,0.11,67.91,601.25,0.07,39.93,601.69,0.07,44.66,77,63.5,60,599.2,-0.6,599.8,-0.5,600.1,0,600.4,51.4,0,0,0,0,0,0,0,0,231,232.6,228.8,1.2,1.2,1.3,0,0,0,0,0,0,0,0,0,0,0,0,0,0,0,0,0,77,0,OK
12时20分28秒,44/79 静置,602.54,0.1,60.02,594.33,0.11,67.91,601.25,0.07,39.93,601.69,0.07,44.66,77,63.5,60,599.2,-0.6,599.8,-0.5,600.1,0,600.4,51.4,0,0,0,0,0,0,0,0,231,232.6,228.8,1.2,1.2,1.3,0,0,0,0,0,0,0,0,0,0,0,0,0,0,0,0,0,77,0,OK
12时20分33秒,44/79 静置,602.54,0.1,60.02,594.33,0.11,67.91,601.25,0.07,39.93,601.69,0.07,44.66,77,63.5,60,599.2,-0.6,599.8,-0.5,600.1,0,600.4,51.4,0,0,0,0,0,0,0,0,231,232.6,228.8,1.2,1.2,1.3,0,0,0,0,0,0,0,0,0,0,0,0,0,0,0,0,0,77,0,OK
12时20分38秒,44/79 静置,602.54,0.1,60.02,594.33,0.11,67.91,601.25,0.07,39.93,601.69,0.07,44.66,77,63.5,60,599.2,-0.6,599.8,-0.5,600.1,0,600.4,51.4,0,0,0,0,0,0,0,0,231,232.6,228.8,1.2,1.2,1.3,0,0,0,0,0,0,0,0,0,0,0,0,0,0,0,0,0,77,0,OK
12时20分43秒,44/79 静置,602.54,0.1,60.02,594.33,0.11,67.91,601.25,0.07,39.93,601.69,0.07,44.66,77,63.5,60,599.2,-0.6,599.8,-0.5,600.1,0,600.4,51.4,0,0,0,0,0,0,0,0,231,232.6,228.8,1.2,1.2,1.3,0,0,0,0,0,0,0,0,0,0,0,0,0,0,0,0,0,77,0,OK
12时20分48秒,44/79 静置,602.54,0.1,60.02,594.33,0.11,67.91,601.25,0.07,39.93,601.69,0.07,44.66,77,63.5,60,599.2,-0.6,599.8,-0.5,600.1,0,600.4,51.4,0,0,0,0,0,0,0,0,231,232.6,228.8,1.2,1.2,1.3,0,0,0,0,0,0,0,0,0,0,0,0,0,0,0,0,0,77,0,OK
12时20分53秒,44/79 静置,602.54,0.1,60.02,594.33,0.11,67.91,601.25,0.07,39.93,601.69,0.07,44.66,77,63.5,60,599.2,-0.6,599.8,-0.5,600.1,0,600.4,51.4,0,0,0,0,0,0,0,0,231,232.6,228.8,1.2,1.2,1.3,0,0,0,0,0,0,0,0,0,0,0,0,0,0,0,0,0,77,0,OK
12时20分58秒,44/79 静置,602.54,0.1,60.02,594.33,0.11,67.91,601.25,0.07,39.93,601.69,0.07,44.66,77,63.5,60,599.2,-0.6,599.8,-0.5,600.1,0,600.4,51.4,0,0,0,0,0,0,0,0,231,232.6,228.8,1.2,1.2,1.3,0,0,0,0,0,0,0,0,0,0,0,0,0,0,0,0,0,77,0,OK
12时21分03秒,44/79 静置,602.54,0.1,60.02,594.33,0.11,67.91,601.25,0.07,39.93,601.69,0.07,44.66,77,63.5,60,599.2,-0.6,599.8,-0.5,600.1,0,600.4,51.4,0,0,0,0,0,0,0,0,231,232.6,228.8,1.2,1.2,1.3,0,0,0,0,0,0,0,0,0,0,0,0,0,0,0,0,0,77,0,OK
12时21分08秒,44/79 静置,602.54,0.1,60.02,594.33,0.11,67.91,601.25,0.07,39.93,601.69,0.07,44.66,77,63.5,60,599.2,-0.6,599.8,-0.5,600.1,0,600.4,51.4,0,0,0,0,0,0,0,0,231,232.6,228.8,1.2,1.2,1.3,0,0,0,0,0,0,0,0,0,0,0,0,0,0,0,0,0,77,0,OK
12时21分13秒,44/79 静置,602.54,0.1,60.02,594.33,0.11,67.91,601.25,0.07,39.93,601.69,0.07,44.66,77,63.5,60,599.2,-0.6,599.8,-0.5,600.1,0,600.4,51.4,0,0,0,0,0,0,0,0,231,232.6,228.8,1.2,1.2,1.3,0,0,0,0,0,0,0,0,0,0,0,0,0,0,0,0,0,77,0,OK
12时21分18秒,44/79 静置,602.54,0.1,60.02,594.33,0.11,67.91,601.25,0.07,39.93,601.69,0.07,44.66,77,63.5,60,599.2,-0.6,599.8,-0.5,600.1,0,600.4,51.4,0,0,0,0,0,0,0,0,231,232.6,228.8,1.2,1.2,1.3,0,0,0,0,0,0,0,0,0,0,0,0,0,0,0,0,0,77,0,OK
12时21分23秒,44/79 静置,602.54,0.1,60.02,594.33,0.11,67.91,601.25,0.07,39.93,601.69,0.07,44.66,77,63.5,60,599.2,-0.6,599.8,-0.5,600.1,0,600.4,51.4,0,0,0,0,0,0,0,0,231,232.6,228.8,1.2,1.2,1.3,0,0,0,0,0,0,0,0,0,0,0,0,0,0,0,0,0,77,0,OK
12时21分28秒,44/79 静置,602.54,0.1,60.02,594.33,0.11,67.91,601.25,0.07,39.93,601.69,0.07,44.66,77,63.5,60,599.2,-0.6,599.8,-0.5,600.1,0,600.4,51.4,0,0,0,0,0,0,0,0,231,232.6,228.8,1.2,1.2,1.3,0,0,0,0,0,0,0,0,0,0,0,0,0,0,0,0,0,77,0,OK
12时21分33秒,44/79 静置,602.54,0.1,60.02,594.33,0.11,67.91,601.25,0.07,39.93,601.69,0.07,44.66,77,63.5,60,599.2,-0.6,599.8,-0.5,600.1,0,600.4,51.4,0,0,0,0,0,0,0,0,231,232.6,228.8,1.2,1.2,1.3,0,0,0,0,0,0,0,0,0,0,0,0,0,0,0,0,0,77,0,OK
12时21分38秒,44/79 静置,602.54,0.1,60.02,594.33,0.11,67.91,601.25,0.07,39.93,601.69,0.07,44.66,77,63.5,60,599.2,-0.6,599.8,-0.5,600.1,0,600.4,51.4,0,0,0,0,0,0,0,0,231,232.6,228.8,1.2,1.2,1.3,0,0,0,0,0,0,0,0,0,0,0,0,0,0,0,0,0,77,0,OK
12时21分43秒,44/79 静置,602.54,0.1,60.02,594.33,0.11,67.91,601.25,0.07,39.93,601.69,0.07,44.66,77,63.5,60,599.2,-0.6,599.8,-0.5,600.1,0,600.4,51.4,0,0,0,0,0,0,0,0,231,232.6,228.8,1.2,1.2,1.3,0,0,0,0,0,0,0,0,0,0,0,0,0,0,0,0,0,77,0,OK
12时21分48秒,44/79 静置,602.54,0.1,60.02,594.33,0.11,67.91,601.25,0.07,39.93,601.69,0.07,44.66,77,63.5,60,599.2,-0.6,599.8,-0.5,600.1,0,600.4,51.4,0,0,0,0,0,0,0,0,231,232.6,228.8,1.2,1.2,1.3,0,0,0,0,0,0,0,0,0,0,0,0,0,0,0,0,0,77,0,OK
12时21分53秒,44/79 静置,602.54,0.1,60.02,594.33,0.11,67.91,601.25,0.07,39.93,601.69,0.07,44.66,77,63.5,60,599.2,-0.6,599.8,-0.5,600.1,0,600.4,51.4,0,0,0,0,0,0,0,0,231,232.6,228.8,1.2,1.2,1.3,0,0,0,0,0,0,0,0,0,0,0,0,0,0,0,0,0,77,0,OK
12时21分58秒,44/79 静置,602.54,0.1,60.02,594.33,0.11,67.91,601.25,0.07,39.93,601.69,0.07,44.66,77,63.5,60,599.2,-0.6,599.8,-0.5,600.1,0,600.4,51.4,0,0,0,0,0,0,0,0,231,232.6,228.8,1.2,1.2,1.3,0,0,0,0,0,0,0,0,0,0,0,0,0,0,0,0,0,77,0,OK
12时22分03秒,44/79 静置,602.54,0.1,60.02,594.33,0.11,67.91,601.25,0.07,39.93,601.69,0.07,44.66,77,63.5,60,599.2,-0.6,599.8,-0.5,600.1,0,600.4,51.4,0,0,0,0,0,0,0,0,231,232.6,228.8,1.2,1.2,1.3,0,0,0,0,0,0,0,0,0,0,0,0,0,0,0,0,0,77,0,OK
12时22分08秒,44/79 静置,602.54,0.1,60.02,594.33,0.11,67.91,601.25,0.07,39.93,601.69,0.07,44.66,77,63.5,60,599.2,-0.6,599.8,-0.5,600.1,0,600.4,51.4,0,0,0,0,0,0,0,0,231,232.6,228.8,1.2,1.2,1.3,0,0,0,0,0,0,0,0,0,0,0,0,0,0,0,0,0,77,0,OK
12时22分13秒,44/79 静置,602.54,0.1,60.02,594.33,0.11,67.91,601.25,0.07,39.93,601.69,0.07,44.66,77,63.5,60,599.2,-0.6,599.8,-0.5,600.1,0,600.4,51.4,0,0,0,0,0,0,0,0,231,232.6,228.8,1.2,1.2,1.3,0,0,0,0,0,0,0,0,0,0,0,0,0,0,0,0,0,77,0,OK
12时22分18秒,44/79 静置,602.54,0.1,60.02,594.33,0.11,67.91,601.25,0.07,39.93,601.69,0.07,44.66,77,63.5,60,599.2,-0.6,599.8,-0.5,600.1,0,600.4,51.4,0,0,0,0,0,0,0,0,231,232.6,228.8,1.2,1.2,1.3,0,0,0,0,0,0,0,0,0,0,0,0,0,0,0,0,0,77,0,OK
12时22分23秒,44/79 静置,602.54,0.1,60.02,594.33,0.11,67.91,601.25,0.07,39.93,601.69,0.07,44.66,77,63.5,60,599.2,-0.6,599.8,-0.5,600.1,0,600.4,51.4,0,0,0,0,0,0,0,0,231,232.6,228.8,1.2,1.2,1.3,0,0,0,0,0,0,0,0,0,0,0,0,0,0,0,0,0,77,0,OK
12时22分28秒,44/79 静置,602.54,0.1,60.02,594.33,0.11,67.91,601.25,0.07,39.93,601.69,0.07,44.66,77,63.5,60,599.2,-0.6,599.8,-0.5,600.1,0,600.4,51.4,0,0,0,0,0,0,0,0,231,232.6,228.8,1.2,1.2,1.3,0,0,0,0,0,0,0,0,0,0,0,0,0,0,0,0,0,77,0,OK
12时22分33秒,44/79 静置,602.54,0.1,60.02,594.33,0.11,67.91,601.25,0.07,39.93,601.69,0.07,44.66,77,63.5,60,599.2,-0.6,599.8,-0.5,600.1,0,600.4,51.4,0,0,0,0,0,0,0,0,231,232.6,228.8,1.2,1.2,1.3,0,0,0,0,0,0,0,0,0,0,0,0,0,0,0,0,0,77,0,OK
12时22分38秒,44/79 静置,602.54,0.1,60.02,594.33,0.11,67.91,601.25,0.07,39.93,601.69,0.07,44.66,77,63.5,60,599.2,-0.6,599.8,-0.5,600.1,0,600.4,51.4,0,0,0,0,0,0,0,0,231,232.6,228.8,1.2,1.2,1.3,0,0,0,0,0,0,0,0,0,0,0,0,0,0,0,0,0,77,0,OK
12时22分43秒,44/79 静置,602.54,0.1,60.02,594.33,0.11,67.91,601.25,0.07,39.93,601.69,0.07,44.66,77,63.5,60,599.2,-0.6,599.8,-0.5,600.1,0,600.4,51.4,0,0,0,0,0,0,0,0,231,232.6,228.8,1.2,1.2,1.3,0,0,0,0,0,0,0,0,0,0,0,0,0,0,0,0,0,77,0,OK
12时22分48秒,44/79 静置,602.54,0.1,60.02,594.33,0.11,67.91,601.25,0.07,39.93,601.69,0.07,44.66,77,63.5,60,599.2,-0.6,599.8,-0.5,600.1,0,600.4,51.4,0,0,0,0,0,0,0,0,231,232.6,228.8,1.2,1.2,1.3,0,0,0,0,0,0,0,0,0,0,0,0,0,0,0,0,0,77,0,OK
12时22分53秒,44/79 静置,602.54,0.1,60.02,594.33,0.11,67.91,601.25,0.07,39.93,601.69,0.07,44.66,77,63.5,60,599.2,-0.6,599.8,-0.5,600.1,0,600.4,51.4,0,0,0,0,0,0,0,0,231,232.6,228.8,1.2,1.2,1.3,0,0,0,0,0,0,0,0,0,0,0,0,0,0,0,0,0,77,0,OK
12时22分58秒,44/79 静置,602.54,0.1,60.02,594.33,0.11,67.91,601.25,0.07,39.93,601.69,0.07,44.66,77,63.5,60,599.2,-0.6,599.8,-0.5,600.1,0,600.4,51.4,0,0,0,0,0,0,0,0,231,232.6,228.8,1.2,1.2,1.3,0,0,0,0,0,0,0,0,0,0,0,0,0,0,0,0,0,77,0,OK
12时23分03秒,44/79 静置,602.54,0.1,60.02,594.33,0.11,67.91,601.25,0.07,39.93,601.69,0.07,44.66,77,63.5,60,599.2,-0.6,599.8,-0.5,600.1,0,600.4,51.4,0,0,0,0,0,0,0,0,231,232.6,228.8,1.2,1.2,1.3,0,0,0,0,0,0,0,0,0,0,0,0,0,0,0,0,0,77,0,OK
12时23分08秒,44/79 静置,602.54,0.1,60.02,594.33,0.11,67.91,601.25,0.07,39.93,601.69,0.07,44.66,77,63.5,60,599.2,-0.6,599.8,-0.5,600.1,0,600.4,51.4,0,0,0,0,0,0,0,0,231,232.6,228.8,1.2,1.2,1.3,0,0,0,0,0,0,0,0,0,0,0,0,0,0,0,0,0,77,0,OK
12时23分13秒,44/79 静置,602.54,0.1,60.02,594.33,0.11,67.91,601.25,0.07,39.93,601.69,0.07,44.66,77,63.5,60,599.2,-0.6,599.8,-0.5,600.1,0,600.4,51.4,0,0,0,0,0,0,0,0,231,232.6,228.8,1.2,1.2,1.3,0,0,0,0,0,0,0,0,0,0,0,0,0,0,0,0,0,77,0,OK
12时23分18秒,44/79 静置,602.54,0.1,60.02,594.33,0.11,67.91,601.25,0.07,39.93,601.69,0.07,44.66,77,63.5,60,599.2,-0.6,599.8,-0.5,600.1,0,600.4,51.4,0,0,0,0,0,0,0,0,231,232.6,228.8,1.2,1.2,1.3,0,0,0,0,0,0,0,0,0,0,0,0,0,0,0,0,0,77,0,OK
12时23分23秒,44/79 静置,602.54,0.1,60.02,594.33,0.11,67.91,601.25,0.07,39.93,601.69,0.07,44.66,77,63.5,60,599.2,-0.6,599.8,-0.5,600.1,0,600.4,51.4,0,0,0,0,0,0,0,0,231,232.6,228.8,1.2,1.2,1.3,0,0,0,0,0,0,0,0,0,0,0,0,0,0,0,0,0,77,0,OK
12时23分28秒,44/79 静置,602.54,0.1,60.02,594.33,0.11,67.91,601.25,0.07,39.93,601.69,0.07,44.66,77,63.5,60,599.2,-0.6,599.8,-0.5,600.1,0,600.4,51.4,0,0,0,0,0,0,0,0,231,232.6,228.8,1.2,1.2,1.3,0,0,0,0,0,0,0,0,0,0,0,0,0,0,0,0,0,77,0,OK
12时23分33秒,44/79 静置,602.54,0.1,60.02,594.33,0.11,67.91,601.25,0.07,39.93,601.69,0.07,44.66,77,63.5,60,599.2,-0.6,599.8,-0.5,600.1,0,600.4,51.4,0,0,0,0,0,0,0,0,231,232.6,228.8,1.2,1.2,1.3,0,0,0,0,0,0,0,0,0,0,0,0,0,0,0,0,0,77,0,OK
12时23分38秒,44/79 静置,602.54,0.1,60.02,594.33,0.11,67.91,601.25,0.07,39.93,601.69,0.07,44.66,77,63.5,60,599.2,-0.6,599.8,-0.5,600.1,0,600.4,51.4,0,0,0,0,0,0,0,0,231,232.6,228.8,1.2,1.2,1.3,0,0,0,0,0,0,0,0,0,0,0,0,0,0,0,0,0,77,0,OK
12时23分43秒,44/79 静置,602.54,0.1,60.02,594.33,0.11,67.91,601.25,0.07,39.93,601.69,0.07,44.66,77,63.5,60,599.2,-0.6,599.8,-0.5,600.1,0,600.4,51.4,0,0,0,0,0,0,0,0,231,232.6,228.8,1.2,1.2,1.3,0,0,0,0,0,0,0,0,0,0,0,0,0,0,0,0,0,77,0,OK
12时23分48秒,44/79 静置,602.54,0.1,60.02,594.33,0.11,67.91,601.25,0.07,39.93,601.69,0.07,44.66,77,63.5,60,599.2,-0.6,599.8,-0.5,600.1,0,600.4,51.4,0,0,0,0,0,0,0,0,231,232.6,228.8,1.2,1.2,1.3,0,0,0,0,0,0,0,0,0,0,0,0,0,0,0,0,0,77,0,OK
12时23分53秒,44/79 静置,602.54,0.1,60.02,594.33,0.11,67.91,601.25,0.07,39.93,601.69,0.07,44.66,77,63.5,60,599.2,-0.6,599.8,-0.5,600.1,0,600.4,51.4,0,0,0,0,0,0,0,0,231,232.6,228.8,1.2,1.2,1.3,0,0,0,0,0,0,0,0,0,0,0,0,0,0,0,0,0,77,0,OK
12时23分58秒,44/79 静置,602.54,0.1,60.02,594.33,0.11,67.91,601.25,0.07,39.93,601.69,0.07,44.66,77,63.5,60,599.2,-0.6,599.8,-0.5,600.1,0,600.4,51.4,0,0,0,0,0,0,0,0,231,232.6,228.8,1.2,1.2,1.3,0,0,0,0,0,0,0,0,0,0,0,0,0,0,0,0,0,77,0,OK
12时24分03秒,44/79 静置,602.54,0.1,60.02,594.33,0.11,67.91,601.25,0.07,39.93,601.69,0.07,44.66,77,63.5,60,599.2,-0.6,599.8,-0.5,600.1,0,600.4,51.4,0,0,0,0,0,0,0,0,231,232.6,228.8,1.2,1.2,1.3,0,0,0,0,0,0,0,0,0,0,0,0,0,0,0,0,0,77,0,OK
12时24分08秒,44/79 静置,602.54,0.1,60.02,594.33,0.11,67.91,601.25,0.07,39.93,601.69,0.07,44.66,77,63.5,60,599.2,-0.6,599.8,-0.5,600.1,0,600.4,51.4,0,0,0,0,0,0,0,0,231,232.6,228.8,1.2,1.2,1.3,0,0,0,0,0,0,0,0,0,0,0,0,0,0,0,0,0,77,0,OK
12时24分13秒,44/79 静置,602.54,0.1,60.02,594.33,0.11,67.91,601.25,0.07,39.93,601.69,0.07,44.66,77,63.5,60,599.2,-0.6,599.8,-0.5,600.1,0,600.4,51.4,0,0,0,0,0,0,0,0,231,232.6,228.8,1.2,1.2,1.3,0,0,0,0,0,0,0,0,0,0,0,0,0,0,0,0,0,77,0,OK
12时24分18秒,44/79 静置,602.54,0.1,60.02,594.33,0.11,67.91,601.25,0.07,39.93,601.69,0.07,44.66,77,63.5,60,599.2,-0.6,599.8,-0.5,600.1,0,600.4,51.4,0,0,0,0,0,0,0,0,231,232.6,228.8,1.2,1.2,1.3,0,0,0,0,0,0,0,0,0,0,0,0,0,0,0,0,0,77,0,OK
12时24分23秒,44/79 静置,602.54,0.1,60.02,594.33,0.11,67.91,601.25,0.07,39.93,601.69,0.07,44.66,77,63.5,60,599.2,-0.6,599.8,-0.5,600.1,0,600.4,51.4,0,0,0,0,0,0,0,0,231,232.6,228.8,1.2,1.2,1.3,0,0,0,0,0,0,0,0,0,0,0,0,0,0,0,0,0,77,0,OK
12时24分28秒,44/79 静置,602.54,0.1,60.02,594.33,0.11,67.91,601.25,0.07,39.93,601.69,0.07,44.66,77,63.5,60,599.2,-0.6,599.8,-0.5,600.1,0,600.4,51.4,0,0,0,0,0,0,0,0,231,232.6,228.8,1.2,1.2,1.3,0,0,0,0,0,0,0,0,0,0,0,0,0,0,0,0,0,77,0,OK
12时24分33秒,44/79 静置,602.54,0.1,60.02,594.33,0.11,67.91,601.25,0.07,39.93,601.69,0.07,44.66,77,63.5,60,599.2,-0.6,599.8,-0.5,600.1,0,600.4,51.4,0,0,0,0,0,0,0,0,231,232.6,228.8,1.2,1.2,1.3,0,0,0,0,0,0,0,0,0,0,0,0,0,0,0,0,0,77,0,OK
12时24分38秒,44/79 静置,602.54,0.1,60.02,594.33,0.11,67.91,601.25,0.07,39.93,601.69,0.07,44.66,77,63.5,60,599.2,-0.6,599.8,-0.5,600.1,0,600.4,51.4,0,0,0,0,0,0,0,0,231,232.6,228.8,1.2,1.2,1.3,0,0,0,0,0,0,0,0,0,0,0,0,0,0,0,0,0,77,0,OK
12时24分43秒,44/79 静置,602.54,0.1,60.02,594.33,0.11,67.91,601.25,0.07,39.93,601.69,0.07,44.66,77,63.5,60,599.2,-0.6,599.8,-0.5,600.1,0,600.4,51.4,0,0,0,0,0,0,0,0,231,232.6,228.8,1.2,1.2,1.3,0,0,0,0,0,0,0,0,0,0,0,0,0,0,0,0,0,77,0,OK
12时24分48秒,44/79 静置,602.54,0.1,60.02,594.33,0.11,67.91,601.25,0.07,39.93,601.69,0.07,44.66,77,63.5,60,599.2,-0.6,599.8,-0.5,600.1,0,600.4,51.4,0,0,0,0,0,0,0,0,231,232.6,228.8,1.2,1.2,1.3,0,0,0,0,0,0,0,0,0,0,0,0,0,0,0,0,0,77,0,OK
12时24分53秒,44/79 静置,602.54,0.1,60.02,594.33,0.11,67.91,601.25,0.07,39.93,601.69,0.07,44.66,77,63.5,60,599.2,-0.6,599.8,-0.5,600.1,0,600.4,51.4,0,0,0,0,0,0,0,0,231,232.6,228.8,1.2,1.2,1.3,0,0,0,0,0,0,0,0,0,0,0,0,0,0,0,0,0,77,0,OK
12时24分58秒,44/79 静置,602.54,0.1,60.02,594.33,0.11,67.91,601.25,0.07,39.93,601.69,0.07,44.66,77,63.5,60,599.2,-0.6,599.8,-0.5,600.1,0,600.4,51.4,0,0,0,0,0,0,0,0,231,232.6,228.8,1.2,1.2,1.3,0,0,0,0,0,0,0,0,0,0,0,0,0,0,0,0,0,77,0,OK
12时25分03秒,44/79 静置,602.54,0.1,60.02,594.33,0.11,67.91,601.25,0.07,39.93,601.69,0.07,44.66,77,63.5,60,599.2,-0.6,599.8,-0.5,600.1,0,600.4,51.4,0,0,0,0,0,0,0,0,231,232.6,228.8,1.2,1.2,1.3,0,0,0,0,0,0,0,0,0,0,0,0,0,0,0,0,0,77,0,OK
12时25分08秒,44/79 静置,602.54,0.1,60.02,594.33,0.11,67.91,601.25,0.07,39.93,601.69,0.07,44.66,77,63.5,60,599.2,-0.6,599.8,-0.5,600.1,0,600.4,51.4,0,0,0,0,0,0,0,0,231,232.6,228.8,1.2,1.2,1.3,0,0,0,0,0,0,0,0,0,0,0,0,0,0,0,0,0,77,0,OK
12时25分13秒,44/79 静置,602.54,0.1,60.02,594.33,0.11,67.91,601.25,0.07,39.93,601.69,0.07,44.66,77,63.5,60,599.2,-0.6,599.8,-0.5,600.1,0,600.4,51.4,0,0,0,0,0,0,0,0,231,232.6,228.8,1.2,1.2,1.3,0,0,0,0,0,0,0,0,0,0,0,0,0,0,0,0,0,77,0,OK
12时25分18秒,44/79 静置,602.54,0.1,60.02,594.33,0.11,67.91,601.25,0.07,39.93,601.69,0.07,44.66,77,63.5,60,599.2,-0.6,599.8,-0.5,600.1,0,600.4,51.4,0,0,0,0,0,0,0,0,231,232.6,228.8,1.2,1.2,1.3,0,0,0,0,0,0,0,0,0,0,0,0,0,0,0,0,0,77,0,OK
12时25分23秒,44/79 静置,602.54,0.1,60.02,594.33,0.11,67.91,601.25,0.07,39.93,601.69,0.07,44.66,77,63.5,60,599.2,-0.6,599.8,-0.5,600.1,0,600.4,51.4,0,0,0,0,0,0,0,0,231,232.6,228.8,1.2,1.2,1.3,0,0,0,0,0,0,0,0,0,0,0,0,0,0,0,0,0,77,0,OK
12时25分28秒,44/79 静置,602.54,0.1,60.02,594.33,0.11,67.91,601.25,0.07,39.93,601.69,0.07,44.66,77,63.5,60,599.2,-0.6,599.8,-0.5,600.1,0,600.4,51.4,0,0,0,0,0,0,0,0,231,232.6,228.8,1.2,1.2,1.3,0,0,0,0,0,0,0,0,0,0,0,0,0,0,0,0,0,77,0,OK
12时25分33秒,44/79 静置,602.54,0.1,60.02,594.33,0.11,67.91,601.25,0.07,39.93,601.69,0.07,44.66,77,63.5,60,599.2,-0.6,599.8,-0.5,600.1,0,600.4,51.4,0,0,0,0,0,0,0,0,231,232.6,228.8,1.2,1.2,1.3,0,0,0,0,0,0,0,0,0,0,0,0,0,0,0,0,0,77,0,OK
12时25分38秒,44/79 静置,602.54,0.1,60.02,594.33,0.11,67.91,601.25,0.07,39.93,601.69,0.07,44.66,77,63.5,60,599.2,-0.6,599.8,-0.5,600.1,0,600.4,51.4,0,0,0,0,0,0,0,0,231,232.6,228.8,1.2,1.2,1.3,0,0,0,0,0,0,0,0,0,0,0,0,0,0,0,0,0,77,0,OK
12时25分43秒,44/79 静置,602.54,0.1,60.02,594.33,0.11,67.91,601.25,0.07,39.93,601.69,0.07,44.66,77,63.5,60,599.2,-0.6,599.8,-0.5,600.1,0,600.4,51.4,0,0,0,0,0,0,0,0,231,232.6,228.8,1.2,1.2,1.3,0,0,0,0,0,0,0,0,0,0,0,0,0,0,0,0,0,77,0,OK
12时25分48秒,44/79 静置,602.54,0.1,60.02,594.33,0.11,67.91,601.25,0.07,39.93,601.69,0.07,44.66,77,63.5,60,599.2,-0.6,599.8,-0.5,600.1,0,600.4,51.4,0,0,0,0,0,0,0,0,231,232.6,228.8,1.2,1.2,1.3,0,0,0,0,0,0,0,0,0,0,0,0,0,0,0,0,0,77,0,OK
12时25分53秒,44/79 静置,602.54,0.1,60.02,594.33,0.11,67.91,601.25,0.07,39.93,601.69,0.07,44.66,77,63.5,60,599.2,-0.6,599.8,-0.5,600.1,0,600.4,51.4,0,0,0,0,0,0,0,0,231,232.6,228.8,1.2,1.2,1.3,0,0,0,0,0,0,0,0,0,0,0,0,0,0,0,0,0,77,0,OK
12时25分58秒,44/79 静置,602.54,0.1,60.02,594.33,0.11,67.91,601.25,0.07,39.93,601.69,0.07,44.66,77,63.5,60,599.2,-0.6,599.8,-0.5,600.1,0,600.4,51.4,0,0,0,0,0,0,0,0,231,232.6,228.8,1.2,1.2,1.3,0,0,0,0,0,0,0,0,0,0,0,0,0,0,0,0,0,77,0,OK
12时26分03秒,44/79 静置,602.54,0.1,60.02,594.33,0.11,67.91,601.25,0.07,39.93,601.69,0.07,44.66,77,63.5,60,599.2,-0.6,599.8,-0.5,600.1,0,600.4,51.4,0,0,0,0,0,0,0,0,231,232.6,228.8,1.2,1.2,1.3,0,0,0,0,0,0,0,0,0,0,0,0,0,0,0,0,0,77,0,OK
12时26分08秒,44/79 静置,602.54,0.1,60.02,594.33,0.11,67.91,601.25,0.07,39.93,601.69,0.07,44.66,77,63.5,60,599.2,-0.6,599.8,-0.5,600.1,0,600.4,51.4,0,0,0,0,0,0,0,0,231,232.6,228.8,1.2,1.2,1.3,0,0,0,0,0,0,0,0,0,0,0,0,0,0,0,0,0,77,0,OK
12时26分13秒,44/79 静置,602.54,0.1,60.02,594.33,0.11,67.91,601.25,0.07,39.93,601.69,0.07,44.66,77,63.5,60,599.2,-0.6,599.8,-0.5,600.1,0,600.4,51.4,0,0,0,0,0,0,0,0,231,232.6,228.8,1.2,1.2,1.3,0,0,0,0,0,0,0,0,0,0,0,0,0,0,0,0,0,77,0,OK
12时26分18秒,44/79 静置,602.54,0.1,60.02,594.33,0.11,67.91,601.25,0.07,39.93,601.69,0.07,44.66,77,63.5,60,599.2,-0.6,599.8,-0.5,600.1,0,600.4,51.4,0,0,0,0,0,0,0,0,231,232.6,228.8,1.2,1.2,1.3,0,0,0,0,0,0,0,0,0,0,0,0,0,0,0,0,0,77,0,OK
12时26分23秒,44/79 静置,602.54,0.1,60.02,594.33,0.11,67.91,601.25,0.07,39.93,601.69,0.07,44.66,77,63.5,60,599.2,-0.6,599.8,-0.5,600.1,0,600.4,51.4,0,0,0,0,0,0,0,0,231,232.6,228.8,1.2,1.2,1.3,0,0,0,0,0,0,0,0,0,0,0,0,0,0,0,0,0,77,0,OK
12时26分28秒,44/79 静置,602.54,0.1,60.02,594.33,0.11,67.91,601.25,0.07,39.93,601.69,0.07,44.66,77,63.5,60,599.2,-0.6,599.8,-0.5,600.1,0,600.4,51.4,0,0,0,0,0,0,0,0,231,232.6,228.8,1.2,1.2,1.3,0,0,0,0,0,0,0,0,0,0,0,0,0,0,0,0,0,77,0,OK
12时26分33秒,44/79 静置,602.54,0.1,60.02,594.33,0.11,67.91,601.25,0.07,39.93,601.69,0.07,44.66,77,63.5,60,599.2,-0.6,599.8,-0.5,600.1,0,600.4,51.4,0,0,0,0,0,0,0,0,231,232.6,228.8,1.2,1.2,1.3,0,0,0,0,0,0,0,0,0,0,0,0,0,0,0,0,0,77,0,OK
12时26分38秒,44/79 静置,602.54,0.1,60.02,594.33,0.11,67.91,601.25,0.07,39.93,601.69,0.07,44.66,77,63.5,60,599.2,-0.6,599.8,-0.5,600.1,0,600.4,51.4,0,0,0,0,0,0,0,0,231,232.6,228.8,1.2,1.2,1.3,0,0,0,0,0,0,0,0,0,0,0,0,0,0,0,0,0,77,0,OK
12时26分43秒,44/79 静置,602.54,0.1,60.02,594.33,0.11,67.91,601.25,0.07,39.93,601.69,0.07,44.66,77,63.5,60,599.2,-0.6,599.8,-0.5,600.1,0,600.4,51.4,0,0,0,0,0,0,0,0,231,232.6,228.8,1.2,1.2,1.3,0,0,0,0,0,0,0,0,0,0,0,0,0,0,0,0,0,77,0,OK
12时26分48秒,44/79 静置,602.54,0.1,60.02,594.33,0.11,67.91,601.25,0.07,39.93,601.69,0.07,44.66,77,63.5,60,599.2,-0.6,599.8,-0.5,600.1,0,600.4,51.4,0,0,0,0,0,0,0,0,231,232.6,228.8,1.2,1.2,1.3,0,0,0,0,0,0,0,0,0,0,0,0,0,0,0,0,0,77,0,OK
12时26分53秒,44/79 静置,602.54,0.1,60.02,594.33,0.11,67.91,601.25,0.07,39.93,601.69,0.07,44.66,77,63.5,60,599.2,-0.6,599.8,-0.5,600.1,0,600.4,51.4,0,0,0,0,0,0,0,0,231,232.6,228.8,1.2,1.2,1.3,0,0,0,0,0,0,0,0,0,0,0,0,0,0,0,0,0,77,0,OK
12时26分58秒,44/79 静置,602.54,0.1,60.02,594.33,0.11,67.91,601.25,0.07,39.93,601.69,0.07,44.66,77,63.5,60,599.2,-0.6,599.8,-0.5,600.1,0,600.4,51.4,0,0,0,0,0,0,0,0,231,232.6,228.8,1.2,1.2,1.3,0,0,0,0,0,0,0,0,0,0,0,0,0,0,0,0,0,77,0,OK
12时27分03秒,44/79 静置,602.54,0.1,60.02,594.33,0.11,67.91,601.25,0.07,39.93,601.69,0.07,44.66,77,63.5,60,599.2,-0.6,599.8,-0.5,600.1,0,600.4,51.4,0,0,0,0,0,0,0,0,231,232.6,228.8,1.2,1.2,1.3,0,0,0,0,0,0,0,0,0,0,0,0,0,0,0,0,0,77,0,OK
12时27分08秒,44/79 静置,602.54,0.1,60.02,594.33,0.11,67.91,601.25,0.07,39.93,601.69,0.07,44.66,77,63.5,60,599.2,-0.6,599.8,-0.5,600.1,0,600.4,51.4,0,0,0,0,0,0,0,0,231,232.6,228.8,1.2,1.2,1.3,0,0,0,0,0,0,0,0,0,0,0,0,0,0,0,0,0,77,0,OK
12时27分13秒,44/79 静置,602.54,0.1,60.02,594.33,0.11,67.91,601.25,0.07,39.93,601.69,0.07,44.66,77,63.5,60,599.2,-0.6,599.8,-0.5,600.1,0,600.4,51.4,0,0,0,0,0,0,0,0,231,232.6,228.8,1.2,1.2,1.3,0,0,0,0,0,0,0,0,0,0,0,0,0,0,0,0,0,77,0,OK
12时27分18秒,44/79 静置,602.54,0.1,60.02,594.33,0.11,67.91,601.25,0.07,39.93,601.69,0.07,44.66,77,63.5,60,599.2,-0.6,599.8,-0.5,600.1,0,600.4,51.4,0,0,0,0,0,0,0,0,231,232.6,228.8,1.2,1.2,1.3,0,0,0,0,0,0,0,0,0,0,0,0,0,0,0,0,0,77,0,OK
12时27分23秒,44/79 静置,602.54,0.1,60.02,594.33,0.11,67.91,601.25,0.07,39.93,601.69,0.07,44.66,77,63.5,60,599.2,-0.6,599.8,-0.5,600.1,0,600.4,51.4,0,0,0,0,0,0,0,0,231,232.6,228.8,1.2,1.2,1.3,0,0,0,0,0,0,0,0,0,0,0,0,0,0,0,0,0,77,0,OK
12时27分28秒,44/79 静置,602.54,0.1,60.02,594.33,0.11,67.91,601.25,0.07,39.93,601.69,0.07,44.66,77,63.5,60,599.2,-0.6,599.8,-0.5,600.1,0,600.4,51.4,0,0,0,0,0,0,0,0,231,232.6,228.8,1.2,1.2,1.3,0,0,0,0,0,0,0,0,0,0,0,0,0,0,0,0,0,77,0,OK
12时27分33秒,44/79 静置,602.54,0.1,60.02,594.33,0.11,67.91,601.25,0.07,39.93,601.69,0.07,44.66,77,63.5,60,599.2,-0.6,599.8,-0.5,600.1,0,600.4,51.4,0,0,0,0,0,0,0,0,231,232.6,228.8,1.2,1.2,1.3,0,0,0,0,0,0,0,0,0,0,0,0,0,0,0,0,0,77,0,OK
12时27分38秒,44/79 静置,602.54,0.1,60.02,594.33,0.11,67.91,601.25,0.07,39.93,601.69,0.07,44.66,77,63.5,60,599.2,-0.6,599.8,-0.5,600.1,0,600.4,51.4,0,0,0,0,0,0,0,0,231,232.6,228.8,1.2,1.2,1.3,0,0,0,0,0,0,0,0,0,0,0,0,0,0,0,0,0,77,0,OK
12时27分43秒,44/79 静置,602.54,0.1,60.02,594.33,0.11,67.91,601.25,0.07,39.93,601.69,0.07,44.66,77,63.5,60,599.2,-0.6,599.8,-0.5,600.1,0,600.4,51.4,0,0,0,0,0,0,0,0,231,232.6,228.8,1.2,1.2,1.3,0,0,0,0,0,0,0,0,0,0,0,0,0,0,0,0,0,77,0,OK
12时27分48秒,44/79 静置,602.54,0.1,60.02,594.33,0.11,67.91,601.25,0.07,39.93,601.69,0.07,44.66,77,63.5,60,599.2,-0.6,599.8,-0.5,600.1,0,600.4,51.4,0,0,0,0,0,0,0,0,231,232.6,228.8,1.2,1.2,1.3,0,0,0,0,0,0,0,0,0,0,0,0,0,0,0,0,0,77,0,OK
12时27分53秒,44/79 静置,602.54,0.1,60.02,594.33,0.11,67.91,601.25,0.07,39.93,601.69,0.07,44.66,77,63.5,60,599.2,-0.6,599.8,-0.5,600.1,0,600.4,51.4,0,0,0,0,0,0,0,0,231,232.6,228.8,1.2,1.2,1.3,0,0,0,0,0,0,0,0,0,0,0,0,0,0,0,0,0,77,0,OK
12时27分58秒,44/79 静置,602.54,0.1,60.02,594.33,0.11,67.91,601.25,0.07,39.93,601.69,0.07,44.66,77,63.5,60,599.2,-0.6,599.8,-0.5,600.1,0,600.4,51.4,0,0,0,0,0,0,0,0,231,232.6,228.8,1.2,1.2,1.3,0,0,0,0,0,0,0,0,0,0,0,0,0,0,0,0,0,77,0,OK
12时28分03秒,44/79 静置,602.54,0.1,60.02,594.33,0.11,67.91,601.25,0.07,39.93,601.69,0.07,44.66,77,63.5,60,599.2,-0.6,599.8,-0.5,600.1,0,600.4,51.4,0,0,0,0,0,0,0,0,231,232.6,228.8,1.2,1.2,1.3,0,0,0,0,0,0,0,0,0,0,0,0,0,0,0,0,0,77,0,OK
12时28分08秒,44/79 静置,602.54,0.1,60.02,594.33,0.11,67.91,601.25,0.07,39.93,601.69,0.07,44.66,77,63.5,60,599.2,-0.6,599.8,-0.5,600.1,0,600.4,51.4,0,0,0,0,0,0,0,0,231,232.6,228.8,1.2,1.2,1.3,0,0,0,0,0,0,0,0,0,0,0,0,0,0,0,0,0,77,0,OK
12时28分13秒,44/79 静置,602.54,0.1,60.02,594.33,0.11,67.91,601.25,0.07,39.93,601.69,0.07,44.66,77,63.5,60,599.2,-0.6,599.8,-0.5,600.1,0,600.4,51.4,0,0,0,0,0,0,0,0,231,232.6,228.8,1.2,1.2,1.3,0,0,0,0,0,0,0,0,0,0,0,0,0,0,0,0,0,77,0,OK
12时28分18秒,44/79 静置,602.54,0.1,60.02,594.33,0.11,67.91,601.25,0.07,39.93,601.69,0.07,44.66,77,63.5,60,599.2,-0.6,599.8,-0.5,600.1,0,600.4,51.4,0,0,0,0,0,0,0,0,231,232.6,228.8,1.2,1.2,1.3,0,0,0,0,0,0,0,0,0,0,0,0,0,0,0,0,0,77,0,OK
12时28分23秒,44/79 静置,602.54,0.1,60.02,594.33,0.11,67.91,601.25,0.07,39.93,601.69,0.07,44.66,77,63.5,60,599.2,-0.6,599.8,-0.5,600.1,0,600.4,51.4,0,0,0,0,0,0,0,0,231,232.6,228.8,1.2,1.2,1.3,0,0,0,0,0,0,0,0,0,0,0,0,0,0,0,0,0,77,0,OK
12时28分28秒,44/79 静置,602.54,0.1,60.02,594.33,0.11,67.91,601.25,0.07,39.93,601.69,0.07,44.66,77,63.5,60,599.2,-0.6,599.8,-0.5,600.1,0,600.4,51.4,0,0,0,0,0,0,0,0,231,232.6,228.8,1.2,1.2,1.3,0,0,0,0,0,0,0,0,0,0,0,0,0,0,0,0,0,77,0,OK
12时28分33秒,44/79 静置,602.54,0.1,60.02,594.33,0.11,67.91,601.25,0.07,39.93,601.69,0.07,44.66,77,63.5,60,599.2,-0.6,599.8,-0.5,600.1,0,600.4,51.4,0,0,0,0,0,0,0,0,231,232.6,228.8,1.2,1.2,1.3,0,0,0,0,0,0,0,0,0,0,0,0,0,0,0,0,0,77,0,OK
12时28分38秒,44/79 静置,602.54,0.1,60.02,594.33,0.11,67.91,601.25,0.07,39.93,601.69,0.07,44.66,77,63.5,60,599.2,-0.6,599.8,-0.5,600.1,0,600.4,51.4,0,0,0,0,0,0,0,0,231,232.6,228.8,1.2,1.2,1.3,0,0,0,0,0,0,0,0,0,0,0,0,0,0,0,0,0,77,0,OK
12时28分43秒,44/79 静置,602.54,0.1,60.02,594.33,0.11,67.91,601.25,0.07,39.93,601.69,0.07,44.66,77,63.5,60,599.2,-0.6,599.8,-0.5,600.1,0,600.4,51.4,0,0,0,0,0,0,0,0,231,232.6,228.8,1.2,1.2,1.3,0,0,0,0,0,0,0,0,0,0,0,0,0,0,0,0,0,77,0,OK
12时28分48秒,44/79 静置,602.54,0.1,60.02,594.33,0.11,67.91,601.25,0.07,39.93,601.69,0.07,44.66,77,63.5,60,599.2,-0.6,599.8,-0.5,600.1,0,600.4,51.4,0,0,0,0,0,0,0,0,231,232.6,228.8,1.2,1.2,1.3,0,0,0,0,0,0,0,0,0,0,0,0,0,0,0,0,0,77,0,OK
12时28分53秒,44/79 静置,602.54,0.1,60.02,594.33,0.11,67.91,601.25,0.07,39.93,601.69,0.07,44.66,77,63.5,60,599.2,-0.6,599.8,-0.5,600.1,0,600.4,51.4,0,0,0,0,0,0,0,0,231,232.6,228.8,1.2,1.2,1.3,0,0,0,0,0,0,0,0,0,0,0,0,0,0,0,0,0,77,0,OK
12时28分58秒,44/79 静置,602.54,0.1,60.02,594.33,0.11,67.91,601.25,0.07,39.93,601.69,0.07,44.66,77,63.5,60,599.2,-0.6,599.8,-0.5,600.1,0,600.4,51.4,0,0,0,0,0,0,0,0,231,232.6,228.8,1.2,1.2,1.3,0,0,0,0,0,0,0,0,0,0,0,0,0,0,0,0,0,77,0,OK
12时29分03秒,44/79 静置,602.54,0.1,60.02,594.33,0.11,67.91,601.25,0.07,39.93,601.69,0.07,44.66,77,63.5,60,599.2,-0.6,599.8,-0.5,600.1,0,600.4,51.4,0,0,0,0,0,0,0,0,231,232.6,228.8,1.2,1.2,1.3,0,0,0,0,0,0,0,0,0,0,0,0,0,0,0,0,0,77,0,OK
12时29分08秒,44/79 静置,602.54,0.1,60.02,594.33,0.11,67.91,601.25,0.07,39.93,601.69,0.07,44.66,77,63.5,60,599.2,-0.6,599.8,-0.5,600.1,0,600.4,51.4,0,0,0,0,0,0,0,0,231,232.6,228.8,1.2,1.2,1.3,0,0,0,0,0,0,0,0,0,0,0,0,0,0,0,0,0,77,0,OK
12时29分13秒,44/79 静置,602.54,0.1,60.02,594.33,0.11,67.91,601.25,0.07,39.93,601.69,0.07,44.66,77,63.5,60,599.2,-0.6,599.8,-0.5,600.1,0,600.4,51.4,0,0,0,0,0,0,0,0,231,232.6,228.8,1.2,1.2,1.3,0,0,0,0,0,0,0,0,0,0,0,0,0,0,0,0,0,77,0,OK
12时29分18秒,44/79 静置,602.54,0.1,60.02,594.33,0.11,67.91,601.25,0.07,39.93,601.69,0.07,44.66,77,63.5,60,599.2,-0.6,599.8,-0.5,600.1,0,600.4,51.4,0,0,0,0,0,0,0,0,231,232.6,228.8,1.2,1.2,1.3,0,0,0,0,0,0,0,0,0,0,0,0,0,0,0,0,0,77,0,OK
12时29分23秒,44/79 静置,602.54,0.1,60.02,594.33,0.11,67.91,601.25,0.07,39.93,601.69,0.07,44.66,77,63.5,60,599.2,-0.6,599.8,-0.5,600.1,0,600.4,51.4,0,0,0,0,0,0,0,0,231,232.6,228.8,1.2,1.2,1.3,0,0,0,0,0,0,0,0,0,0,0,0,0,0,0,0,0,77,0,OK
12时29分28秒,44/79 静置,602.54,0.1,60.02,594.33,0.11,67.91,601.25,0.07,39.93,601.69,0.07,44.66,77,63.5,60,599.2,-0.6,599.8,-0.5,600.1,0,600.4,51.4,0,0,0,0,0,0,0,0,231,232.6,228.8,1.2,1.2,1.3,0,0,0,0,0,0,0,0,0,0,0,0,0,0,0,0,0,77,0,OK
12时29分33秒,44/79 静置,602.54,0.1,60.02,594.33,0.11,67.91,601.25,0.07,39.93,601.69,0.07,44.66,77,63.5,60,599.2,-0.6,599.8,-0.5,600.1,0,600.4,51.4,0,0,0,0,0,0,0,0,231,232.6,228.8,1.2,1.2,1.3,0,0,0,0,0,0,0,0,0,0,0,0,0,0,0,0,0,77,0,OK
12时29分38秒,44/79 静置,602.54,0.1,60.02,594.33,0.11,67.91,601.25,0.07,39.93,601.69,0.07,44.66,77,63.5,60,599.2,-0.6,599.8,-0.5,600.1,0,600.4,51.4,0,0,0,0,0,0,0,0,231,232.6,228.8,1.2,1.2,1.3,0,0,0,0,0,0,0,0,0,0,0,0,0,0,0,0,0,77,0,OK
12时29分43秒,44/79 静置,602.54,0.1,60.02,594.33,0.11,67.91,601.25,0.07,39.93,601.69,0.07,44.66,77,63.5,60,599.2,-0.6,599.8,-0.5,600.1,0,600.4,51.4,0,0,0,0,0,0,0,0,231,232.6,228.8,1.2,1.2,1.3,0,0,0,0,0,0,0,0,0,0,0,0,0,0,0,0,0,77,0,OK
12时29分48秒,44/79 静置,602.54,0.1,60.02,594.33,0.11,67.91,601.25,0.07,39.93,601.69,0.07,44.66,77,63.5,60,599.2,-0.6,599.8,-0.5,600.1,0,600.4,51.4,0,0,0,0,0,0,0,0,231,232.6,228.8,1.2,1.2,1.3,0,0,0,0,0,0,0,0,0,0,0,0,0,0,0,0,0,77,0,OK
12时29分53秒,44/79 静置,602.54,0.1,60.02,594.33,0.11,67.91,601.25,0.07,39.93,601.69,0.07,44.66,77,63.5,60,599.2,-0.6,599.8,-0.5,600.1,0,600.4,51.4,0,0,0,0,0,0,0,0,231,232.6,228.8,1.2,1.2,1.3,0,0,0,0,0,0,0,0,0,0,0,0,0,0,0,0,0,77,0,OK
12时29分58秒,44/79 静置,602.54,0.1,60.02,594.33,0.11,67.91,601.25,0.07,39.93,601.69,0.07,44.66,77,63.5,60,599.2,-0.6,599.8,-0.5,600.1,0,600.4,51.4,0,0,0,0,0,0,0,0,231,232.6,228.8,1.2,1.2,1.3,0,0,0,0,0,0,0,0,0,0,0,0,0,0,0,0,0,77,0,OK
12时30分03秒,44/79 静置,602.54,0.1,60.02,594.33,0.11,67.91,601.25,0.07,39.93,601.69,0.07,44.66,77,63.5,60,599.2,-0.6,599.8,-0.5,600.1,0,600.4,51.4,0,0,0,0,0,0,0,0,231,232.6,228.8,1.2,1.2,1.3,0,0,0,0,0,0,0,0,0,0,0,0,0,0,0,0,0,77,0,OK
12时30分08秒,44/79 静置,602.54,0.1,60.02,594.33,0.11,67.91,601.25,0.07,39.93,601.69,0.07,44.66,77,63.5,60,599.2,-0.6,599.8,-0.5,600.1,0,600.4,51.4,0,0,0,0,0,0,0,0,231,232.6,228.8,1.2,1.2,1.3,0,0,0,0,0,0,0,0,0,0,0,0,0,0,0,0,0,77,0,OK
12时30分13秒,44/79 静置,602.54,0.1,60.02,594.33,0.11,67.91,601.25,0.07,39.93,601.69,0.07,44.66,77,63.5,60,599.2,-0.6,599.8,-0.5,600.1,0,600.4,51.4,0,0,0,0,0,0,0,0,231,232.6,228.8,1.2,1.2,1.3,0,0,0,0,0,0,0,0,0,0,0,0,0,0,0,0,0,77,0,OK
12时30分18秒,44/79 静置,602.54,0.1,60.02,594.33,0.11,67.91,601.25,0.07,39.93,601.69,0.07,44.66,77,63.5,60,599.2,-0.6,599.8,-0.5,600.1,0,600.4,51.4,0,0,0,0,0,0,0,0,231,232.6,228.8,1.2,1.2,1.3,0,0,0,0,0,0,0,0,0,0,0,0,0,0,0,0,0,77,0,OK
12时30分23秒,44/79 静置,602.54,0.1,60.02,594.33,0.11,67.91,601.25,0.07,39.93,601.69,0.07,44.66,77,63.5,60,599.2,-0.6,599.8,-0.5,600.1,0,600.4,51.4,0,0,0,0,0,0,0,0,231,232.6,228.8,1.2,1.2,1.3,0,0,0,0,0,0,0,0,0,0,0,0,0,0,0,0,0,77,0,NG
12时30分53秒,44/79 静置,,,,,,,,,,,,,,,,,,,,,,,,,,,,,,,,,,,,,,,,,,,,,,,,,,,,,,,0,0,Error
7:49:26.751  开始测试；,,,,,,,,,,,,,,,,,,,,,,,,,,,,,,,,,,,,,,,,,,,,,,,,,,,,,,,,,,
